"pais","ano_wdi","parcela_10_wdi","parcela_20_wdi","resultado","pesquisa_candidata","conceito_pip","ano_pesquisa_pip","parcela_10_pip","parcela_20_pip","periodo_comparavel_nacional_pip","versao_pip","coleta_pip","ultima_tentativa_pip","cache_pip","coleta_wdi","atualizacao_wdi","consulta_pip","cobertura_pip","nivel_pip","interpolacao_pip","tipo_estimativa_pip","tipo_distribuicao_pip","licenca"
"ALB","2002","25.3","8.4","consistent","LSMS","consumption","2002","25.34","8.37","2002 - 2012","20260922_2021_01_02_PROD","2026-10-10T15:05:43.529Z","2026-10-10T15:05:43.529Z","false","2026-10-10T15:05:42.520Z","2026-10-08","https://api.worldbank.org/pip/v1/pip?country=all&year=all&fill_gaps=false&reporting_level=national&welfare_type=all&version=20260922_2021_01_02_PROD&format=json","national","national","false","survey","micro","https://datacatalog.worldbank.org/int/public-licenses#cc-by"
"ALB","2005","24.3","8.4","consistent","LSMS","consumption","2005","24.33","8.43","2002 - 2012","20260922_2021_01_02_PROD","2026-10-10T15:05:43.529Z","2026-10-10T15:05:43.529Z","false","2026-10-10T15:05:42.520Z","2026-10-08","https://api.worldbank.org/pip/v1/pip?country=all&year=all&fill_gaps=false&reporting_level=national&welfare_type=all&version=20260922_2021_01_02_PROD&format=json","national","national","false","survey","micro","https://datacatalog.worldbank.org/int/public-licenses#cc-by"
"ALB","2008","24.4","8.9","consistent","LSMS","consumption","2008","24.44","8.88","2002 - 2012","20260922_2021_01_02_PROD","2026-10-10T15:05:43.529Z","2026-10-10T15:05:43.529Z","false","2026-10-10T15:05:42.520Z","2026-10-08","https://api.worldbank.org/pip/v1/pip?country=all&year=all&fill_gaps=false&reporting_level=national&welfare_type=all&version=20260922_2021_01_02_PROD&format=json","national","national","false","survey","micro","https://datacatalog.worldbank.org/int/public-licenses#cc-by"
"ALB","2012","22.9","8.9","precision-limited","LSMS","consumption","2012","22.93","8.85","2002 - 2012","20260922_2021_01_02_PROD","2026-10-10T15:05:43.529Z","2026-10-10T15:05:43.529Z","false","2026-10-10T15:05:42.520Z","2026-10-08","https://api.worldbank.org/pip/v1/pip?country=all&year=all&fill_gaps=false&reporting_level=national&welfare_type=all&version=20260922_2021_01_02_PROD&format=json","national","national","false","survey","micro","https://datacatalog.worldbank.org/int/public-licenses#cc-by"
"ALB","2014","25.5","7","consistent","HBS","consumption","2014","25.540000000000003","7.02","2014 - 2017","20260922_2021_01_02_PROD","2026-10-10T15:05:43.529Z","2026-10-10T15:05:43.529Z","false","2026-10-10T15:05:42.520Z","2026-10-08","https://api.worldbank.org/pip/v1/pip?country=all&year=all&fill_gaps=false&reporting_level=national&welfare_type=all&version=20260922_2021_01_02_PROD&format=json","national","national","false","survey","micro","https://datacatalog.worldbank.org/int/public-licenses#cc-by"
"ALB","2015","24.8","7.7","consistent","HBS","consumption","2015","24.77","7.7","2014 - 2017","20260922_2021_01_02_PROD","2026-10-10T15:05:43.529Z","2026-10-10T15:05:43.529Z","false","2026-10-10T15:05:42.520Z","2026-10-08","https://api.worldbank.org/pip/v1/pip?country=all&year=all&fill_gaps=false&reporting_level=national&welfare_type=all&version=20260922_2021_01_02_PROD&format=json","national","national","false","survey","micro","https://datacatalog.worldbank.org/int/public-licenses#cc-by"
"ALB","2016","25","7.3","precision-limited","HBS","consumption","2016","25.05","7.32","2014 - 2017","20260922_2021_01_02_PROD","2026-10-10T15:05:43.529Z","2026-10-10T15:05:43.529Z","false","2026-10-10T15:05:42.520Z","2026-10-08","https://api.worldbank.org/pip/v1/pip?country=all&year=all&fill_gaps=false&reporting_level=national&welfare_type=all&version=20260922_2021_01_02_PROD&format=json","national","national","false","survey","micro","https://datacatalog.worldbank.org/int/public-licenses#cc-by"
"ALB","2017","24.6","7.6","precision-limited","HBS","consumption","2017","24.610000000000003","7.55","2014 - 2017","20260922_2021_01_02_PROD","2026-10-10T15:05:43.529Z","2026-10-10T15:05:43.529Z","false","2026-10-10T15:05:42.520Z","2026-10-08","https://api.worldbank.org/pip/v1/pip?country=all&year=all&fill_gaps=false&reporting_level=national&welfare_type=all&version=20260922_2021_01_02_PROD&format=json","national","national","false","survey","micro","https://datacatalog.worldbank.org/int/public-licenses#cc-by"
"ALB","2018","22.7","7.9","precision-limited","HBS","consumption","2018","22.73","7.9399999999999995","2018 - 2020","20260922_2021_01_02_PROD","2026-10-10T15:05:43.529Z","2026-10-10T15:05:43.529Z","false","2026-10-10T15:05:42.520Z","2026-10-08","https://api.worldbank.org/pip/v1/pip?country=all&year=all&fill_gaps=false&reporting_level=national&welfare_type=all&version=20260922_2021_01_02_PROD&format=json","national","national","false","survey","micro","https://datacatalog.worldbank.org/int/public-licenses#cc-by"
"ALB","2019","23.6","8.5","consistent","HBS","consumption","2019","23.61","8.52","2018 - 2020","20260922_2021_01_02_PROD","2026-10-10T15:05:43.529Z","2026-10-10T15:05:43.529Z","false","2026-10-10T15:05:42.520Z","2026-10-08","https://api.worldbank.org/pip/v1/pip?country=all&year=all&fill_gaps=false&reporting_level=national&welfare_type=all&version=20260922_2021_01_02_PROD&format=json","national","national","false","survey","micro","https://datacatalog.worldbank.org/int/public-licenses#cc-by"
"ALB","2020","22.8","8.4","precision-limited","HBS","consumption","2020","22.759999999999998","8.45","2018 - 2020","20260922_2021_01_02_PROD","2026-10-10T15:05:43.529Z","2026-10-10T15:05:43.529Z","false","2026-10-10T15:05:42.520Z","2026-10-08","https://api.worldbank.org/pip/v1/pip?country=all&year=all&fill_gaps=false&reporting_level=national&welfare_type=all&version=20260922_2021_01_02_PROD&format=json","national","national","false","survey","micro","https://datacatalog.worldbank.org/int/public-licenses#cc-by"
"DZA","2011","22.9","9.4","precision-limited","ENCNVM","consumption","2011.17","22.86","9.36","2011","20260922_2021_01_02_PROD","2026-10-10T15:05:43.529Z","2026-10-10T15:05:43.529Z","false","2026-10-10T15:05:42.520Z","2026-10-08","https://api.worldbank.org/pip/v1/pip?country=all&year=all&fill_gaps=false&reporting_level=national&welfare_type=all&version=20260922_2021_01_02_PROD&format=json","national","national","false","survey","group","https://datacatalog.worldbank.org/int/public-licenses#cc-by"
"AGO","2000","40.2","3.2","consistent","HBS","consumption","2000.21","40.17","3.19","2000","20260922_2021_01_02_PROD","2026-10-10T15:05:43.529Z","2026-10-10T15:05:43.529Z","false","2026-10-10T15:05:42.520Z","2026-10-08","https://api.worldbank.org/pip/v1/pip?country=all&year=all&fill_gaps=false&reporting_level=national&welfare_type=all&version=20260922_2021_01_02_PROD&format=json","national","national","false","survey","micro","https://datacatalog.worldbank.org/int/public-licenses#cc-by"
"AGO","2008","32.3","5.4","consistent","IBEP-MICS","consumption","2008.5","32.300000000000004","5.43","2008","20260922_2021_01_02_PROD","2026-10-10T15:05:43.529Z","2026-10-10T15:05:43.529Z","false","2026-10-10T15:05:42.520Z","2026-10-08","https://api.worldbank.org/pip/v1/pip?country=all&year=all&fill_gaps=false&reporting_level=national&welfare_type=all&version=20260922_2021_01_02_PROD&format=json","national","national","false","survey","micro","https://datacatalog.worldbank.org/int/public-licenses#cc-by"
"AGO","2018","39.6","3.8","precision-limited","IDREA","consumption","2018.17","39.62","3.7599999999999993","2018","20260922_2021_01_02_PROD","2026-10-10T15:05:43.529Z","2026-10-10T15:05:43.529Z","false","2026-10-10T15:05:42.520Z","2026-10-08","https://api.worldbank.org/pip/v1/pip?country=all&year=all&fill_gaps=false&reporting_level=national&welfare_type=all&version=20260922_2021_01_02_PROD&format=json","national","national","false","survey","micro","https://datacatalog.worldbank.org/int/public-licenses#cc-by"
"ARG","2000","37.7","3.2","unavailable","","","","","","","20260922_2021_01_02_PROD","2026-10-10T15:05:43.529Z","2026-10-10T15:05:43.529Z","false","2026-10-10T15:05:42.520Z","2026-10-08","https://api.worldbank.org/pip/v1/pip?country=all&year=all&fill_gaps=false&reporting_level=national&welfare_type=all&version=20260922_2021_01_02_PROD&format=json","","","","","","https://datacatalog.worldbank.org/int/public-licenses#cc-by"
"ARG","2001","39.5","2.6","unavailable","","","","","","","20260922_2021_01_02_PROD","2026-10-10T15:05:43.529Z","2026-10-10T15:05:43.529Z","false","2026-10-10T15:05:42.520Z","2026-10-08","https://api.worldbank.org/pip/v1/pip?country=all&year=all&fill_gaps=false&reporting_level=national&welfare_type=all&version=20260922_2021_01_02_PROD&format=json","","","","","","https://datacatalog.worldbank.org/int/public-licenses#cc-by"
"ARG","2002","40.5","2.8","unavailable","","","","","","","20260922_2021_01_02_PROD","2026-10-10T15:05:43.529Z","2026-10-10T15:05:43.529Z","false","2026-10-10T15:05:42.520Z","2026-10-08","https://api.worldbank.org/pip/v1/pip?country=all&year=all&fill_gaps=false&reporting_level=national&welfare_type=all&version=20260922_2021_01_02_PROD&format=json","","","","","","https://datacatalog.worldbank.org/int/public-licenses#cc-by"
"ARG","2003","37.7","3.3","unavailable","","","","","","","20260922_2021_01_02_PROD","2026-10-10T15:05:43.529Z","2026-10-10T15:05:43.529Z","false","2026-10-10T15:05:42.520Z","2026-10-08","https://api.worldbank.org/pip/v1/pip?country=all&year=all&fill_gaps=false&reporting_level=national&welfare_type=all&version=20260922_2021_01_02_PROD&format=json","","","","","","https://datacatalog.worldbank.org/int/public-licenses#cc-by"
"ARG","2004","35.3","3.6","unavailable","","","","","","","20260922_2021_01_02_PROD","2026-10-10T15:05:43.529Z","2026-10-10T15:05:43.529Z","false","2026-10-10T15:05:42.520Z","2026-10-08","https://api.worldbank.org/pip/v1/pip?country=all&year=all&fill_gaps=false&reporting_level=national&welfare_type=all&version=20260922_2021_01_02_PROD&format=json","","","","","","https://datacatalog.worldbank.org/int/public-licenses#cc-by"
"ARG","2005","35","3.7","unavailable","","","","","","","20260922_2021_01_02_PROD","2026-10-10T15:05:43.529Z","2026-10-10T15:05:43.529Z","false","2026-10-10T15:05:42.520Z","2026-10-08","https://api.worldbank.org/pip/v1/pip?country=all&year=all&fill_gaps=false&reporting_level=national&welfare_type=all&version=20260922_2021_01_02_PROD&format=json","","","","","","https://datacatalog.worldbank.org/int/public-licenses#cc-by"
"ARG","2006","33.8","3.9","unavailable","","","","","","","20260922_2021_01_02_PROD","2026-10-10T15:05:43.529Z","2026-10-10T15:05:43.529Z","false","2026-10-10T15:05:42.520Z","2026-10-08","https://api.worldbank.org/pip/v1/pip?country=all&year=all&fill_gaps=false&reporting_level=national&welfare_type=all&version=20260922_2021_01_02_PROD&format=json","","","","","","https://datacatalog.worldbank.org/int/public-licenses#cc-by"
"ARG","2007","33.7","4.1","unavailable","","","","","","","20260922_2021_01_02_PROD","2026-10-10T15:05:43.529Z","2026-10-10T15:05:43.529Z","false","2026-10-10T15:05:42.520Z","2026-10-08","https://api.worldbank.org/pip/v1/pip?country=all&year=all&fill_gaps=false&reporting_level=national&welfare_type=all&version=20260922_2021_01_02_PROD&format=json","","","","","","https://datacatalog.worldbank.org/int/public-licenses#cc-by"
"ARG","2008","32.5","4.2","unavailable","","","","","","","20260922_2021_01_02_PROD","2026-10-10T15:05:43.529Z","2026-10-10T15:05:43.529Z","false","2026-10-10T15:05:42.520Z","2026-10-08","https://api.worldbank.org/pip/v1/pip?country=all&year=all&fill_gaps=false&reporting_level=national&welfare_type=all&version=20260922_2021_01_02_PROD&format=json","","","","","","https://datacatalog.worldbank.org/int/public-licenses#cc-by"
"ARG","2009","31.3","4.3","unavailable","","","","","","","20260922_2021_01_02_PROD","2026-10-10T15:05:43.529Z","2026-10-10T15:05:43.529Z","false","2026-10-10T15:05:42.520Z","2026-10-08","https://api.worldbank.org/pip/v1/pip?country=all&year=all&fill_gaps=false&reporting_level=national&welfare_type=all&version=20260922_2021_01_02_PROD&format=json","","","","","","https://datacatalog.worldbank.org/int/public-licenses#cc-by"
"ARG","2010","31.8","4.5","unavailable","","","","","","","20260922_2021_01_02_PROD","2026-10-10T15:05:43.529Z","2026-10-10T15:05:43.529Z","false","2026-10-10T15:05:42.520Z","2026-10-08","https://api.worldbank.org/pip/v1/pip?country=all&year=all&fill_gaps=false&reporting_level=national&welfare_type=all&version=20260922_2021_01_02_PROD&format=json","","","","","","https://datacatalog.worldbank.org/int/public-licenses#cc-by"
"ARG","2011","31","4.8","unavailable","","","","","","","20260922_2021_01_02_PROD","2026-10-10T15:05:43.529Z","2026-10-10T15:05:43.529Z","false","2026-10-10T15:05:42.520Z","2026-10-08","https://api.worldbank.org/pip/v1/pip?country=all&year=all&fill_gaps=false&reporting_level=national&welfare_type=all&version=20260922_2021_01_02_PROD&format=json","","","","","","https://datacatalog.worldbank.org/int/public-licenses#cc-by"
"ARG","2012","29.8","5","unavailable","","","","","","","20260922_2021_01_02_PROD","2026-10-10T15:05:43.529Z","2026-10-10T15:05:43.529Z","false","2026-10-10T15:05:42.520Z","2026-10-08","https://api.worldbank.org/pip/v1/pip?country=all&year=all&fill_gaps=false&reporting_level=national&welfare_type=all&version=20260922_2021_01_02_PROD&format=json","","","","","","https://datacatalog.worldbank.org/int/public-licenses#cc-by"
"ARG","2013","29.5","5","unavailable","","","","","","","20260922_2021_01_02_PROD","2026-10-10T15:05:43.529Z","2026-10-10T15:05:43.529Z","false","2026-10-10T15:05:42.520Z","2026-10-08","https://api.worldbank.org/pip/v1/pip?country=all&year=all&fill_gaps=false&reporting_level=national&welfare_type=all&version=20260922_2021_01_02_PROD&format=json","","","","","","https://datacatalog.worldbank.org/int/public-licenses#cc-by"
"ARG","2014","30.1","5","unavailable","","","","","","","20260922_2021_01_02_PROD","2026-10-10T15:05:43.529Z","2026-10-10T15:05:43.529Z","false","2026-10-10T15:05:42.520Z","2026-10-08","https://api.worldbank.org/pip/v1/pip?country=all&year=all&fill_gaps=false&reporting_level=national&welfare_type=all&version=20260922_2021_01_02_PROD&format=json","","","","","","https://datacatalog.worldbank.org/int/public-licenses#cc-by"
"ARG","2016","30.7","4.9","unavailable","","","","","","","20260922_2021_01_02_PROD","2026-10-10T15:05:43.529Z","2026-10-10T15:05:43.529Z","false","2026-10-10T15:05:42.520Z","2026-10-08","https://api.worldbank.org/pip/v1/pip?country=all&year=all&fill_gaps=false&reporting_level=national&welfare_type=all&version=20260922_2021_01_02_PROD&format=json","","","","","","https://datacatalog.worldbank.org/int/public-licenses#cc-by"
"ARG","2017","30","5","unavailable","","","","","","","20260922_2021_01_02_PROD","2026-10-10T15:05:43.529Z","2026-10-10T15:05:43.529Z","false","2026-10-10T15:05:42.520Z","2026-10-08","https://api.worldbank.org/pip/v1/pip?country=all&year=all&fill_gaps=false&reporting_level=national&welfare_type=all&version=20260922_2021_01_02_PROD&format=json","","","","","","https://datacatalog.worldbank.org/int/public-licenses#cc-by"
"ARG","2018","30.1","4.9","unavailable","","","","","","","20260922_2021_01_02_PROD","2026-10-10T15:05:43.529Z","2026-10-10T15:05:43.529Z","false","2026-10-10T15:05:42.520Z","2026-10-08","https://api.worldbank.org/pip/v1/pip?country=all&year=all&fill_gaps=false&reporting_level=national&welfare_type=all&version=20260922_2021_01_02_PROD&format=json","","","","","","https://datacatalog.worldbank.org/int/public-licenses#cc-by"
"ARG","2019","31.3","4.6","unavailable","","","","","","","20260922_2021_01_02_PROD","2026-10-10T15:05:43.529Z","2026-10-10T15:05:43.529Z","false","2026-10-10T15:05:42.520Z","2026-10-08","https://api.worldbank.org/pip/v1/pip?country=all&year=all&fill_gaps=false&reporting_level=national&welfare_type=all&version=20260922_2021_01_02_PROD&format=json","","","","","","https://datacatalog.worldbank.org/int/public-licenses#cc-by"
"ARG","2020","30.6","4.7","unavailable","","","","","","","20260922_2021_01_02_PROD","2026-10-10T15:05:43.529Z","2026-10-10T15:05:43.529Z","false","2026-10-10T15:05:42.520Z","2026-10-08","https://api.worldbank.org/pip/v1/pip?country=all&year=all&fill_gaps=false&reporting_level=national&welfare_type=all&version=20260922_2021_01_02_PROD&format=json","","","","","","https://datacatalog.worldbank.org/int/public-licenses#cc-by"
"ARG","2021","31.2","5","unavailable","","","","","","","20260922_2021_01_02_PROD","2026-10-10T15:05:43.529Z","2026-10-10T15:05:43.529Z","false","2026-10-10T15:05:42.520Z","2026-10-08","https://api.worldbank.org/pip/v1/pip?country=all&year=all&fill_gaps=false&reporting_level=national&welfare_type=all&version=20260922_2021_01_02_PROD&format=json","","","","","","https://datacatalog.worldbank.org/int/public-licenses#cc-by"
"ARG","2022","29.8","5.4","unavailable","","","","","","","20260922_2021_01_02_PROD","2026-10-10T15:05:43.529Z","2026-10-10T15:05:43.529Z","false","2026-10-10T15:05:42.520Z","2026-10-08","https://api.worldbank.org/pip/v1/pip?country=all&year=all&fill_gaps=false&reporting_level=national&welfare_type=all&version=20260922_2021_01_02_PROD&format=json","","","","","","https://datacatalog.worldbank.org/int/public-licenses#cc-by"
"ARG","2023","31","5.1","unavailable","","","","","","","20260922_2021_01_02_PROD","2026-10-10T15:05:43.529Z","2026-10-10T15:05:43.529Z","false","2026-10-10T15:05:42.520Z","2026-10-08","https://api.worldbank.org/pip/v1/pip?country=all&year=all&fill_gaps=false&reporting_level=national&welfare_type=all&version=20260922_2021_01_02_PROD&format=json","","","","","","https://datacatalog.worldbank.org/int/public-licenses#cc-by"
"ARG","2024","31.2","5.1","unavailable","","","","","","","20260922_2021_01_02_PROD","2026-10-10T15:05:43.529Z","2026-10-10T15:05:43.529Z","false","2026-10-10T15:05:42.520Z","2026-10-08","https://api.worldbank.org/pip/v1/pip?country=all&year=all&fill_gaps=false&reporting_level=national&welfare_type=all&version=20260922_2021_01_02_PROD&format=json","","","","","","https://datacatalog.worldbank.org/int/public-licenses#cc-by"
"ARM","2001","29.1","7.7","precision-limited","ILCS","consumption","2001","29.049999999999997","7.739999999999999","1999 - 2018","20260922_2021_01_02_PROD","2026-10-10T15:05:43.529Z","2026-10-10T15:05:43.529Z","false","2026-10-10T15:05:42.520Z","2026-10-08","https://api.worldbank.org/pip/v1/pip?country=all&year=all&fill_gaps=false&reporting_level=national&welfare_type=all&version=20260922_2021_01_02_PROD&format=json","national","national","false","survey","micro","https://datacatalog.worldbank.org/int/public-licenses#cc-by"
"ARM","2002","29","8","precision-limited","ILCS","consumption","2002","28.999999999999996","8.05","1999 - 2018","20260922_2021_01_02_PROD","2026-10-10T15:05:43.529Z","2026-10-10T15:05:43.529Z","false","2026-10-10T15:05:42.520Z","2026-10-08","https://api.worldbank.org/pip/v1/pip?country=all&year=all&fill_gaps=false&reporting_level=national&welfare_type=all&version=20260922_2021_01_02_PROD&format=json","national","national","false","survey","micro","https://datacatalog.worldbank.org/int/public-licenses#cc-by"
"ARM","2003","28.2","8.7","consistent","ILCS","consumption","2003","28.199999999999996","8.67","1999 - 2018","20260922_2021_01_02_PROD","2026-10-10T15:05:43.529Z","2026-10-10T15:05:43.529Z","false","2026-10-10T15:05:42.520Z","2026-10-08","https://api.worldbank.org/pip/v1/pip?country=all&year=all&fill_gaps=false&reporting_level=national&welfare_type=all&version=20260922_2021_01_02_PROD&format=json","national","national","false","survey","micro","https://datacatalog.worldbank.org/int/public-licenses#cc-by"
"ARM","2004","31.7","7.6","consistent","ILCS","consumption","2004","31.680000000000003","7.59","1999 - 2018","20260922_2021_01_02_PROD","2026-10-10T15:05:43.529Z","2026-10-10T15:05:43.529Z","false","2026-10-10T15:05:42.520Z","2026-10-08","https://api.worldbank.org/pip/v1/pip?country=all&year=all&fill_gaps=false&reporting_level=national&welfare_type=all&version=20260922_2021_01_02_PROD&format=json","national","national","false","survey","micro","https://datacatalog.worldbank.org/int/public-licenses#cc-by"
"ARM","2005","30.8","8.1","precision-limited","ILCS","consumption","2005","30.769999999999996","8.05","1999 - 2018","20260922_2021_01_02_PROD","2026-10-10T15:05:43.529Z","2026-10-10T15:05:43.529Z","false","2026-10-10T15:05:42.520Z","2026-10-08","https://api.worldbank.org/pip/v1/pip?country=all&year=all&fill_gaps=false&reporting_level=national&welfare_type=all&version=20260922_2021_01_02_PROD&format=json","national","national","false","survey","micro","https://datacatalog.worldbank.org/int/public-licenses#cc-by"
"ARM","2006","24.4","8.9","precision-limited","ILCS","consumption","2006","24.45","8.93","1999 - 2018","20260922_2021_01_02_PROD","2026-10-10T15:05:43.529Z","2026-10-10T15:05:43.529Z","false","2026-10-10T15:05:42.520Z","2026-10-08","https://api.worldbank.org/pip/v1/pip?country=all&year=all&fill_gaps=false&reporting_level=national&welfare_type=all&version=20260922_2021_01_02_PROD&format=json","national","national","false","survey","micro","https://datacatalog.worldbank.org/int/public-licenses#cc-by"
"ARM","2007","25.1","8.4","consistent","ILCS","consumption","2007","25.11","8.399999999999999","1999 - 2018","20260922_2021_01_02_PROD","2026-10-10T15:05:43.529Z","2026-10-10T15:05:43.529Z","false","2026-10-10T15:05:42.520Z","2026-10-08","https://api.worldbank.org/pip/v1/pip?country=all&year=all&fill_gaps=false&reporting_level=national&welfare_type=all&version=20260922_2021_01_02_PROD&format=json","national","national","false","survey","micro","https://datacatalog.worldbank.org/int/public-licenses#cc-by"
"ARM","2008","23.7","9.1","consistent","ILCS","consumption","2008","23.669999999999998","9.120000000000001","1999 - 2018","20260922_2021_01_02_PROD","2026-10-10T15:05:43.529Z","2026-10-10T15:05:43.529Z","false","2026-10-10T15:05:42.520Z","2026-10-08","https://api.worldbank.org/pip/v1/pip?country=all&year=all&fill_gaps=false&reporting_level=national&welfare_type=all&version=20260922_2021_01_02_PROD&format=json","national","national","false","survey","micro","https://datacatalog.worldbank.org/int/public-licenses#cc-by"
"ARM","2009","22.9","9.4","consistent","ILCS","consumption","2009","22.91","9.370000000000001","1999 - 2018","20260922_2021_01_02_PROD","2026-10-10T15:05:43.529Z","2026-10-10T15:05:43.529Z","false","2026-10-10T15:05:42.520Z","2026-10-08","https://api.worldbank.org/pip/v1/pip?country=all&year=all&fill_gaps=false&reporting_level=national&welfare_type=all&version=20260922_2021_01_02_PROD&format=json","national","national","false","survey","micro","https://datacatalog.worldbank.org/int/public-licenses#cc-by"
"ARM","2010","25","9.1","consistent","ILCS","consumption","2010","25.03","9.11","1999 - 2018","20260922_2021_01_02_PROD","2026-10-10T15:05:43.529Z","2026-10-10T15:05:43.529Z","false","2026-10-10T15:05:42.520Z","2026-10-08","https://api.worldbank.org/pip/v1/pip?country=all&year=all&fill_gaps=false&reporting_level=national&welfare_type=all&version=20260922_2021_01_02_PROD&format=json","national","national","false","survey","micro","https://datacatalog.worldbank.org/int/public-licenses#cc-by"
"ARM","2011","24","9","consistent","ILCS","consumption","2011","23.96","9.03","1999 - 2018","20260922_2021_01_02_PROD","2026-10-10T15:05:43.529Z","2026-10-10T15:05:43.529Z","false","2026-10-10T15:05:42.520Z","2026-10-08","https://api.worldbank.org/pip/v1/pip?country=all&year=all&fill_gaps=false&reporting_level=national&welfare_type=all&version=20260922_2021_01_02_PROD&format=json","national","national","false","survey","micro","https://datacatalog.worldbank.org/int/public-licenses#cc-by"
"ARM","2012","24.5","9","consistent","ILCS","consumption","2012","24.54","8.99","1999 - 2018","20260922_2021_01_02_PROD","2026-10-10T15:05:43.529Z","2026-10-10T15:05:43.529Z","false","2026-10-10T15:05:42.520Z","2026-10-08","https://api.worldbank.org/pip/v1/pip?country=all&year=all&fill_gaps=false&reporting_level=national&welfare_type=all&version=20260922_2021_01_02_PROD&format=json","national","national","false","survey","micro","https://datacatalog.worldbank.org/int/public-licenses#cc-by"
"ARM","2013","24.7","8.6","consistent","ILCS","consumption","2013","24.68","8.63","1999 - 2018","20260922_2021_01_02_PROD","2026-10-10T15:05:43.529Z","2026-10-10T15:05:43.529Z","false","2026-10-10T15:05:42.520Z","2026-10-08","https://api.worldbank.org/pip/v1/pip?country=all&year=all&fill_gaps=false&reporting_level=national&welfare_type=all&version=20260922_2021_01_02_PROD&format=json","national","national","false","survey","micro","https://datacatalog.worldbank.org/int/public-licenses#cc-by"
"ARM","2014","25.7","8.5","precision-limited","ILCS","consumption","2014","25.740000000000002","8.46","1999 - 2018","20260922_2021_01_02_PROD","2026-10-10T15:05:43.529Z","2026-10-10T15:05:43.529Z","false","2026-10-10T15:05:42.520Z","2026-10-08","https://api.worldbank.org/pip/v1/pip?country=all&year=all&fill_gaps=false&reporting_level=national&welfare_type=all&version=20260922_2021_01_02_PROD&format=json","national","national","false","survey","micro","https://datacatalog.worldbank.org/int/public-licenses#cc-by"
"ARM","2015","26.7","8.2","consistent","ILCS","consumption","2015","26.729999999999997","8.219999999999999","1999 - 2018","20260922_2021_01_02_PROD","2026-10-10T15:05:43.529Z","2026-10-10T15:05:43.529Z","false","2026-10-10T15:05:42.520Z","2026-10-08","https://api.worldbank.org/pip/v1/pip?country=all&year=all&fill_gaps=false&reporting_level=national&welfare_type=all&version=20260922_2021_01_02_PROD&format=json","national","national","false","survey","micro","https://datacatalog.worldbank.org/int/public-licenses#cc-by"
"ARM","2016","25.3","7.9","precision-limited","ILCS","consumption","2016","25.27","7.86","1999 - 2018","20260922_2021_01_02_PROD","2026-10-10T15:05:43.529Z","2026-10-10T15:05:43.529Z","false","2026-10-10T15:05:42.520Z","2026-10-08","https://api.worldbank.org/pip/v1/pip?country=all&year=all&fill_gaps=false&reporting_level=national&welfare_type=all&version=20260922_2021_01_02_PROD&format=json","national","national","false","survey","micro","https://datacatalog.worldbank.org/int/public-licenses#cc-by"
"ARM","2017","28.4","8.4","consistent","ILCS","consumption","2017","28.37","8.38","1999 - 2018","20260922_2021_01_02_PROD","2026-10-10T15:05:43.529Z","2026-10-10T15:05:43.529Z","false","2026-10-10T15:05:42.520Z","2026-10-08","https://api.worldbank.org/pip/v1/pip?country=all&year=all&fill_gaps=false&reporting_level=national&welfare_type=all&version=20260922_2021_01_02_PROD&format=json","national","national","false","survey","micro","https://datacatalog.worldbank.org/int/public-licenses#cc-by"
"ARM","2018","29.2","8.1","consistent","ILCS","consumption","2018","29.2","8.110000000000001","1999 - 2018","20260922_2021_01_02_PROD","2026-10-10T15:05:43.529Z","2026-10-10T15:05:43.529Z","false","2026-10-10T15:05:42.520Z","2026-10-08","https://api.worldbank.org/pip/v1/pip?country=all&year=all&fill_gaps=false&reporting_level=national&welfare_type=all&version=20260922_2021_01_02_PROD&format=json","national","national","false","survey","micro","https://datacatalog.worldbank.org/int/public-licenses#cc-by"
"ARM","2019","25.2","8.9","precision-limited","ILCS","consumption","2019","25.230000000000004","8.940000000000001","2019 - 2024","20260922_2021_01_02_PROD","2026-10-10T15:05:43.529Z","2026-10-10T15:05:43.529Z","false","2026-10-10T15:05:42.520Z","2026-10-08","https://api.worldbank.org/pip/v1/pip?country=all&year=all&fill_gaps=false&reporting_level=national&welfare_type=all&version=20260922_2021_01_02_PROD&format=json","national","national","false","survey","micro","https://datacatalog.worldbank.org/int/public-licenses#cc-by"
"ARM","2020","21.5","10.2","precision-limited","ILCS","consumption","2020","21.45","10.23","2019 - 2024","20260922_2021_01_02_PROD","2026-10-10T15:05:43.529Z","2026-10-10T15:05:43.529Z","false","2026-10-10T15:05:42.520Z","2026-10-08","https://api.worldbank.org/pip/v1/pip?country=all&year=all&fill_gaps=false&reporting_level=national&welfare_type=all&version=20260922_2021_01_02_PROD&format=json","national","national","false","survey","micro","https://datacatalog.worldbank.org/int/public-licenses#cc-by"
"ARM","2021","23.6","9.4","precision-limited","ILCS","consumption","2021","23.549999999999997","9.43","2019 - 2024","20260922_2021_01_02_PROD","2026-10-10T15:05:43.529Z","2026-10-10T15:05:43.529Z","false","2026-10-10T15:05:42.520Z","2026-10-08","https://api.worldbank.org/pip/v1/pip?country=all&year=all&fill_gaps=false&reporting_level=national&welfare_type=all&version=20260922_2021_01_02_PROD&format=json","national","national","false","survey","micro","https://datacatalog.worldbank.org/int/public-licenses#cc-by"
"ARM","2022","23","9.2","consistent","ILCS","consumption","2022","22.99","9.2","2022 - 2023","20260922_2021_01_02_PROD","2026-10-10T15:05:43.529Z","2026-10-10T15:05:43.529Z","false","2026-10-10T15:05:42.520Z","2026-10-08","https://api.worldbank.org/pip/v1/pip?country=all&year=all&fill_gaps=false&reporting_level=national&welfare_type=all&version=20260922_2021_01_02_PROD&format=json","national","national","false","survey","micro","https://datacatalog.worldbank.org/int/public-licenses#cc-by"
"ARM","2023","22.9","9.5","precision-limited","ILCS","consumption","2023","22.88","9.54","2022 - 2023","20260922_2021_01_02_PROD","2026-10-10T15:05:43.529Z","2026-10-10T15:05:43.529Z","false","2026-10-10T15:05:42.520Z","2026-10-08","https://api.worldbank.org/pip/v1/pip?country=all&year=all&fill_gaps=false&reporting_level=national&welfare_type=all&version=20260922_2021_01_02_PROD&format=json","national","national","false","survey","micro","https://datacatalog.worldbank.org/int/public-licenses#cc-by"
"ARM","2024","23.3","9.6","precision-limited","ILCS","consumption","2024","23.34","9.55","2019 - 2024","20260922_2021_01_02_PROD","2026-10-10T15:05:43.529Z","2026-10-10T15:05:43.529Z","false","2026-10-10T15:05:42.520Z","2026-10-08","https://api.worldbank.org/pip/v1/pip?country=all&year=all&fill_gaps=false&reporting_level=national&welfare_type=all&version=20260922_2021_01_02_PROD&format=json","national","national","false","survey","micro","https://datacatalog.worldbank.org/int/public-licenses#cc-by"
"AUS","2001","25.1","7.4","consistent","SIH-LIS","income","2001","25.09","7.380000000000001","1995 - 2020","20260922_2021_01_02_PROD","2026-10-10T15:05:43.529Z","2026-10-10T15:05:43.529Z","false","2026-10-10T15:05:42.520Z","2026-10-08","https://api.worldbank.org/pip/v1/pip?country=all&year=all&fill_gaps=false&reporting_level=national&welfare_type=all&version=20260922_2021_01_02_PROD&format=json","national","national","false","survey","micro","https://datacatalog.worldbank.org/int/public-licenses#cc-by"
"AUS","2003","25.1","7.4","precision-limited","SIH-LIS","income","2003","25.11","7.359999999999999","1995 - 2020","20260922_2021_01_02_PROD","2026-10-10T15:05:43.529Z","2026-10-10T15:05:43.529Z","false","2026-10-10T15:05:42.520Z","2026-10-08","https://api.worldbank.org/pip/v1/pip?country=all&year=all&fill_gaps=false&reporting_level=national&welfare_type=all&version=20260922_2021_01_02_PROD&format=json","national","national","false","survey","micro","https://datacatalog.worldbank.org/int/public-licenses#cc-by"
"AUS","2004","25.3","7.7","precision-limited","SIH-HES-LIS","income","2004","25.35","7.71","1995 - 2020","20260922_2021_01_02_PROD","2026-10-10T15:05:43.529Z","2026-10-10T15:05:43.529Z","false","2026-10-10T15:05:42.520Z","2026-10-08","https://api.worldbank.org/pip/v1/pip?country=all&year=all&fill_gaps=false&reporting_level=national&welfare_type=all&version=20260922_2021_01_02_PROD&format=json","national","national","false","survey","micro","https://datacatalog.worldbank.org/int/public-licenses#cc-by"
"AUS","2008","27.4","7.2","consistent","SIH-LIS","income","2008","27.42","7.23","1995 - 2020","20260922_2021_01_02_PROD","2026-10-10T15:05:43.529Z","2026-10-10T15:05:43.529Z","false","2026-10-10T15:05:42.520Z","2026-10-08","https://api.worldbank.org/pip/v1/pip?country=all&year=all&fill_gaps=false&reporting_level=national&welfare_type=all&version=20260922_2021_01_02_PROD&format=json","national","national","false","survey","micro","https://datacatalog.worldbank.org/int/public-licenses#cc-by"
"AUS","2010","26.5","7.3","consistent","SIH-HES-LIS","income","2010","26.46","7.2700000000000005","1995 - 2020","20260922_2021_01_02_PROD","2026-10-10T15:05:43.529Z","2026-10-10T15:05:43.529Z","false","2026-10-10T15:05:42.520Z","2026-10-08","https://api.worldbank.org/pip/v1/pip?country=all&year=all&fill_gaps=false&reporting_level=national&welfare_type=all&version=20260922_2021_01_02_PROD&format=json","national","national","false","survey","micro","https://datacatalog.worldbank.org/int/public-licenses#cc-by"
"AUS","2014","27","7.4","precision-limited","SIH-LIS","income","2014","27.01","7.4399999999999995","1995 - 2020","20260922_2021_01_02_PROD","2026-10-10T15:05:43.529Z","2026-10-10T15:05:43.529Z","false","2026-10-10T15:05:42.520Z","2026-10-08","https://api.worldbank.org/pip/v1/pip?country=all&year=all&fill_gaps=false&reporting_level=national&welfare_type=all&version=20260922_2021_01_02_PROD&format=json","national","national","false","survey","micro","https://datacatalog.worldbank.org/int/public-licenses#cc-by"
"AUS","2016","25.8","7.4","consistent","SIH-HES-LIS","income","2016","25.83","7.41","1995 - 2020","20260922_2021_01_02_PROD","2026-10-10T15:05:43.529Z","2026-10-10T15:05:43.529Z","false","2026-10-10T15:05:42.520Z","2026-10-08","https://api.worldbank.org/pip/v1/pip?country=all&year=all&fill_gaps=false&reporting_level=national&welfare_type=all&version=20260922_2021_01_02_PROD&format=json","national","national","false","survey","micro","https://datacatalog.worldbank.org/int/public-licenses#cc-by"
"AUS","2018","26.6","7.3","consistent","SIH-LIS","income","2018","26.640000000000004","7.2700000000000005","1995 - 2020","20260922_2021_01_02_PROD","2026-10-10T15:05:43.529Z","2026-10-10T15:05:43.529Z","false","2026-10-10T15:05:42.520Z","2026-10-08","https://api.worldbank.org/pip/v1/pip?country=all&year=all&fill_gaps=false&reporting_level=national&welfare_type=all&version=20260922_2021_01_02_PROD&format=json","national","national","false","survey","micro","https://datacatalog.worldbank.org/int/public-licenses#cc-by"
"AUS","2020","25.9","7.2","consistent","SIH-LIS","income","2020","25.94","7.21","1995 - 2020","20260922_2021_01_02_PROD","2026-10-10T15:05:43.529Z","2026-10-10T15:05:43.529Z","false","2026-10-10T15:05:42.520Z","2026-10-08","https://api.worldbank.org/pip/v1/pip?country=all&year=all&fill_gaps=false&reporting_level=national&welfare_type=all&version=20260922_2021_01_02_PROD&format=json","national","national","false","survey","micro","https://datacatalog.worldbank.org/int/public-licenses#cc-by"
"AUT","2000","23","8.7","precision-limited","ECHP-LIS","income","2000","22.95","8.67","1994 - 2000","20260922_2021_01_02_PROD","2026-10-10T15:05:43.529Z","2026-10-10T15:05:43.529Z","false","2026-10-10T15:05:42.520Z","2026-10-08","https://api.worldbank.org/pip/v1/pip?country=all&year=all&fill_gaps=false&reporting_level=national&welfare_type=all&version=20260922_2021_01_02_PROD&format=json","national","national","false","survey","micro","https://datacatalog.worldbank.org/int/public-licenses#cc-by"
"AUT","2003","23.5","8.5","consistent","EU-SILC","income","2003","23.46","8.469999999999999","2003 - 2023","20260922_2021_01_02_PROD","2026-10-10T15:05:43.529Z","2026-10-10T15:05:43.529Z","false","2026-10-10T15:05:42.520Z","2026-10-08","https://api.worldbank.org/pip/v1/pip?country=all&year=all&fill_gaps=false&reporting_level=national&welfare_type=all&version=20260922_2021_01_02_PROD&format=json","national","national","false","survey","micro","https://datacatalog.worldbank.org/int/public-licenses#cc-by"
"AUT","2004","23.8","8.5","precision-limited","EU-SILC","income","2004","23.830000000000002","8.549999999999999","2003 - 2023","20260922_2021_01_02_PROD","2026-10-10T15:05:43.529Z","2026-10-10T15:05:43.529Z","false","2026-10-10T15:05:42.520Z","2026-10-08","https://api.worldbank.org/pip/v1/pip?country=all&year=all&fill_gaps=false&reporting_level=national&welfare_type=all&version=20260922_2021_01_02_PROD&format=json","national","national","false","survey","micro","https://datacatalog.worldbank.org/int/public-licenses#cc-by"
"AUT","2005","22.8","8.8","precision-limited","EU-SILC","income","2005","22.84","8.76","2003 - 2023","20260922_2021_01_02_PROD","2026-10-10T15:05:43.529Z","2026-10-10T15:05:43.529Z","false","2026-10-10T15:05:42.520Z","2026-10-08","https://api.worldbank.org/pip/v1/pip?country=all&year=all&fill_gaps=false&reporting_level=national&welfare_type=all&version=20260922_2021_01_02_PROD&format=json","national","national","false","survey","micro","https://datacatalog.worldbank.org/int/public-licenses#cc-by"
"AUT","2006","23.7","8.6","consistent","EU-SILC","income","2006","23.69","8.6","2003 - 2023","20260922_2021_01_02_PROD","2026-10-10T15:05:43.529Z","2026-10-10T15:05:43.529Z","false","2026-10-10T15:05:42.520Z","2026-10-08","https://api.worldbank.org/pip/v1/pip?country=all&year=all&fill_gaps=false&reporting_level=national&welfare_type=all&version=20260922_2021_01_02_PROD&format=json","national","national","false","survey","micro","https://datacatalog.worldbank.org/int/public-licenses#cc-by"
"AUT","2007","23.8","8","consistent","EU-SILC","income","2007","23.84","7.9799999999999995","2003 - 2023","20260922_2021_01_02_PROD","2026-10-10T15:05:43.529Z","2026-10-10T15:05:43.529Z","false","2026-10-10T15:05:42.520Z","2026-10-08","https://api.worldbank.org/pip/v1/pip?country=all&year=all&fill_gaps=false&reporting_level=national&welfare_type=all&version=20260922_2021_01_02_PROD&format=json","national","national","false","survey","micro","https://datacatalog.worldbank.org/int/public-licenses#cc-by"
"AUT","2008","24.1","8","consistent","EU-SILC","income","2008","24.09","7.99","2003 - 2023","20260922_2021_01_02_PROD","2026-10-10T15:05:43.529Z","2026-10-10T15:05:43.529Z","false","2026-10-10T15:05:42.520Z","2026-10-08","https://api.worldbank.org/pip/v1/pip?country=all&year=all&fill_gaps=false&reporting_level=national&welfare_type=all&version=20260922_2021_01_02_PROD&format=json","national","national","false","survey","micro","https://datacatalog.worldbank.org/int/public-licenses#cc-by"
"AUT","2009","24.7","7.7","consistent","EU-SILC","income","2009","24.68","7.669999999999999","2003 - 2023","20260922_2021_01_02_PROD","2026-10-10T15:05:43.529Z","2026-10-10T15:05:43.529Z","false","2026-10-10T15:05:42.520Z","2026-10-08","https://api.worldbank.org/pip/v1/pip?country=all&year=all&fill_gaps=false&reporting_level=national&welfare_type=all&version=20260922_2021_01_02_PROD&format=json","national","national","false","survey","micro","https://datacatalog.worldbank.org/int/public-licenses#cc-by"
"AUT","2010","23.6","8","precision-limited","EU-SILC","income","2010","23.56","8.04","2003 - 2023","20260922_2021_01_02_PROD","2026-10-10T15:05:43.529Z","2026-10-10T15:05:43.529Z","false","2026-10-10T15:05:42.520Z","2026-10-08","https://api.worldbank.org/pip/v1/pip?country=all&year=all&fill_gaps=false&reporting_level=national&welfare_type=all&version=20260922_2021_01_02_PROD&format=json","national","national","false","survey","micro","https://datacatalog.worldbank.org/int/public-licenses#cc-by"
"AUT","2011","23.7","7.8","precision-limited","EU-SILC","income","2011","23.68","7.84","2003 - 2023","20260922_2021_01_02_PROD","2026-10-10T15:05:43.529Z","2026-10-10T15:05:43.529Z","false","2026-10-10T15:05:42.520Z","2026-10-08","https://api.worldbank.org/pip/v1/pip?country=all&year=all&fill_gaps=false&reporting_level=national&welfare_type=all&version=20260922_2021_01_02_PROD&format=json","national","national","false","survey","micro","https://datacatalog.worldbank.org/int/public-licenses#cc-by"
"AUT","2012","23.4","7.8","consistent","EU-SILC","income","2012","23.44","7.8","2003 - 2023","20260922_2021_01_02_PROD","2026-10-10T15:05:43.529Z","2026-10-10T15:05:43.529Z","false","2026-10-10T15:05:42.520Z","2026-10-08","https://api.worldbank.org/pip/v1/pip?country=all&year=all&fill_gaps=false&reporting_level=national&welfare_type=all&version=20260922_2021_01_02_PROD&format=json","national","national","false","survey","micro","https://datacatalog.worldbank.org/int/public-licenses#cc-by"
"AUT","2013","24.3","8.1","consistent","EU-SILC","income","2013","24.279999999999998","8.110000000000001","2003 - 2023","20260922_2021_01_02_PROD","2026-10-10T15:05:43.529Z","2026-10-10T15:05:43.529Z","false","2026-10-10T15:05:42.520Z","2026-10-08","https://api.worldbank.org/pip/v1/pip?country=all&year=all&fill_gaps=false&reporting_level=national&welfare_type=all&version=20260922_2021_01_02_PROD&format=json","national","national","false","survey","micro","https://datacatalog.worldbank.org/int/public-licenses#cc-by"
"AUT","2014","24.1","8","precision-limited","EU-SILC","income","2014","24.05","8.04","2003 - 2023","20260922_2021_01_02_PROD","2026-10-10T15:05:43.529Z","2026-10-10T15:05:43.529Z","false","2026-10-10T15:05:42.520Z","2026-10-08","https://api.worldbank.org/pip/v1/pip?country=all&year=all&fill_gaps=false&reporting_level=national&welfare_type=all&version=20260922_2021_01_02_PROD&format=json","national","national","false","survey","micro","https://datacatalog.worldbank.org/int/public-licenses#cc-by"
"AUT","2015","23.8","7.9","consistent","EU-SILC","income","2015","23.84","7.869999999999999","2003 - 2023","20260922_2021_01_02_PROD","2026-10-10T15:05:43.529Z","2026-10-10T15:05:43.529Z","false","2026-10-10T15:05:42.520Z","2026-10-08","https://api.worldbank.org/pip/v1/pip?country=all&year=all&fill_gaps=false&reporting_level=national&welfare_type=all&version=20260922_2021_01_02_PROD&format=json","national","national","false","survey","micro","https://datacatalog.worldbank.org/int/public-licenses#cc-by"
"AUT","2016","23.8","7.7","consistent","EU-SILC","income","2016","23.84","7.73","2003 - 2023","20260922_2021_01_02_PROD","2026-10-10T15:05:43.529Z","2026-10-10T15:05:43.529Z","false","2026-10-10T15:05:42.520Z","2026-10-08","https://api.worldbank.org/pip/v1/pip?country=all&year=all&fill_gaps=false&reporting_level=national&welfare_type=all&version=20260922_2021_01_02_PROD&format=json","national","national","false","survey","micro","https://datacatalog.worldbank.org/int/public-licenses#cc-by"
"AUT","2017","23","8","precision-limited","EU-SILC","income","2017","22.99","8.04","2003 - 2023","20260922_2021_01_02_PROD","2026-10-10T15:05:43.529Z","2026-10-10T15:05:43.529Z","false","2026-10-10T15:05:42.520Z","2026-10-08","https://api.worldbank.org/pip/v1/pip?country=all&year=all&fill_gaps=false&reporting_level=national&welfare_type=all&version=20260922_2021_01_02_PROD&format=json","national","national","false","survey","micro","https://datacatalog.worldbank.org/int/public-licenses#cc-by"
"AUT","2018","23.9","7.9","consistent","EU-SILC","income","2018","23.91","7.869999999999999","2003 - 2023","20260922_2021_01_02_PROD","2026-10-10T15:05:43.529Z","2026-10-10T15:05:43.529Z","false","2026-10-10T15:05:42.520Z","2026-10-08","https://api.worldbank.org/pip/v1/pip?country=all&year=all&fill_gaps=false&reporting_level=national&welfare_type=all&version=20260922_2021_01_02_PROD&format=json","national","national","false","survey","micro","https://datacatalog.worldbank.org/int/public-licenses#cc-by"
"AUT","2019","23.2","7.9","consistent","EU-SILC","income","2019","23.200000000000003","7.89","2003 - 2023","20260922_2021_01_02_PROD","2026-10-10T15:05:43.529Z","2026-10-10T15:05:43.529Z","false","2026-10-10T15:05:42.520Z","2026-10-08","https://api.worldbank.org/pip/v1/pip?country=all&year=all&fill_gaps=false&reporting_level=national&welfare_type=all&version=20260922_2021_01_02_PROD&format=json","national","national","false","survey","micro","https://datacatalog.worldbank.org/int/public-licenses#cc-by"
"AUT","2020","23.1","7.9","consistent","EU-SILC","income","2020","23.1","7.920000000000001","2003 - 2023","20260922_2021_01_02_PROD","2026-10-10T15:05:43.529Z","2026-10-10T15:05:43.529Z","false","2026-10-10T15:05:42.520Z","2026-10-08","https://api.worldbank.org/pip/v1/pip?country=all&year=all&fill_gaps=false&reporting_level=national&welfare_type=all&version=20260922_2021_01_02_PROD&format=json","national","national","false","survey","micro","https://datacatalog.worldbank.org/int/public-licenses#cc-by"
"AUT","2021","23.8","7.7","consistent","EU-SILC","income","2021","23.78","7.669999999999999","2003 - 2023","20260922_2021_01_02_PROD","2026-10-10T15:05:43.529Z","2026-10-10T15:05:43.529Z","false","2026-10-10T15:05:42.520Z","2026-10-08","https://api.worldbank.org/pip/v1/pip?country=all&year=all&fill_gaps=false&reporting_level=national&welfare_type=all&version=20260922_2021_01_02_PROD&format=json","national","national","false","survey","micro","https://datacatalog.worldbank.org/int/public-licenses#cc-by"
"AUT","2022","24.6","7.8","precision-limited","EU-SILC","income","2022","24.55","7.76","2003 - 2023","20260922_2021_01_02_PROD","2026-10-10T15:05:43.529Z","2026-10-10T15:05:43.529Z","false","2026-10-10T15:05:42.520Z","2026-10-08","https://api.worldbank.org/pip/v1/pip?country=all&year=all&fill_gaps=false&reporting_level=national&welfare_type=all&version=20260922_2021_01_02_PROD&format=json","national","national","false","survey","micro","https://datacatalog.worldbank.org/int/public-licenses#cc-by"
"AUT","2023","24.8","7.7","consistent","EU-SILC","income","2023","24.77","7.73","2003 - 2023","20260922_2021_01_02_PROD","2026-10-10T15:05:43.529Z","2026-10-10T15:05:43.529Z","false","2026-10-10T15:05:42.520Z","2026-10-08","https://api.worldbank.org/pip/v1/pip?country=all&year=all&fill_gaps=false&reporting_level=national&welfare_type=all&version=20260922_2021_01_02_PROD&format=json","national","national","false","survey","micro","https://datacatalog.worldbank.org/int/public-licenses#cc-by"
"AZE","2001","29.5","7.4","precision-limited","HBS","consumption","2001","29.5","7.449999999999999","2001 - 2005","20260922_2021_01_02_PROD","2026-10-10T15:05:43.529Z","2026-10-10T15:05:43.529Z","false","2026-10-10T15:05:42.520Z","2026-10-08","https://api.worldbank.org/pip/v1/pip?country=all&year=all&fill_gaps=false&reporting_level=national&welfare_type=all&version=20260922_2021_01_02_PROD&format=json","national","national","false","survey","micro","https://datacatalog.worldbank.org/int/public-licenses#cc-by"
"AZE","2002","23.2","10.9","consistent","HBS","consumption","2002","23.18","10.930000000000001","2001 - 2005","20260922_2021_01_02_PROD","2026-10-10T15:05:43.529Z","2026-10-10T15:05:43.529Z","false","2026-10-10T15:05:42.520Z","2026-10-08","https://api.worldbank.org/pip/v1/pip?country=all&year=all&fill_gaps=false&reporting_level=national&welfare_type=all&version=20260922_2021_01_02_PROD&format=json","national","national","false","survey","micro","https://datacatalog.worldbank.org/int/public-licenses#cc-by"
"AZE","2003","23.6","10.2","consistent","HBS","consumption","2003","23.580000000000002","10.2","2001 - 2005","20260922_2021_01_02_PROD","2026-10-10T15:05:43.529Z","2026-10-10T15:05:43.529Z","false","2026-10-10T15:05:42.520Z","2026-10-08","https://api.worldbank.org/pip/v1/pip?country=all&year=all&fill_gaps=false&reporting_level=national&welfare_type=all&version=20260922_2021_01_02_PROD&format=json","national","national","false","survey","micro","https://datacatalog.worldbank.org/int/public-licenses#cc-by"
"AZE","2004","24.4","10.7","precision-limited","HBS","consumption","2004","24.349999999999998","10.68","2001 - 2005","20260922_2021_01_02_PROD","2026-10-10T15:05:43.529Z","2026-10-10T15:05:43.529Z","false","2026-10-10T15:05:42.520Z","2026-10-08","https://api.worldbank.org/pip/v1/pip?country=all&year=all&fill_gaps=false&reporting_level=national&welfare_type=all&version=20260922_2021_01_02_PROD&format=json","national","national","false","survey","micro","https://datacatalog.worldbank.org/int/public-licenses#cc-by"
"AZE","2005","24.2","10.8","consistent","HBS","consumption","2005","24.18","10.780000000000001","2001 - 2005","20260922_2021_01_02_PROD","2026-10-10T15:05:43.529Z","2026-10-10T15:05:43.529Z","false","2026-10-10T15:05:42.520Z","2026-10-08","https://api.worldbank.org/pip/v1/pip?country=all&year=all&fill_gaps=false&reporting_level=national&welfare_type=all&version=20260922_2021_01_02_PROD&format=json","national","national","false","survey","micro","https://datacatalog.worldbank.org/int/public-licenses#cc-by"
"BGD","2000","27.9","8.6","precision-limited","HIES","consumption","2000","27.860000000000003","8.649999999999999","2000 - 2016","20260922_2021_01_02_PROD","2026-10-10T15:05:43.529Z","2026-10-10T15:05:43.529Z","false","2026-10-10T15:05:42.520Z","2026-10-08","https://api.worldbank.org/pip/v1/pip?country=all&year=all&fill_gaps=false&reporting_level=national&welfare_type=all&version=20260922_2021_01_02_PROD&format=json","national","national","false","survey","micro","https://datacatalog.worldbank.org/int/public-licenses#cc-by"
"BGD","2005","28","8.8","precision-limited","HIES","consumption","2005","27.99","8.76","2000 - 2016","20260922_2021_01_02_PROD","2026-10-10T15:05:43.529Z","2026-10-10T15:05:43.529Z","false","2026-10-10T15:05:42.520Z","2026-10-08","https://api.worldbank.org/pip/v1/pip?country=all&year=all&fill_gaps=false&reporting_level=national&welfare_type=all&version=20260922_2021_01_02_PROD&format=json","national","national","false","survey","micro","https://datacatalog.worldbank.org/int/public-licenses#cc-by"
"BGD","2010","26.9","8.9","precision-limited","HIES","consumption","2010","26.919999999999998","8.85","2000 - 2016","20260922_2021_01_02_PROD","2026-10-10T15:05:43.529Z","2026-10-10T15:05:43.529Z","false","2026-10-10T15:05:42.520Z","2026-10-08","https://api.worldbank.org/pip/v1/pip?country=all&year=all&fill_gaps=false&reporting_level=national&welfare_type=all&version=20260922_2021_01_02_PROD&format=json","national","national","false","survey","micro","https://datacatalog.worldbank.org/int/public-licenses#cc-by"
"BGD","2016","26.8","8.6","precision-limited","HIES","consumption","2016","26.83","8.64","2000 - 2016","20260922_2021_01_02_PROD","2026-10-10T15:05:43.529Z","2026-10-10T15:05:43.529Z","false","2026-10-10T15:05:42.520Z","2026-10-08","https://api.worldbank.org/pip/v1/pip?country=all&year=all&fill_gaps=false&reporting_level=national&welfare_type=all&version=20260922_2021_01_02_PROD&format=json","national","national","false","survey","micro","https://datacatalog.worldbank.org/int/public-licenses#cc-by"
"BGD","2022","25.5","8.8","consistent","HIES","consumption","2022","25.47","8.799999999999999","2022","20260922_2021_01_02_PROD","2026-10-10T15:05:43.529Z","2026-10-10T15:05:43.529Z","false","2026-10-10T15:05:42.520Z","2026-10-08","https://api.worldbank.org/pip/v1/pip?country=all&year=all&fill_gaps=false&reporting_level=national&welfare_type=all&version=20260922_2021_01_02_PROD&format=json","national","national","false","survey","micro","https://datacatalog.worldbank.org/int/public-licenses#cc-by"
"BRB","2016","25.8","6.9","consistent","BSLC","consumption","2016","25.779999999999998","6.909999999999999","2016","20260922_2021_01_02_PROD","2026-10-10T15:05:43.529Z","2026-10-10T15:05:43.529Z","false","2026-10-10T15:05:42.520Z","2026-10-08","https://api.worldbank.org/pip/v1/pip?country=all&year=all&fill_gaps=false&reporting_level=national&welfare_type=all&version=20260922_2021_01_02_PROD&format=json","national","national","false","survey","micro","https://datacatalog.worldbank.org/int/public-licenses#cc-by"
"BLR","2000","24","7.9","consistent","HHS","consumption","2000","24.04","7.870000000000001","1998 - 2020","20260922_2021_01_02_PROD","2026-10-10T15:05:43.529Z","2026-10-10T15:05:43.529Z","false","2026-10-10T15:05:42.520Z","2026-10-08","https://api.worldbank.org/pip/v1/pip?country=all&year=all&fill_gaps=false&reporting_level=national&welfare_type=all&version=20260922_2021_01_02_PROD&format=json","national","national","false","survey","micro","https://datacatalog.worldbank.org/int/public-licenses#cc-by"
"BLR","2001","24","8.2","precision-limited","HHS","consumption","2001","23.990000000000002","8.16","1998 - 2020","20260922_2021_01_02_PROD","2026-10-10T15:05:43.529Z","2026-10-10T15:05:43.529Z","false","2026-10-10T15:05:42.520Z","2026-10-08","https://api.worldbank.org/pip/v1/pip?country=all&year=all&fill_gaps=false&reporting_level=national&welfare_type=all&version=20260922_2021_01_02_PROD&format=json","national","national","false","survey","micro","https://datacatalog.worldbank.org/int/public-licenses#cc-by"
"BLR","2002","24","8.3","consistent","HHS","consumption","2002","24.02","8.28","1998 - 2020","20260922_2021_01_02_PROD","2026-10-10T15:05:43.529Z","2026-10-10T15:05:43.529Z","false","2026-10-10T15:05:42.520Z","2026-10-08","https://api.worldbank.org/pip/v1/pip?country=all&year=all&fill_gaps=false&reporting_level=national&welfare_type=all&version=20260922_2021_01_02_PROD&format=json","national","national","false","survey","micro","https://datacatalog.worldbank.org/int/public-licenses#cc-by"
"BLR","2003","22.6","8.6","precision-limited","HHS","consumption","2003","22.63","8.56","1998 - 2020","20260922_2021_01_02_PROD","2026-10-10T15:05:43.529Z","2026-10-10T15:05:43.529Z","false","2026-10-10T15:05:42.520Z","2026-10-08","https://api.worldbank.org/pip/v1/pip?country=all&year=all&fill_gaps=false&reporting_level=national&welfare_type=all&version=20260922_2021_01_02_PROD&format=json","national","national","false","survey","micro","https://datacatalog.worldbank.org/int/public-licenses#cc-by"
"BLR","2004","21.3","9.4","consistent","HHS","consumption","2004","21.34","9.370000000000001","1998 - 2020","20260922_2021_01_02_PROD","2026-10-10T15:05:43.529Z","2026-10-10T15:05:43.529Z","false","2026-10-10T15:05:42.520Z","2026-10-08","https://api.worldbank.org/pip/v1/pip?country=all&year=all&fill_gaps=false&reporting_level=national&welfare_type=all&version=20260922_2021_01_02_PROD&format=json","national","national","false","survey","micro","https://datacatalog.worldbank.org/int/public-licenses#cc-by"
"BLR","2005","21.8","8.9","consistent","HHS","consumption","2005","21.790000000000003","8.870000000000001","1998 - 2020","20260922_2021_01_02_PROD","2026-10-10T15:05:43.529Z","2026-10-10T15:05:43.529Z","false","2026-10-10T15:05:42.520Z","2026-10-08","https://api.worldbank.org/pip/v1/pip?country=all&year=all&fill_gaps=false&reporting_level=national&welfare_type=all&version=20260922_2021_01_02_PROD&format=json","national","national","false","survey","micro","https://datacatalog.worldbank.org/int/public-licenses#cc-by"
"BLR","2006","22.4","8.8","precision-limited","HHS","consumption","2006","22.39","8.76","1998 - 2020","20260922_2021_01_02_PROD","2026-10-10T15:05:43.529Z","2026-10-10T15:05:43.529Z","false","2026-10-10T15:05:42.520Z","2026-10-08","https://api.worldbank.org/pip/v1/pip?country=all&year=all&fill_gaps=false&reporting_level=national&welfare_type=all&version=20260922_2021_01_02_PROD&format=json","national","national","false","survey","micro","https://datacatalog.worldbank.org/int/public-licenses#cc-by"
"BLR","2007","23.6","8.6","consistent","HHS","consumption","2007","23.56","8.59","1998 - 2020","20260922_2021_01_02_PROD","2026-10-10T15:05:43.529Z","2026-10-10T15:05:43.529Z","false","2026-10-10T15:05:42.520Z","2026-10-08","https://api.worldbank.org/pip/v1/pip?country=all&year=all&fill_gaps=false&reporting_level=national&welfare_type=all&version=20260922_2021_01_02_PROD&format=json","national","national","false","survey","micro","https://datacatalog.worldbank.org/int/public-licenses#cc-by"
"BLR","2008","22.3","9","consistent","HHS","consumption","2008","22.33","9","1998 - 2020","20260922_2021_01_02_PROD","2026-10-10T15:05:43.529Z","2026-10-10T15:05:43.529Z","false","2026-10-10T15:05:42.520Z","2026-10-08","https://api.worldbank.org/pip/v1/pip?country=all&year=all&fill_gaps=false&reporting_level=national&welfare_type=all&version=20260922_2021_01_02_PROD&format=json","national","national","false","survey","micro","https://datacatalog.worldbank.org/int/public-licenses#cc-by"
"BLR","2009","22.6","9.1","consistent","HHS","consumption","2009","22.57","9.07","1998 - 2020","20260922_2021_01_02_PROD","2026-10-10T15:05:43.529Z","2026-10-10T15:05:43.529Z","false","2026-10-10T15:05:42.520Z","2026-10-08","https://api.worldbank.org/pip/v1/pip?country=all&year=all&fill_gaps=false&reporting_level=national&welfare_type=all&version=20260922_2021_01_02_PROD&format=json","national","national","false","survey","micro","https://datacatalog.worldbank.org/int/public-licenses#cc-by"
"BLR","2010","22.8","8.8","consistent","HHS","consumption","2010","22.84","8.81","1998 - 2020","20260922_2021_01_02_PROD","2026-10-10T15:05:43.529Z","2026-10-10T15:05:43.529Z","false","2026-10-10T15:05:42.520Z","2026-10-08","https://api.worldbank.org/pip/v1/pip?country=all&year=all&fill_gaps=false&reporting_level=national&welfare_type=all&version=20260922_2021_01_02_PROD&format=json","national","national","false","survey","micro","https://datacatalog.worldbank.org/int/public-licenses#cc-by"
"BLR","2011","21.9","9.2","precision-limited","HHS","consumption","2011","21.85","9.15","1998 - 2020","20260922_2021_01_02_PROD","2026-10-10T15:05:43.529Z","2026-10-10T15:05:43.529Z","false","2026-10-10T15:05:42.520Z","2026-10-08","https://api.worldbank.org/pip/v1/pip?country=all&year=all&fill_gaps=false&reporting_level=national&welfare_type=all&version=20260922_2021_01_02_PROD&format=json","national","national","false","survey","micro","https://datacatalog.worldbank.org/int/public-licenses#cc-by"
"BLR","2012","21.8","9.5","consistent","HHS","consumption","2012","21.790000000000003","9.48","1998 - 2020","20260922_2021_01_02_PROD","2026-10-10T15:05:43.529Z","2026-10-10T15:05:43.529Z","false","2026-10-10T15:05:42.520Z","2026-10-08","https://api.worldbank.org/pip/v1/pip?country=all&year=all&fill_gaps=false&reporting_level=national&welfare_type=all&version=20260922_2021_01_02_PROD&format=json","national","national","false","survey","micro","https://datacatalog.worldbank.org/int/public-licenses#cc-by"
"BLR","2013","22.1","9.5","precision-limited","HHS","consumption","2013","22.06","9.54","1998 - 2020","20260922_2021_01_02_PROD","2026-10-10T15:05:43.529Z","2026-10-10T15:05:43.529Z","false","2026-10-10T15:05:42.520Z","2026-10-08","https://api.worldbank.org/pip/v1/pip?country=all&year=all&fill_gaps=false&reporting_level=national&welfare_type=all&version=20260922_2021_01_02_PROD&format=json","national","national","false","survey","micro","https://datacatalog.worldbank.org/int/public-licenses#cc-by"
"BLR","2014","22.6","9.3","precision-limited","HHS","consumption","2014","22.55","9.33","1998 - 2020","20260922_2021_01_02_PROD","2026-10-10T15:05:43.529Z","2026-10-10T15:05:43.529Z","false","2026-10-10T15:05:42.520Z","2026-10-08","https://api.worldbank.org/pip/v1/pip?country=all&year=all&fill_gaps=false&reporting_level=national&welfare_type=all&version=20260922_2021_01_02_PROD&format=json","national","national","false","survey","micro","https://datacatalog.worldbank.org/int/public-licenses#cc-by"
"BLR","2015","21.2","9.7","consistent","HHS","consumption","2015","21.2","9.709999999999999","1998 - 2020","20260922_2021_01_02_PROD","2026-10-10T15:05:43.529Z","2026-10-10T15:05:43.529Z","false","2026-10-10T15:05:42.520Z","2026-10-08","https://api.worldbank.org/pip/v1/pip?country=all&year=all&fill_gaps=false&reporting_level=national&welfare_type=all&version=20260922_2021_01_02_PROD&format=json","national","national","false","survey","micro","https://datacatalog.worldbank.org/int/public-licenses#cc-by"
"BLR","2016","21.3","9.9","consistent","HHS","consumption","2016","21.27","9.889999999999999","1998 - 2020","20260922_2021_01_02_PROD","2026-10-10T15:05:43.529Z","2026-10-10T15:05:43.529Z","false","2026-10-10T15:05:42.520Z","2026-10-08","https://api.worldbank.org/pip/v1/pip?country=all&year=all&fill_gaps=false&reporting_level=national&welfare_type=all&version=20260922_2021_01_02_PROD&format=json","national","national","false","survey","micro","https://datacatalog.worldbank.org/int/public-licenses#cc-by"
"BLR","2017","21.3","9.9","consistent","HHS","consumption","2017","21.27","9.93","1998 - 2020","20260922_2021_01_02_PROD","2026-10-10T15:05:43.529Z","2026-10-10T15:05:43.529Z","false","2026-10-10T15:05:42.520Z","2026-10-08","https://api.worldbank.org/pip/v1/pip?country=all&year=all&fill_gaps=false&reporting_level=national&welfare_type=all&version=20260922_2021_01_02_PROD&format=json","national","national","false","survey","micro","https://datacatalog.worldbank.org/int/public-licenses#cc-by"
"BLR","2018","21.4","10.1","precision-limited","HHS","consumption","2018","21.39","10.059999999999999","1998 - 2020","20260922_2021_01_02_PROD","2026-10-10T15:05:43.529Z","2026-10-10T15:05:43.529Z","false","2026-10-10T15:05:42.520Z","2026-10-08","https://api.worldbank.org/pip/v1/pip?country=all&year=all&fill_gaps=false&reporting_level=national&welfare_type=all&version=20260922_2021_01_02_PROD&format=json","national","national","false","survey","micro","https://datacatalog.worldbank.org/int/public-licenses#cc-by"
"BLR","2019","21.3","10","precision-limited","HHS","consumption","2019","21.32","10.05","1998 - 2020","20260922_2021_01_02_PROD","2026-10-10T15:05:43.529Z","2026-10-10T15:05:43.529Z","false","2026-10-10T15:05:42.520Z","2026-10-08","https://api.worldbank.org/pip/v1/pip?country=all&year=all&fill_gaps=false&reporting_level=national&welfare_type=all&version=20260922_2021_01_02_PROD&format=json","national","national","false","survey","micro","https://datacatalog.worldbank.org/int/public-licenses#cc-by"
"BLR","2020","20.7","10.3","consistent","HHS","consumption","2020","20.72","10.3","1998 - 2020","20260922_2021_01_02_PROD","2026-10-10T15:05:43.529Z","2026-10-10T15:05:43.529Z","false","2026-10-10T15:05:42.520Z","2026-10-08","https://api.worldbank.org/pip/v1/pip?country=all&year=all&fill_gaps=false&reporting_level=national&welfare_type=all&version=20260922_2021_01_02_PROD&format=json","national","national","false","survey","micro","https://datacatalog.worldbank.org/int/public-licenses#cc-by"
"BEL","2000","28.3","8.4","precision-limited","PSBH-ECHP-LIS","income","2000","28.33","8.35","1995 - 2000","20260922_2021_01_02_PROD","2026-10-10T15:05:43.529Z","2026-10-10T15:05:43.529Z","false","2026-10-10T15:05:42.520Z","2026-10-08","https://api.worldbank.org/pip/v1/pip?country=all&year=all&fill_gaps=false&reporting_level=national&welfare_type=all&version=20260922_2021_01_02_PROD&format=json","national","national","false","survey","micro","https://datacatalog.worldbank.org/int/public-licenses#cc-by"
"BEL","2003","22.2","8.6","precision-limited","EU-SILC","income","2003","22.23","8.549999999999999","2003 - 2018","20260922_2021_01_02_PROD","2026-10-10T15:05:43.529Z","2026-10-10T15:05:43.529Z","false","2026-10-10T15:05:42.520Z","2026-10-08","https://api.worldbank.org/pip/v1/pip?country=all&year=all&fill_gaps=false&reporting_level=national&welfare_type=all&version=20260922_2021_01_02_PROD&format=json","national","national","false","survey","micro","https://datacatalog.worldbank.org/int/public-licenses#cc-by"
"BEL","2004","25.1","8.4","precision-limited","EU-SILC","income","2004","25.11","8.44","2003 - 2018","20260922_2021_01_02_PROD","2026-10-10T15:05:43.529Z","2026-10-10T15:05:43.529Z","false","2026-10-10T15:05:42.520Z","2026-10-08","https://api.worldbank.org/pip/v1/pip?country=all&year=all&fill_gaps=false&reporting_level=national&welfare_type=all&version=20260922_2021_01_02_PROD&format=json","national","national","false","survey","micro","https://datacatalog.worldbank.org/int/public-licenses#cc-by"
"BEL","2005","23.9","8.7","precision-limited","EU-SILC","income","2005","23.87","8.649999999999999","2003 - 2018","20260922_2021_01_02_PROD","2026-10-10T15:05:43.529Z","2026-10-10T15:05:43.529Z","false","2026-10-10T15:05:42.520Z","2026-10-08","https://api.worldbank.org/pip/v1/pip?country=all&year=all&fill_gaps=false&reporting_level=national&welfare_type=all&version=20260922_2021_01_02_PROD&format=json","national","national","false","survey","micro","https://datacatalog.worldbank.org/int/public-licenses#cc-by"
"BEL","2006","22.4","8.7","consistent","EU-SILC","income","2006","22.400000000000002","8.7","2003 - 2018","20260922_2021_01_02_PROD","2026-10-10T15:05:43.529Z","2026-10-10T15:05:43.529Z","false","2026-10-10T15:05:42.520Z","2026-10-08","https://api.worldbank.org/pip/v1/pip?country=all&year=all&fill_gaps=false&reporting_level=national&welfare_type=all&version=20260922_2021_01_02_PROD&format=json","national","national","false","survey","micro","https://datacatalog.worldbank.org/int/public-licenses#cc-by"
"BEL","2007","23.5","8.6","consistent","EU-SILC","income","2007","23.53","8.579999999999998","2003 - 2018","20260922_2021_01_02_PROD","2026-10-10T15:05:43.529Z","2026-10-10T15:05:43.529Z","false","2026-10-10T15:05:42.520Z","2026-10-08","https://api.worldbank.org/pip/v1/pip?country=all&year=all&fill_gaps=false&reporting_level=national&welfare_type=all&version=20260922_2021_01_02_PROD&format=json","national","national","false","survey","micro","https://datacatalog.worldbank.org/int/public-licenses#cc-by"
"BEL","2008","22.7","8.7","consistent","EU-SILC","income","2008","22.71","8.68","2003 - 2018","20260922_2021_01_02_PROD","2026-10-10T15:05:43.529Z","2026-10-10T15:05:43.529Z","false","2026-10-10T15:05:42.520Z","2026-10-08","https://api.worldbank.org/pip/v1/pip?country=all&year=all&fill_gaps=false&reporting_level=national&welfare_type=all&version=20260922_2021_01_02_PROD&format=json","national","national","false","survey","micro","https://datacatalog.worldbank.org/int/public-licenses#cc-by"
"BEL","2009","22.7","8.5","consistent","EU-SILC","income","2009","22.71","8.469999999999999","2003 - 2018","20260922_2021_01_02_PROD","2026-10-10T15:05:43.529Z","2026-10-10T15:05:43.529Z","false","2026-10-10T15:05:42.520Z","2026-10-08","https://api.worldbank.org/pip/v1/pip?country=all&year=all&fill_gaps=false&reporting_level=national&welfare_type=all&version=20260922_2021_01_02_PROD&format=json","national","national","false","survey","micro","https://datacatalog.worldbank.org/int/public-licenses#cc-by"
"BEL","2010","22.7","8.6","precision-limited","EU-SILC","income","2010","22.73","8.549999999999999","2003 - 2018","20260922_2021_01_02_PROD","2026-10-10T15:05:43.529Z","2026-10-10T15:05:43.529Z","false","2026-10-10T15:05:42.520Z","2026-10-08","https://api.worldbank.org/pip/v1/pip?country=all&year=all&fill_gaps=false&reporting_level=national&welfare_type=all&version=20260922_2021_01_02_PROD&format=json","national","national","false","survey","micro","https://datacatalog.worldbank.org/int/public-licenses#cc-by"
"BEL","2011","22.3","8.6","precision-limited","EU-SILC","income","2011","22.33","8.559999999999999","2003 - 2018","20260922_2021_01_02_PROD","2026-10-10T15:05:43.529Z","2026-10-10T15:05:43.529Z","false","2026-10-10T15:05:42.520Z","2026-10-08","https://api.worldbank.org/pip/v1/pip?country=all&year=all&fill_gaps=false&reporting_level=national&welfare_type=all&version=20260922_2021_01_02_PROD&format=json","national","national","false","survey","micro","https://datacatalog.worldbank.org/int/public-licenses#cc-by"
"BEL","2012","21.9","8.7","consistent","EU-SILC","income","2012","21.92","8.690000000000001","2003 - 2018","20260922_2021_01_02_PROD","2026-10-10T15:05:43.529Z","2026-10-10T15:05:43.529Z","false","2026-10-10T15:05:42.520Z","2026-10-08","https://api.worldbank.org/pip/v1/pip?country=all&year=all&fill_gaps=false&reporting_level=national&welfare_type=all&version=20260922_2021_01_02_PROD&format=json","national","national","false","survey","micro","https://datacatalog.worldbank.org/int/public-licenses#cc-by"
"BEL","2013","21.8","8.6","precision-limited","EU-SILC","income","2013","21.83","8.559999999999999","2003 - 2018","20260922_2021_01_02_PROD","2026-10-10T15:05:43.529Z","2026-10-10T15:05:43.529Z","false","2026-10-10T15:05:42.520Z","2026-10-08","https://api.worldbank.org/pip/v1/pip?country=all&year=all&fill_gaps=false&reporting_level=national&welfare_type=all&version=20260922_2021_01_02_PROD&format=json","national","national","false","survey","micro","https://datacatalog.worldbank.org/int/public-licenses#cc-by"
"BEL","2014","22.4","8.6","consistent","EU-SILC","income","2014","22.42","8.61","2003 - 2018","20260922_2021_01_02_PROD","2026-10-10T15:05:43.529Z","2026-10-10T15:05:43.529Z","false","2026-10-10T15:05:42.520Z","2026-10-08","https://api.worldbank.org/pip/v1/pip?country=all&year=all&fill_gaps=false&reporting_level=national&welfare_type=all&version=20260922_2021_01_02_PROD&format=json","national","national","false","survey","micro","https://datacatalog.worldbank.org/int/public-licenses#cc-by"
"BEL","2015","22.2","8.6","consistent","EU-SILC","income","2015","22.21","8.62","2003 - 2018","20260922_2021_01_02_PROD","2026-10-10T15:05:43.529Z","2026-10-10T15:05:43.529Z","false","2026-10-10T15:05:42.520Z","2026-10-08","https://api.worldbank.org/pip/v1/pip?country=all&year=all&fill_gaps=false&reporting_level=national&welfare_type=all&version=20260922_2021_01_02_PROD&format=json","national","national","false","survey","micro","https://datacatalog.worldbank.org/int/public-licenses#cc-by"
"BEL","2016","22.2","8.6","consistent","EU-SILC","income","2016","22.16","8.63","2003 - 2018","20260922_2021_01_02_PROD","2026-10-10T15:05:43.529Z","2026-10-10T15:05:43.529Z","false","2026-10-10T15:05:42.520Z","2026-10-08","https://api.worldbank.org/pip/v1/pip?country=all&year=all&fill_gaps=false&reporting_level=national&welfare_type=all&version=20260922_2021_01_02_PROD&format=json","national","national","false","survey","micro","https://datacatalog.worldbank.org/int/public-licenses#cc-by"
"BEL","2017","21.9","8.7","consistent","EU-SILC","income","2017","21.94","8.690000000000001","2003 - 2018","20260922_2021_01_02_PROD","2026-10-10T15:05:43.529Z","2026-10-10T15:05:43.529Z","false","2026-10-10T15:05:42.520Z","2026-10-08","https://api.worldbank.org/pip/v1/pip?country=all&year=all&fill_gaps=false&reporting_level=national&welfare_type=all&version=20260922_2021_01_02_PROD&format=json","national","national","false","survey","micro","https://datacatalog.worldbank.org/int/public-licenses#cc-by"
"BEL","2018","22.2","8.9","consistent","EU-SILC","income","2018","22.23","8.89","2003 - 2018","20260922_2021_01_02_PROD","2026-10-10T15:05:43.529Z","2026-10-10T15:05:43.529Z","false","2026-10-10T15:05:42.520Z","2026-10-08","https://api.worldbank.org/pip/v1/pip?country=all&year=all&fill_gaps=false&reporting_level=national&welfare_type=all&version=20260922_2021_01_02_PROD&format=json","national","national","false","survey","micro","https://datacatalog.worldbank.org/int/public-licenses#cc-by"
"BEL","2019","22.3","9","consistent","EU-SILC","income","2019","22.31","9.02","2019","20260922_2021_01_02_PROD","2026-10-10T15:05:43.529Z","2026-10-10T15:05:43.529Z","false","2026-10-10T15:05:42.520Z","2026-10-08","https://api.worldbank.org/pip/v1/pip?country=all&year=all&fill_gaps=false&reporting_level=national&welfare_type=all&version=20260922_2021_01_02_PROD&format=json","national","national","false","survey","micro","https://datacatalog.worldbank.org/int/public-licenses#cc-by"
"BEL","2020","21.4","9.4","consistent","EU-SILC","income","2020","21.36","9.379999999999999","2020","20260922_2021_01_02_PROD","2026-10-10T15:05:43.529Z","2026-10-10T15:05:43.529Z","false","2026-10-10T15:05:42.520Z","2026-10-08","https://api.worldbank.org/pip/v1/pip?country=all&year=all&fill_gaps=false&reporting_level=national&welfare_type=all&version=20260922_2021_01_02_PROD&format=json","national","national","false","survey","micro","https://datacatalog.worldbank.org/int/public-licenses#cc-by"
"BEL","2021","21.9","9.2","consistent","EU-SILC","income","2021","21.86","9.190000000000001","2021 - 2023","20260922_2021_01_02_PROD","2026-10-10T15:05:43.529Z","2026-10-10T15:05:43.529Z","false","2026-10-10T15:05:42.520Z","2026-10-08","https://api.worldbank.org/pip/v1/pip?country=all&year=all&fill_gaps=false&reporting_level=national&welfare_type=all&version=20260922_2021_01_02_PROD&format=json","national","national","false","survey","micro","https://datacatalog.worldbank.org/int/public-licenses#cc-by"
"BEL","2022","22.2","9.4","consistent","EU-SILC","income","2022","22.24","9.43","2021 - 2023","20260922_2021_01_02_PROD","2026-10-10T15:05:43.529Z","2026-10-10T15:05:43.529Z","false","2026-10-10T15:05:42.520Z","2026-10-08","https://api.worldbank.org/pip/v1/pip?country=all&year=all&fill_gaps=false&reporting_level=national&welfare_type=all&version=20260922_2021_01_02_PROD&format=json","national","national","false","survey","micro","https://datacatalog.worldbank.org/int/public-licenses#cc-by"
"BEL","2023","22.2","9.1","precision-limited","EU-SILC","income","2023","22.21","9.15","2021 - 2023","20260922_2021_01_02_PROD","2026-10-10T15:05:43.529Z","2026-10-10T15:05:43.529Z","false","2026-10-10T15:05:42.520Z","2026-10-08","https://api.worldbank.org/pip/v1/pip?country=all&year=all&fill_gaps=false&reporting_level=national&welfare_type=all&version=20260922_2021_01_02_PROD&format=json","national","national","false","survey","micro","https://datacatalog.worldbank.org/int/public-licenses#cc-by"
"BLZ","2018","30","5.8","precision-limited","HBS","consumption","2018.2","30","5.8500000000000005","2018","20260922_2021_01_02_PROD","2026-10-10T15:05:43.529Z","2026-10-10T15:05:43.529Z","false","2026-10-10T15:05:42.520Z","2026-10-08","https://api.worldbank.org/pip/v1/pip?country=all&year=all&fill_gaps=false&reporting_level=national&welfare_type=all&version=20260922_2021_01_02_PROD&format=json","national","national","false","survey","micro","https://datacatalog.worldbank.org/int/public-licenses#cc-by"
"BEN","2003","31.1","7","consistent","QUIBB","consumption","2003","31.080000000000002","6.98","2003","20260922_2021_01_02_PROD","2026-10-10T15:05:43.529Z","2026-10-10T15:05:43.529Z","false","2026-10-10T15:05:42.520Z","2026-10-08","https://api.worldbank.org/pip/v1/pip?country=all&year=all&fill_gaps=false&reporting_level=national&welfare_type=all&version=20260922_2021_01_02_PROD&format=json","national","national","false","survey","micro","https://datacatalog.worldbank.org/int/public-licenses#cc-by"
"BEN","2011","34.5","6.1","precision-limited","EMICOV","consumption","2011.33","34.47","6.05","2011 - 2015","20260922_2021_01_02_PROD","2026-10-10T15:05:43.529Z","2026-10-10T15:05:43.529Z","false","2026-10-10T15:05:42.520Z","2026-10-08","https://api.worldbank.org/pip/v1/pip?country=all&year=all&fill_gaps=false&reporting_level=national&welfare_type=all&version=20260922_2021_01_02_PROD&format=json","national","national","false","survey","micro","https://datacatalog.worldbank.org/int/public-licenses#cc-by"
"BEN","2015","37.6","3.3","precision-limited","EMICOV","consumption","2015","37.580000000000005","3.35","2011 - 2015","20260922_2021_01_02_PROD","2026-10-10T15:05:43.529Z","2026-10-10T15:05:43.529Z","false","2026-10-10T15:05:42.520Z","2026-10-08","https://api.worldbank.org/pip/v1/pip?country=all&year=all&fill_gaps=false&reporting_level=national&welfare_type=all&version=20260922_2021_01_02_PROD&format=json","national","national","false","survey","micro","https://datacatalog.worldbank.org/int/public-licenses#cc-by"
"BEN","2018","30","7","consistent","EHCVM","consumption","2018.5","30.04","7.01","2018 - 2021","20260922_2021_01_02_PROD","2026-10-10T15:05:43.529Z","2026-10-10T15:05:43.529Z","false","2026-10-10T15:05:42.520Z","2026-10-08","https://api.worldbank.org/pip/v1/pip?country=all&year=all&fill_gaps=false&reporting_level=national&welfare_type=all&version=20260922_2021_01_02_PROD&format=json","national","national","false","survey","micro","https://datacatalog.worldbank.org/int/public-licenses#cc-by"
"BEN","2021","27.2","7.6","consistent","EHCVM","consumption","2021.75","27.16","7.629999999999999","2018 - 2021","20260922_2021_01_02_PROD","2026-10-10T15:05:43.529Z","2026-10-10T15:05:43.529Z","false","2026-10-10T15:05:42.520Z","2026-10-08","https://api.worldbank.org/pip/v1/pip?country=all&year=all&fill_gaps=false&reporting_level=national&welfare_type=all&version=20260922_2021_01_02_PROD&format=json","national","national","false","survey","micro","https://datacatalog.worldbank.org/int/public-licenses#cc-by"
"BTN","2003","32.2","6.5","consistent","BLSS","consumption","2003","32.22","6.529999999999999","2003","20260922_2021_01_02_PROD","2026-10-10T15:05:43.529Z","2026-10-10T15:05:43.529Z","false","2026-10-10T15:05:42.520Z","2026-10-08","https://api.worldbank.org/pip/v1/pip?country=all&year=all&fill_gaps=false&reporting_level=national&welfare_type=all&version=20260922_2021_01_02_PROD&format=json","national","national","false","survey","micro","https://datacatalog.worldbank.org/int/public-licenses#cc-by"
"BTN","2007","29.4","6.7","precision-limited","BLSS","consumption","2007","29.37","6.660000000000001","2007 - 2017","20260922_2021_01_02_PROD","2026-10-10T15:05:43.529Z","2026-10-10T15:05:43.529Z","false","2026-10-10T15:05:42.520Z","2026-10-08","https://api.worldbank.org/pip/v1/pip?country=all&year=all&fill_gaps=false&reporting_level=national&welfare_type=all&version=20260922_2021_01_02_PROD&format=json","national","national","false","survey","micro","https://datacatalog.worldbank.org/int/public-licenses#cc-by"
"BTN","2012","30.7","6.7","consistent","BLSS","consumption","2012","30.740000000000002","6.7299999999999995","2007 - 2017","20260922_2021_01_02_PROD","2026-10-10T15:05:43.529Z","2026-10-10T15:05:43.529Z","false","2026-10-10T15:05:42.520Z","2026-10-08","https://api.worldbank.org/pip/v1/pip?country=all&year=all&fill_gaps=false&reporting_level=national&welfare_type=all&version=20260922_2021_01_02_PROD&format=json","national","national","false","survey","micro","https://datacatalog.worldbank.org/int/public-licenses#cc-by"
"BTN","2017","27.9","6.7","consistent","BLSS","consumption","2017","27.93","6.68","2007 - 2017","20260922_2021_01_02_PROD","2026-10-10T15:05:43.529Z","2026-10-10T15:05:43.529Z","false","2026-10-10T15:05:42.520Z","2026-10-08","https://api.worldbank.org/pip/v1/pip?country=all&year=all&fill_gaps=false&reporting_level=national&welfare_type=all&version=20260922_2021_01_02_PROD&format=json","national","national","false","survey","micro","https://datacatalog.worldbank.org/int/public-licenses#cc-by"
"BTN","2022","22.7","8.8","consistent","BLSS","consumption","2022","22.7","8.799999999999999","2022","20260922_2021_01_02_PROD","2026-10-10T15:05:43.529Z","2026-10-10T15:05:43.529Z","false","2026-10-10T15:05:42.520Z","2026-10-08","https://api.worldbank.org/pip/v1/pip?country=all&year=all&fill_gaps=false&reporting_level=national&welfare_type=all&version=20260922_2021_01_02_PROD&format=json","national","national","false","survey","micro","https://datacatalog.worldbank.org/int/public-licenses#cc-by"
"BOL","2000","47.8","1.1","consistent","ECH","income","2000","47.81","1.1199999999999999","2000 - 2002","20260922_2021_01_02_PROD","2026-10-10T15:05:43.529Z","2026-10-10T15:05:43.529Z","false","2026-10-10T15:05:42.520Z","2026-10-08","https://api.worldbank.org/pip/v1/pip?country=all&year=all&fill_gaps=false&reporting_level=national&welfare_type=all&version=20260922_2021_01_02_PROD&format=json","national","national","false","survey","micro","https://datacatalog.worldbank.org/int/public-licenses#cc-by"
"BOL","2001","44.1","1.9","consistent","EH","income","2001","44.14","1.91","2000 - 2002","20260922_2021_01_02_PROD","2026-10-10T15:05:43.529Z","2026-10-10T15:05:43.529Z","false","2026-10-10T15:05:42.520Z","2026-10-08","https://api.worldbank.org/pip/v1/pip?country=all&year=all&fill_gaps=false&reporting_level=national&welfare_type=all&version=20260922_2021_01_02_PROD&format=json","national","national","false","survey","micro","https://datacatalog.worldbank.org/int/public-licenses#cc-by"
"BOL","2002","46.6","1.7","consistent","EH","income","2002","46.589999999999996","1.71","2000 - 2002","20260922_2021_01_02_PROD","2026-10-10T15:05:43.529Z","2026-10-10T15:05:43.529Z","false","2026-10-10T15:05:42.520Z","2026-10-08","https://api.worldbank.org/pip/v1/pip?country=all&year=all&fill_gaps=false&reporting_level=national&welfare_type=all&version=20260922_2021_01_02_PROD&format=json","national","national","false","survey","micro","https://datacatalog.worldbank.org/int/public-licenses#cc-by"
"BOL","2004","43.9","3.1","consistent","ECH","income","2004","43.89","3.1","2004","20260922_2021_01_02_PROD","2026-10-10T15:05:43.529Z","2026-10-10T15:05:43.529Z","false","2026-10-10T15:05:42.520Z","2026-10-08","https://api.worldbank.org/pip/v1/pip?country=all&year=all&fill_gaps=false&reporting_level=national&welfare_type=all&version=20260922_2021_01_02_PROD&format=json","national","national","false","survey","micro","https://datacatalog.worldbank.org/int/public-licenses#cc-by"
"BOL","2005","45.3","2","consistent","EH","income","2005","45.26","1.9700000000000002","2005 - 2024","20260922_2021_01_02_PROD","2026-10-10T15:05:43.529Z","2026-10-10T15:05:43.529Z","false","2026-10-10T15:05:42.520Z","2026-10-08","https://api.worldbank.org/pip/v1/pip?country=all&year=all&fill_gaps=false&reporting_level=national&welfare_type=all&version=20260922_2021_01_02_PROD&format=json","national","national","false","survey","micro","https://datacatalog.worldbank.org/int/public-licenses#cc-by"
"BOL","2006","43.6","2.3","precision-limited","EH","income","2006","43.56","2.26","2005 - 2024","20260922_2021_01_02_PROD","2026-10-10T15:05:43.529Z","2026-10-10T15:05:43.529Z","false","2026-10-10T15:05:42.520Z","2026-10-08","https://api.worldbank.org/pip/v1/pip?country=all&year=all&fill_gaps=false&reporting_level=national&welfare_type=all&version=20260922_2021_01_02_PROD&format=json","national","national","false","survey","micro","https://datacatalog.worldbank.org/int/public-licenses#cc-by"
"BOL","2007","41.8","2.9","consistent","EH","income","2007","41.839999999999996","2.9000000000000004","2005 - 2024","20260922_2021_01_02_PROD","2026-10-10T15:05:43.529Z","2026-10-10T15:05:43.529Z","false","2026-10-10T15:05:42.520Z","2026-10-08","https://api.worldbank.org/pip/v1/pip?country=all&year=all&fill_gaps=false&reporting_level=national&welfare_type=all&version=20260922_2021_01_02_PROD&format=json","national","national","false","survey","micro","https://datacatalog.worldbank.org/int/public-licenses#cc-by"
"BOL","2008","38.5","3.2","consistent","EH","income","2008","38.53","3.17","2005 - 2024","20260922_2021_01_02_PROD","2026-10-10T15:05:43.529Z","2026-10-10T15:05:43.529Z","false","2026-10-10T15:05:42.520Z","2026-10-08","https://api.worldbank.org/pip/v1/pip?country=all&year=all&fill_gaps=false&reporting_level=national&welfare_type=all&version=20260922_2021_01_02_PROD&format=json","national","national","false","survey","micro","https://datacatalog.worldbank.org/int/public-licenses#cc-by"
"BOL","2009","36.9","3.2","consistent","EH","income","2009","36.9","3.17","2005 - 2024","20260922_2021_01_02_PROD","2026-10-10T15:05:43.529Z","2026-10-10T15:05:43.529Z","false","2026-10-10T15:05:42.520Z","2026-10-08","https://api.worldbank.org/pip/v1/pip?country=all&year=all&fill_gaps=false&reporting_level=national&welfare_type=all&version=20260922_2021_01_02_PROD&format=json","national","national","false","survey","micro","https://datacatalog.worldbank.org/int/public-licenses#cc-by"
"BOL","2011","33.7","3.8","consistent","EH","income","2011","33.68","3.7800000000000002","2005 - 2024","20260922_2021_01_02_PROD","2026-10-10T15:05:43.529Z","2026-10-10T15:05:43.529Z","false","2026-10-10T15:05:42.520Z","2026-10-08","https://api.worldbank.org/pip/v1/pip?country=all&year=all&fill_gaps=false&reporting_level=national&welfare_type=all&version=20260922_2021_01_02_PROD&format=json","national","national","false","survey","micro","https://datacatalog.worldbank.org/int/public-licenses#cc-by"
"BOL","2012","33.7","3.4","precision-limited","EH","income","2012","33.67","3.44","2005 - 2024","20260922_2021_01_02_PROD","2026-10-10T15:05:43.529Z","2026-10-10T15:05:43.529Z","false","2026-10-10T15:05:42.520Z","2026-10-08","https://api.worldbank.org/pip/v1/pip?country=all&year=all&fill_gaps=false&reporting_level=national&welfare_type=all&version=20260922_2021_01_02_PROD&format=json","national","national","false","survey","micro","https://datacatalog.worldbank.org/int/public-licenses#cc-by"
"BOL","2013","35.2","3.6","consistent","EH","income","2013","35.22","3.5700000000000003","2005 - 2024","20260922_2021_01_02_PROD","2026-10-10T15:05:43.529Z","2026-10-10T15:05:43.529Z","false","2026-10-10T15:05:42.520Z","2026-10-08","https://api.worldbank.org/pip/v1/pip?country=all&year=all&fill_gaps=false&reporting_level=national&welfare_type=all&version=20260922_2021_01_02_PROD&format=json","national","national","false","survey","micro","https://datacatalog.worldbank.org/int/public-licenses#cc-by"
"BOL","2014","36","3.8","consistent","EH","income","2014","36.04","3.7699999999999996","2005 - 2024","20260922_2021_01_02_PROD","2026-10-10T15:05:43.529Z","2026-10-10T15:05:43.529Z","false","2026-10-10T15:05:42.520Z","2026-10-08","https://api.worldbank.org/pip/v1/pip?country=all&year=all&fill_gaps=false&reporting_level=national&welfare_type=all&version=20260922_2021_01_02_PROD&format=json","national","national","false","survey","micro","https://datacatalog.worldbank.org/int/public-licenses#cc-by"
"BOL","2015","34.8","3.9","consistent","EH","income","2015","34.79","3.88","2005 - 2024","20260922_2021_01_02_PROD","2026-10-10T15:05:43.529Z","2026-10-10T15:05:43.529Z","false","2026-10-10T15:05:42.520Z","2026-10-08","https://api.worldbank.org/pip/v1/pip?country=all&year=all&fill_gaps=false&reporting_level=national&welfare_type=all&version=20260922_2021_01_02_PROD&format=json","national","national","false","survey","micro","https://datacatalog.worldbank.org/int/public-licenses#cc-by"
"BOL","2016","32.4","3.7","consistent","EH","income","2016","32.42","3.73","2005 - 2024","20260922_2021_01_02_PROD","2026-10-10T15:05:43.529Z","2026-10-10T15:05:43.529Z","false","2026-10-10T15:05:42.520Z","2026-10-08","https://api.worldbank.org/pip/v1/pip?country=all&year=all&fill_gaps=false&reporting_level=national&welfare_type=all&version=20260922_2021_01_02_PROD&format=json","national","national","false","survey","micro","https://datacatalog.worldbank.org/int/public-licenses#cc-by"
"BOL","2017","32","3.9","consistent","EH","income","2017","32","3.9099999999999997","2005 - 2024","20260922_2021_01_02_PROD","2026-10-10T15:05:43.529Z","2026-10-10T15:05:43.529Z","false","2026-10-10T15:05:42.520Z","2026-10-08","https://api.worldbank.org/pip/v1/pip?country=all&year=all&fill_gaps=false&reporting_level=national&welfare_type=all&version=20260922_2021_01_02_PROD&format=json","national","national","false","survey","micro","https://datacatalog.worldbank.org/int/public-licenses#cc-by"
"BOL","2018","30.6","4.5","precision-limited","EH","income","2018","30.59","4.46","2005 - 2024","20260922_2021_01_02_PROD","2026-10-10T15:05:43.529Z","2026-10-10T15:05:43.529Z","false","2026-10-10T15:05:42.520Z","2026-10-08","https://api.worldbank.org/pip/v1/pip?country=all&year=all&fill_gaps=false&reporting_level=national&welfare_type=all&version=20260922_2021_01_02_PROD&format=json","national","national","false","survey","micro","https://datacatalog.worldbank.org/int/public-licenses#cc-by"
"BOL","2019","30.8","5.1","consistent","EH","income","2019","30.84","5.09","2005 - 2024","20260922_2021_01_02_PROD","2026-10-10T15:05:43.529Z","2026-10-10T15:05:43.529Z","false","2026-10-10T15:05:42.520Z","2026-10-08","https://api.worldbank.org/pip/v1/pip?country=all&year=all&fill_gaps=false&reporting_level=national&welfare_type=all&version=20260922_2021_01_02_PROD&format=json","national","national","false","survey","micro","https://datacatalog.worldbank.org/int/public-licenses#cc-by"
"BOL","2020","32.6","4.7","precision-limited","EH","income","2020","32.550000000000004","4.72","2005 - 2024","20260922_2021_01_02_PROD","2026-10-10T15:05:43.529Z","2026-10-10T15:05:43.529Z","false","2026-10-10T15:05:42.520Z","2026-10-08","https://api.worldbank.org/pip/v1/pip?country=all&year=all&fill_gaps=false&reporting_level=national&welfare_type=all&version=20260922_2021_01_02_PROD&format=json","national","national","false","survey","micro","https://datacatalog.worldbank.org/int/public-licenses#cc-by"
"BOL","2021","30.3","5.3","consistent","EH","income","2021","30.270000000000003","5.2700000000000005","2005 - 2024","20260922_2021_01_02_PROD","2026-10-10T15:05:43.529Z","2026-10-10T15:05:43.529Z","false","2026-10-10T15:05:42.520Z","2026-10-08","https://api.worldbank.org/pip/v1/pip?country=all&year=all&fill_gaps=false&reporting_level=national&welfare_type=all&version=20260922_2021_01_02_PROD&format=json","national","national","false","survey","micro","https://datacatalog.worldbank.org/int/public-licenses#cc-by"
"BOL","2022","30.4","5.1","consistent","EH","income","2022","30.409999999999997","5.119999999999999","2005 - 2024","20260922_2021_01_02_PROD","2026-10-10T15:05:43.529Z","2026-10-10T15:05:43.529Z","false","2026-10-10T15:05:42.520Z","2026-10-08","https://api.worldbank.org/pip/v1/pip?country=all&year=all&fill_gaps=false&reporting_level=national&welfare_type=all&version=20260922_2021_01_02_PROD&format=json","national","national","false","survey","micro","https://datacatalog.worldbank.org/int/public-licenses#cc-by"
"BOL","2023","31.3","5.2","consistent","EH","income","2023","31.28","5.18","2005 - 2024","20260922_2021_01_02_PROD","2026-10-10T15:05:43.529Z","2026-10-10T15:05:43.529Z","false","2026-10-10T15:05:42.520Z","2026-10-08","https://api.worldbank.org/pip/v1/pip?country=all&year=all&fill_gaps=false&reporting_level=national&welfare_type=all&version=20260922_2021_01_02_PROD&format=json","national","national","false","survey","micro","https://datacatalog.worldbank.org/int/public-licenses#cc-by"
"BOL","2024","30.6","5.4","consistent","EH","income","2024","30.630000000000003","5.38","2005 - 2024","20260922_2021_01_02_PROD","2026-10-10T15:05:43.529Z","2026-10-10T15:05:43.529Z","false","2026-10-10T15:05:42.520Z","2026-10-08","https://api.worldbank.org/pip/v1/pip?country=all&year=all&fill_gaps=false&reporting_level=national&welfare_type=all&version=20260922_2021_01_02_PROD&format=json","national","national","false","survey","micro","https://datacatalog.worldbank.org/int/public-licenses#cc-by"
"BIH","2001","24.7","8.8","precision-limited","LSMS","consumption","2001","24.75","8.790000000000001","2001 - 2004","20260922_2021_01_02_PROD","2026-10-10T15:05:43.529Z","2026-10-10T15:05:43.529Z","false","2026-10-10T15:05:42.520Z","2026-10-08","https://api.worldbank.org/pip/v1/pip?country=all&year=all&fill_gaps=false&reporting_level=national&welfare_type=all&version=20260922_2021_01_02_PROD&format=json","national","national","false","survey","micro","https://datacatalog.worldbank.org/int/public-licenses#cc-by"
"BIH","2004","26.4","7.4","consistent","LSMS","consumption","2004","26.36","7.3999999999999995","2001 - 2004","20260922_2021_01_02_PROD","2026-10-10T15:05:43.529Z","2026-10-10T15:05:43.529Z","false","2026-10-10T15:05:42.520Z","2026-10-08","https://api.worldbank.org/pip/v1/pip?country=all&year=all&fill_gaps=false&reporting_level=national&welfare_type=all&version=20260922_2021_01_02_PROD&format=json","national","national","false","survey","micro","https://datacatalog.worldbank.org/int/public-licenses#cc-by"
"BIH","2007","25.4","7","consistent","HBS","consumption","2007","25.430000000000003","6.99","2007 - 2021","20260922_2021_01_02_PROD","2026-10-10T15:05:43.529Z","2026-10-10T15:05:43.529Z","false","2026-10-10T15:05:42.520Z","2026-10-08","https://api.worldbank.org/pip/v1/pip?country=all&year=all&fill_gaps=false&reporting_level=national&welfare_type=all&version=20260922_2021_01_02_PROD&format=json","national","national","false","survey","micro","https://datacatalog.worldbank.org/int/public-licenses#cc-by"
"BIH","2011","25.2","7.3","consistent","HBS","consumption","2011","25.169999999999998","7.2700000000000005","2007 - 2021","20260922_2021_01_02_PROD","2026-10-10T15:05:43.529Z","2026-10-10T15:05:43.529Z","false","2026-10-10T15:05:42.520Z","2026-10-08","https://api.worldbank.org/pip/v1/pip?country=all&year=all&fill_gaps=false&reporting_level=national&welfare_type=all&version=20260922_2021_01_02_PROD&format=json","national","national","false","survey","micro","https://datacatalog.worldbank.org/int/public-licenses#cc-by"
"BIH","2015","24.9","7.3","precision-limited","HBS","consumption","2015","24.86","7.340000000000001","2007 - 2021","20260922_2021_01_02_PROD","2026-10-10T15:05:43.529Z","2026-10-10T15:05:43.529Z","false","2026-10-10T15:05:42.520Z","2026-10-08","https://api.worldbank.org/pip/v1/pip?country=all&year=all&fill_gaps=false&reporting_level=national&welfare_type=all&version=20260922_2021_01_02_PROD&format=json","national","national","false","survey","micro","https://datacatalog.worldbank.org/int/public-licenses#cc-by"
"BIH","2021","23.6","8.2","precision-limited","HBS","consumption","2021","23.630000000000003","8.24","2007 - 2021","20260922_2021_01_02_PROD","2026-10-10T15:05:43.529Z","2026-10-10T15:05:43.529Z","false","2026-10-10T15:05:42.520Z","2026-10-08","https://api.worldbank.org/pip/v1/pip?country=all&year=all&fill_gaps=false&reporting_level=national&welfare_type=all&version=20260922_2021_01_02_PROD&format=json","national","national","false","survey","micro","https://datacatalog.worldbank.org/int/public-licenses#cc-by"
"BWA","2002","50","2.7","consistent","HIES","consumption","2002.53","49.99","2.69","2002 - 2015","20260922_2021_01_02_PROD","2026-10-10T15:05:43.529Z","2026-10-10T15:05:43.529Z","false","2026-10-10T15:05:42.520Z","2026-10-08","https://api.worldbank.org/pip/v1/pip?country=all&year=all&fill_gaps=false&reporting_level=national&welfare_type=all&version=20260922_2021_01_02_PROD&format=json","national","national","false","survey","micro","https://datacatalog.worldbank.org/int/public-licenses#cc-by"
"BWA","2009","46.5","3.3","precision-limited","CWIS","consumption","2009.25","46.47","3.34","2002 - 2015","20260922_2021_01_02_PROD","2026-10-10T15:05:43.529Z","2026-10-10T15:05:43.529Z","false","2026-10-10T15:05:42.520Z","2026-10-08","https://api.worldbank.org/pip/v1/pip?country=all&year=all&fill_gaps=false&reporting_level=national&welfare_type=all&version=20260922_2021_01_02_PROD&format=json","national","national","false","survey","micro","https://datacatalog.worldbank.org/int/public-licenses#cc-by"
"BWA","2015","42.9","3.7","precision-limited","BMTHS","consumption","2015.85","42.93","3.66","2002 - 2015","20260922_2021_01_02_PROD","2026-10-10T15:05:43.529Z","2026-10-10T15:05:43.529Z","false","2026-10-10T15:05:42.520Z","2026-10-08","https://api.worldbank.org/pip/v1/pip?country=all&year=all&fill_gaps=false&reporting_level=national&welfare_type=all&version=20260922_2021_01_02_PROD&format=json","national","national","false","survey","micro","https://datacatalog.worldbank.org/int/public-licenses#cc-by"
"BRA","2001","46.1","2.5","consistent","PNAD","income","2001","46.089999999999996","2.49","1981 - 2011","20260922_2021_01_02_PROD","2026-10-10T15:05:43.529Z","2026-10-10T15:05:43.529Z","false","2026-10-10T15:05:42.520Z","2026-10-08","https://api.worldbank.org/pip/v1/pip?country=all&year=all&fill_gaps=false&reporting_level=national&welfare_type=all&version=20260922_2021_01_02_PROD&format=json","national","national","false","survey","micro","https://datacatalog.worldbank.org/int/public-licenses#cc-by"
"BRA","2002","46.1","2.6","precision-limited","PNAD","income","2002","46.129999999999995","2.64","1981 - 2011","20260922_2021_01_02_PROD","2026-10-10T15:05:43.529Z","2026-10-10T15:05:43.529Z","false","2026-10-10T15:05:42.520Z","2026-10-08","https://api.worldbank.org/pip/v1/pip?country=all&year=all&fill_gaps=false&reporting_level=national&welfare_type=all&version=20260922_2021_01_02_PROD&format=json","national","national","false","survey","micro","https://datacatalog.worldbank.org/int/public-licenses#cc-by"
"BRA","2003","45.4","2.6","precision-limited","PNAD","income","2003","45.410000000000004","2.65","1981 - 2011","20260922_2021_01_02_PROD","2026-10-10T15:05:43.529Z","2026-10-10T15:05:43.529Z","false","2026-10-10T15:05:42.520Z","2026-10-08","https://api.worldbank.org/pip/v1/pip?country=all&year=all&fill_gaps=false&reporting_level=national&welfare_type=all&version=20260922_2021_01_02_PROD&format=json","national","national","false","survey","micro","https://datacatalog.worldbank.org/int/public-licenses#cc-by"
"BRA","2004","44.5","2.9","consistent","PNAD","income","2004","44.54","2.87","1981 - 2011","20260922_2021_01_02_PROD","2026-10-10T15:05:43.529Z","2026-10-10T15:05:43.529Z","false","2026-10-10T15:05:42.520Z","2026-10-08","https://api.worldbank.org/pip/v1/pip?country=all&year=all&fill_gaps=false&reporting_level=national&welfare_type=all&version=20260922_2021_01_02_PROD&format=json","national","national","false","survey","micro","https://datacatalog.worldbank.org/int/public-licenses#cc-by"
"BRA","2005","44.6","2.9","consistent","PNAD","income","2005","44.629999999999995","2.93","1981 - 2011","20260922_2021_01_02_PROD","2026-10-10T15:05:43.529Z","2026-10-10T15:05:43.529Z","false","2026-10-10T15:05:42.520Z","2026-10-08","https://api.worldbank.org/pip/v1/pip?country=all&year=all&fill_gaps=false&reporting_level=national&welfare_type=all&version=20260922_2021_01_02_PROD&format=json","national","national","false","survey","micro","https://datacatalog.worldbank.org/int/public-licenses#cc-by"
"BRA","2006","44.1","3","consistent","PNAD","income","2006","44.06","3.0300000000000002","1981 - 2011","20260922_2021_01_02_PROD","2026-10-10T15:05:43.529Z","2026-10-10T15:05:43.529Z","false","2026-10-10T15:05:42.520Z","2026-10-08","https://api.worldbank.org/pip/v1/pip?country=all&year=all&fill_gaps=false&reporting_level=national&welfare_type=all&version=20260922_2021_01_02_PROD&format=json","national","national","false","survey","micro","https://datacatalog.worldbank.org/int/public-licenses#cc-by"
"BRA","2007","43.2","3","consistent","PNAD","income","2007","43.19","3.0300000000000002","1981 - 2011","20260922_2021_01_02_PROD","2026-10-10T15:05:43.529Z","2026-10-10T15:05:43.529Z","false","2026-10-10T15:05:42.520Z","2026-10-08","https://api.worldbank.org/pip/v1/pip?country=all&year=all&fill_gaps=false&reporting_level=national&welfare_type=all&version=20260922_2021_01_02_PROD&format=json","national","national","false","survey","micro","https://datacatalog.worldbank.org/int/public-licenses#cc-by"
"BRA","2008","42.5","3.2","consistent","PNAD","income","2008","42.5","3.2","1981 - 2011","20260922_2021_01_02_PROD","2026-10-10T15:05:43.529Z","2026-10-10T15:05:43.529Z","false","2026-10-10T15:05:42.520Z","2026-10-08","https://api.worldbank.org/pip/v1/pip?country=all&year=all&fill_gaps=false&reporting_level=national&welfare_type=all&version=20260922_2021_01_02_PROD&format=json","national","national","false","survey","micro","https://datacatalog.worldbank.org/int/public-licenses#cc-by"
"BRA","2009","42.2","3.2","consistent","PNAD","income","2009","42.18","3.2300000000000004","1981 - 2011","20260922_2021_01_02_PROD","2026-10-10T15:05:43.529Z","2026-10-10T15:05:43.529Z","false","2026-10-10T15:05:42.520Z","2026-10-08","https://api.worldbank.org/pip/v1/pip?country=all&year=all&fill_gaps=false&reporting_level=national&welfare_type=all&version=20260922_2021_01_02_PROD&format=json","national","national","false","survey","micro","https://datacatalog.worldbank.org/int/public-licenses#cc-by"
"BRA","2011","41.7","3.3","consistent","PNAD","income","2011","41.71","3.3299999999999996","1981 - 2011","20260922_2021_01_02_PROD","2026-10-10T15:05:43.529Z","2026-10-10T15:05:43.529Z","false","2026-10-10T15:05:42.520Z","2026-10-08","https://api.worldbank.org/pip/v1/pip?country=all&year=all&fill_gaps=false&reporting_level=national&welfare_type=all&version=20260922_2021_01_02_PROD&format=json","national","national","false","survey","micro","https://datacatalog.worldbank.org/int/public-licenses#cc-by"
"BRA","2012","42.4","3.4","precision-limited","PNADC-E1","income","2012","42.4","3.36","2012 - 2024","20260922_2021_01_02_PROD","2026-10-10T15:05:43.529Z","2026-10-10T15:05:43.529Z","false","2026-10-10T15:05:42.520Z","2026-10-08","https://api.worldbank.org/pip/v1/pip?country=all&year=all&fill_gaps=false&reporting_level=national&welfare_type=all&version=20260922_2021_01_02_PROD&format=json","national","national","false","survey","micro","https://datacatalog.worldbank.org/int/public-licenses#cc-by"
"BRA","2013","41.8","3.5","consistent","PNADC-E1","income","2013","41.760000000000005","3.4799999999999995","2012 - 2024","20260922_2021_01_02_PROD","2026-10-10T15:05:43.529Z","2026-10-10T15:05:43.529Z","false","2026-10-10T15:05:42.520Z","2026-10-08","https://api.worldbank.org/pip/v1/pip?country=all&year=all&fill_gaps=false&reporting_level=national&welfare_type=all&version=20260922_2021_01_02_PROD&format=json","national","national","false","survey","micro","https://datacatalog.worldbank.org/int/public-licenses#cc-by"
"BRA","2014","41.1","3.6","consistent","PNADC-E1","income","2014","41.07","3.61","2012 - 2024","20260922_2021_01_02_PROD","2026-10-10T15:05:43.529Z","2026-10-10T15:05:43.529Z","false","2026-10-10T15:05:42.520Z","2026-10-08","https://api.worldbank.org/pip/v1/pip?country=all&year=all&fill_gaps=false&reporting_level=national&welfare_type=all&version=20260922_2021_01_02_PROD&format=json","national","national","false","survey","micro","https://datacatalog.worldbank.org/int/public-licenses#cc-by"
"BRA","2015","40.9","3.6","precision-limited","PNADC-E1","income","2015","40.87","3.56","2012 - 2024","20260922_2021_01_02_PROD","2026-10-10T15:05:43.529Z","2026-10-10T15:05:43.529Z","false","2026-10-10T15:05:42.520Z","2026-10-08","https://api.worldbank.org/pip/v1/pip?country=all&year=all&fill_gaps=false&reporting_level=national&welfare_type=all&version=20260922_2021_01_02_PROD&format=json","national","national","false","survey","micro","https://datacatalog.worldbank.org/int/public-licenses#cc-by"
"BRA","2016","42","3.3","precision-limited","PNADC-E1","income","2016","42.05","3.2600000000000002","2012 - 2024","20260922_2021_01_02_PROD","2026-10-10T15:05:43.529Z","2026-10-10T15:05:43.529Z","false","2026-10-10T15:05:42.520Z","2026-10-08","https://api.worldbank.org/pip/v1/pip?country=all&year=all&fill_gaps=false&reporting_level=national&welfare_type=all&version=20260922_2021_01_02_PROD&format=json","national","national","false","survey","micro","https://datacatalog.worldbank.org/int/public-licenses#cc-by"
"BRA","2017","41.9","3.2","consistent","PNADC-E1","income","2017","41.92","3.2","2012 - 2024","20260922_2021_01_02_PROD","2026-10-10T15:05:43.529Z","2026-10-10T15:05:43.529Z","false","2026-10-10T15:05:42.520Z","2026-10-08","https://api.worldbank.org/pip/v1/pip?country=all&year=all&fill_gaps=false&reporting_level=national&welfare_type=all&version=20260922_2021_01_02_PROD&format=json","national","national","false","survey","micro","https://datacatalog.worldbank.org/int/public-licenses#cc-by"
"BRA","2018","42.5","3.1","consistent","PNADC-E1","income","2018","42.47","3.1199999999999997","2012 - 2024","20260922_2021_01_02_PROD","2026-10-10T15:05:43.529Z","2026-10-10T15:05:43.529Z","false","2026-10-10T15:05:42.520Z","2026-10-08","https://api.worldbank.org/pip/v1/pip?country=all&year=all&fill_gaps=false&reporting_level=national&welfare_type=all&version=20260922_2021_01_02_PROD&format=json","national","national","false","survey","micro","https://datacatalog.worldbank.org/int/public-licenses#cc-by"
"BRA","2019","41.9","3.1","consistent","PNADC-E1","income","2019","41.92","3.1","2012 - 2024","20260922_2021_01_02_PROD","2026-10-10T15:05:43.529Z","2026-10-10T15:05:43.529Z","false","2026-10-10T15:05:42.520Z","2026-10-08","https://api.worldbank.org/pip/v1/pip?country=all&year=all&fill_gaps=false&reporting_level=national&welfare_type=all&version=20260922_2021_01_02_PROD&format=json","national","national","false","survey","micro","https://datacatalog.worldbank.org/int/public-licenses#cc-by"
"BRA","2020","39.4","4.5","consistent","PNADC-E5","income","2020","39.4","4.48","2012 - 2024","20260922_2021_01_02_PROD","2026-10-10T15:05:43.529Z","2026-10-10T15:05:43.529Z","false","2026-10-10T15:05:42.520Z","2026-10-08","https://api.worldbank.org/pip/v1/pip?country=all&year=all&fill_gaps=false&reporting_level=national&welfare_type=all&version=20260922_2021_01_02_PROD&format=json","national","national","false","survey","micro","https://datacatalog.worldbank.org/int/public-licenses#cc-by"
"BRA","2021","41.5","3.3","consistent","PNADC-E5","income","2021","41.48","3.3000000000000003","2012 - 2024","20260922_2021_01_02_PROD","2026-10-10T15:05:43.529Z","2026-10-10T15:05:43.529Z","false","2026-10-10T15:05:42.520Z","2026-10-08","https://api.worldbank.org/pip/v1/pip?country=all&year=all&fill_gaps=false&reporting_level=national&welfare_type=all&version=20260922_2021_01_02_PROD&format=json","national","national","false","survey","micro","https://datacatalog.worldbank.org/int/public-licenses#cc-by"
"BRA","2022","40.8","3.6","precision-limited","PNADC-E1","income","2022","40.849999999999994","3.61","2012 - 2024","20260922_2021_01_02_PROD","2026-10-10T15:05:43.529Z","2026-10-10T15:05:43.529Z","false","2026-10-10T15:05:42.520Z","2026-10-08","https://api.worldbank.org/pip/v1/pip?country=all&year=all&fill_gaps=false&reporting_level=national&welfare_type=all&version=20260922_2021_01_02_PROD&format=json","national","national","false","survey","micro","https://datacatalog.worldbank.org/int/public-licenses#cc-by"
"BRA","2023","40.7","3.7","precision-limited","PNADC-E1","income","2023","40.65","3.71","2012 - 2024","20260922_2021_01_02_PROD","2026-10-10T15:05:43.529Z","2026-10-10T15:05:43.529Z","false","2026-10-10T15:05:42.520Z","2026-10-08","https://api.worldbank.org/pip/v1/pip?country=all&year=all&fill_gaps=false&reporting_level=national&welfare_type=all&version=20260922_2021_01_02_PROD&format=json","national","national","false","survey","micro","https://datacatalog.worldbank.org/int/public-licenses#cc-by"
"BRA","2024","39.3","3.9","consistent","PNADC-E1","income","2024","39.33","3.91","2012 - 2024","20260922_2021_01_02_PROD","2026-10-10T15:05:43.529Z","2026-10-10T15:05:43.529Z","false","2026-10-10T15:05:42.520Z","2026-10-08","https://api.worldbank.org/pip/v1/pip?country=all&year=all&fill_gaps=false&reporting_level=national&welfare_type=all&version=20260922_2021_01_02_PROD&format=json","national","national","false","survey","micro","https://datacatalog.worldbank.org/int/public-licenses#cc-by"
"BGR","2001","24.9","7.1","consistent","IHS","consumption","2001","24.91","7.07","1995 - 2001","20260922_2021_01_02_PROD","2026-10-10T15:05:43.529Z","2026-10-10T15:05:43.529Z","false","2026-10-10T15:05:42.520Z","2026-10-08","https://api.worldbank.org/pip/v1/pip?country=all&year=all&fill_gaps=false&reporting_level=national&welfare_type=all&version=20260922_2021_01_02_PROD&format=json","national","national","false","survey","micro","https://datacatalog.worldbank.org/int/public-licenses#cc-by"
"BGR","2003","23.6","8.8","precision-limited","MTHS","consumption","2003","23.62","8.75","2003 - 2007","20260922_2021_01_02_PROD","2026-10-10T15:05:43.529Z","2026-10-10T15:05:43.529Z","false","2026-10-10T15:05:42.520Z","2026-10-08","https://api.worldbank.org/pip/v1/pip?country=all&year=all&fill_gaps=false&reporting_level=national&welfare_type=all&version=20260922_2021_01_02_PROD&format=json","national","national","false","survey","micro","https://datacatalog.worldbank.org/int/public-licenses#cc-by"
"BGR","2006","26.6","5.7","precision-limited","EU-SILC","income","2006","26.55","5.66","2006 - 2014","20260922_2021_01_02_PROD","2026-10-10T15:05:43.529Z","2026-10-10T15:05:43.529Z","false","2026-10-10T15:05:42.520Z","2026-10-08","https://api.worldbank.org/pip/v1/pip?country=all&year=all&fill_gaps=false&reporting_level=national&welfare_type=all&version=20260922_2021_01_02_PROD&format=json","national","national","false","survey","micro","https://datacatalog.worldbank.org/int/public-licenses#cc-by"
"BGR","2007","27.9","6.5","consistent","EU-SILC","income","2007","27.939999999999998","6.5","2006 - 2014","20260922_2021_01_02_PROD","2026-10-10T15:05:43.529Z","2026-10-10T15:05:43.529Z","false","2026-10-10T15:05:42.520Z","2026-10-08","https://api.worldbank.org/pip/v1/pip?country=all&year=all&fill_gaps=false&reporting_level=national&welfare_type=all&version=20260922_2021_01_02_PROD&format=json","national","national","false","survey","micro","https://datacatalog.worldbank.org/int/public-licenses#cc-by"
"BGR","2008","25.7","6.9","precision-limited","EU-SILC","income","2008","25.669999999999998","6.939999999999999","2006 - 2014","20260922_2021_01_02_PROD","2026-10-10T15:05:43.529Z","2026-10-10T15:05:43.529Z","false","2026-10-10T15:05:42.520Z","2026-10-08","https://api.worldbank.org/pip/v1/pip?country=all&year=all&fill_gaps=false&reporting_level=national&welfare_type=all&version=20260922_2021_01_02_PROD&format=json","national","national","false","survey","micro","https://datacatalog.worldbank.org/int/public-licenses#cc-by"
"BGR","2009","25.7","6.8","consistent","EU-SILC","income","2009","25.69","6.79","2006 - 2014","20260922_2021_01_02_PROD","2026-10-10T15:05:43.529Z","2026-10-10T15:05:43.529Z","false","2026-10-10T15:05:42.520Z","2026-10-08","https://api.worldbank.org/pip/v1/pip?country=all&year=all&fill_gaps=false&reporting_level=national&welfare_type=all&version=20260922_2021_01_02_PROD&format=json","national","national","false","survey","micro","https://datacatalog.worldbank.org/int/public-licenses#cc-by"
"BGR","2010","26.9","6.3","precision-limited","EU-SILC","income","2010","26.900000000000002","6.260000000000001","2006 - 2014","20260922_2021_01_02_PROD","2026-10-10T15:05:43.529Z","2026-10-10T15:05:43.529Z","false","2026-10-10T15:05:42.520Z","2026-10-08","https://api.worldbank.org/pip/v1/pip?country=all&year=all&fill_gaps=false&reporting_level=national&welfare_type=all&version=20260922_2021_01_02_PROD&format=json","national","national","false","survey","micro","https://datacatalog.worldbank.org/int/public-licenses#cc-by"
"BGR","2011","26","6.4","consistent","EU-SILC","income","2011","26.029999999999998","6.41","2006 - 2014","20260922_2021_01_02_PROD","2026-10-10T15:05:43.529Z","2026-10-10T15:05:43.529Z","false","2026-10-10T15:05:42.520Z","2026-10-08","https://api.worldbank.org/pip/v1/pip?country=all&year=all&fill_gaps=false&reporting_level=national&welfare_type=all&version=20260922_2021_01_02_PROD&format=json","national","national","false","survey","micro","https://datacatalog.worldbank.org/int/public-licenses#cc-by"
"BGR","2012","27.4","6.2","precision-limited","EU-SILC","income","2012","27.38","6.16","2006 - 2014","20260922_2021_01_02_PROD","2026-10-10T15:05:43.529Z","2026-10-10T15:05:43.529Z","false","2026-10-10T15:05:42.520Z","2026-10-08","https://api.worldbank.org/pip/v1/pip?country=all&year=all&fill_gaps=false&reporting_level=national&welfare_type=all&version=20260922_2021_01_02_PROD&format=json","national","national","false","survey","micro","https://datacatalog.worldbank.org/int/public-licenses#cc-by"
"BGR","2013","27.6","5.7","consistent","EU-SILC","income","2013","27.560000000000002","5.72","2006 - 2014","20260922_2021_01_02_PROD","2026-10-10T15:05:43.529Z","2026-10-10T15:05:43.529Z","false","2026-10-10T15:05:42.520Z","2026-10-08","https://api.worldbank.org/pip/v1/pip?country=all&year=all&fill_gaps=false&reporting_level=national&welfare_type=all&version=20260922_2021_01_02_PROD&format=json","national","national","false","survey","micro","https://datacatalog.worldbank.org/int/public-licenses#cc-by"
"BGR","2014","28.8","6","consistent","EU-SILC","income","2014","28.799999999999997","6","2006 - 2014","20260922_2021_01_02_PROD","2026-10-10T15:05:43.529Z","2026-10-10T15:05:43.529Z","false","2026-10-10T15:05:42.520Z","2026-10-08","https://api.worldbank.org/pip/v1/pip?country=all&year=all&fill_gaps=false&reporting_level=national&welfare_type=all&version=20260922_2021_01_02_PROD&format=json","national","national","false","survey","micro","https://datacatalog.worldbank.org/int/public-licenses#cc-by"
"BGR","2015","28.7","5.3","consistent","EU-SILC","income","2015","28.720000000000002","5.27","2015 - 2023","20260922_2021_01_02_PROD","2026-10-10T15:05:43.529Z","2026-10-10T15:05:43.529Z","false","2026-10-10T15:05:42.520Z","2026-10-08","https://api.worldbank.org/pip/v1/pip?country=all&year=all&fill_gaps=false&reporting_level=national&welfare_type=all&version=20260922_2021_01_02_PROD&format=json","national","national","false","survey","micro","https://datacatalog.worldbank.org/int/public-licenses#cc-by"
"BGR","2016","31.4","5.4","consistent","EU-SILC","income","2016","31.430000000000003","5.38","2015 - 2023","20260922_2021_01_02_PROD","2026-10-10T15:05:43.529Z","2026-10-10T15:05:43.529Z","false","2026-10-10T15:05:42.520Z","2026-10-08","https://api.worldbank.org/pip/v1/pip?country=all&year=all&fill_gaps=false&reporting_level=national&welfare_type=all&version=20260922_2021_01_02_PROD&format=json","national","national","false","survey","micro","https://datacatalog.worldbank.org/int/public-licenses#cc-by"
"BGR","2017","31.9","5.7","consistent","EU-SILC","income","2017","31.879999999999995","5.73","2015 - 2023","20260922_2021_01_02_PROD","2026-10-10T15:05:43.529Z","2026-10-10T15:05:43.529Z","false","2026-10-10T15:05:42.520Z","2026-10-08","https://api.worldbank.org/pip/v1/pip?country=all&year=all&fill_gaps=false&reporting_level=national&welfare_type=all&version=20260922_2021_01_02_PROD&format=json","national","national","false","survey","micro","https://datacatalog.worldbank.org/int/public-licenses#cc-by"
"BGR","2018","32.6","5.7","consistent","EU-SILC","income","2018","32.61","5.71","2015 - 2023","20260922_2021_01_02_PROD","2026-10-10T15:05:43.529Z","2026-10-10T15:05:43.529Z","false","2026-10-10T15:05:42.520Z","2026-10-08","https://api.worldbank.org/pip/v1/pip?country=all&year=all&fill_gaps=false&reporting_level=national&welfare_type=all&version=20260922_2021_01_02_PROD&format=json","national","national","false","survey","micro","https://datacatalog.worldbank.org/int/public-licenses#cc-by"
"BGR","2019","31.4","5.7","consistent","EU-SILC","income","2019","31.4","5.69","2015 - 2023","20260922_2021_01_02_PROD","2026-10-10T15:05:43.529Z","2026-10-10T15:05:43.529Z","false","2026-10-10T15:05:42.520Z","2026-10-08","https://api.worldbank.org/pip/v1/pip?country=all&year=all&fill_gaps=false&reporting_level=national&welfare_type=all&version=20260922_2021_01_02_PROD&format=json","national","national","false","survey","micro","https://datacatalog.worldbank.org/int/public-licenses#cc-by"
"BGR","2020","32.6","6.1","consistent","EU-SILC","income","2020","32.56","6.13","2015 - 2023","20260922_2021_01_02_PROD","2026-10-10T15:05:43.529Z","2026-10-10T15:05:43.529Z","false","2026-10-10T15:05:42.520Z","2026-10-08","https://api.worldbank.org/pip/v1/pip?country=all&year=all&fill_gaps=false&reporting_level=national&welfare_type=all&version=20260922_2021_01_02_PROD&format=json","national","national","false","survey","micro","https://datacatalog.worldbank.org/int/public-licenses#cc-by"
"BGR","2021","29.9","6.1","consistent","EU-SILC","income","2021","29.89","6.069999999999999","2015 - 2023","20260922_2021_01_02_PROD","2026-10-10T15:05:43.529Z","2026-10-10T15:05:43.529Z","false","2026-10-10T15:05:42.520Z","2026-10-08","https://api.worldbank.org/pip/v1/pip?country=all&year=all&fill_gaps=false&reporting_level=national&welfare_type=all&version=20260922_2021_01_02_PROD&format=json","national","national","false","survey","micro","https://datacatalog.worldbank.org/int/public-licenses#cc-by"
"BGR","2022","30.1","6.2","consistent","EU-SILC","income","2022","30.09","6.17","2015 - 2023","20260922_2021_01_02_PROD","2026-10-10T15:05:43.529Z","2026-10-10T15:05:43.529Z","false","2026-10-10T15:05:42.520Z","2026-10-08","https://api.worldbank.org/pip/v1/pip?country=all&year=all&fill_gaps=false&reporting_level=national&welfare_type=all&version=20260922_2021_01_02_PROD&format=json","national","national","false","survey","micro","https://datacatalog.worldbank.org/int/public-licenses#cc-by"
"BGR","2023","31.1","6","consistent","EU-SILC","income","2023","31.14","5.989999999999999","2015 - 2023","20260922_2021_01_02_PROD","2026-10-10T15:05:43.529Z","2026-10-10T15:05:43.529Z","false","2026-10-10T15:05:42.520Z","2026-10-08","https://api.worldbank.org/pip/v1/pip?country=all&year=all&fill_gaps=false&reporting_level=national&welfare_type=all&version=20260922_2021_01_02_PROD&format=json","national","national","false","survey","micro","https://datacatalog.worldbank.org/int/public-licenses#cc-by"
"BFA","2003","33.8","5.8","consistent","ECVM","consumption","2003","33.78","5.7700000000000005","1998 - 2003","20260922_2021_01_02_PROD","2026-10-10T15:05:43.529Z","2026-10-10T15:05:43.529Z","false","2026-10-10T15:05:42.520Z","2026-10-08","https://api.worldbank.org/pip/v1/pip?country=all&year=all&fill_gaps=false&reporting_level=national&welfare_type=all&version=20260922_2021_01_02_PROD&format=json","national","national","false","survey","micro","https://datacatalog.worldbank.org/int/public-licenses#cc-by"
"BFA","2009","32","6.7","precision-limited","ECVM","consumption","2009","32.05","6.7","2009","20260922_2021_01_02_PROD","2026-10-10T15:05:43.529Z","2026-10-10T15:05:43.529Z","false","2026-10-10T15:05:42.520Z","2026-10-08","https://api.worldbank.org/pip/v1/pip?country=all&year=all&fill_gaps=false&reporting_level=national&welfare_type=all&version=20260922_2021_01_02_PROD&format=json","national","national","false","survey","micro","https://datacatalog.worldbank.org/int/public-licenses#cc-by"
"BFA","2014","29.6","8.3","consistent","EMC","consumption","2014","29.599999999999998","8.31","2014","20260922_2021_01_02_PROD","2026-10-10T15:05:43.529Z","2026-10-10T15:05:43.529Z","false","2026-10-10T15:05:42.520Z","2026-10-08","https://api.worldbank.org/pip/v1/pip?country=all&year=all&fill_gaps=false&reporting_level=national&welfare_type=all&version=20260922_2021_01_02_PROD&format=json","national","national","false","survey","micro","https://datacatalog.worldbank.org/int/public-licenses#cc-by"
"BFA","2018","35.3","6.3","precision-limited","EHCVM","consumption","2018.5","35.339999999999996","6.34","2018 - 2021","20260922_2021_01_02_PROD","2026-10-10T15:05:43.529Z","2026-10-10T15:05:43.529Z","false","2026-10-10T15:05:42.520Z","2026-10-08","https://api.worldbank.org/pip/v1/pip?country=all&year=all&fill_gaps=false&reporting_level=national&welfare_type=all&version=20260922_2021_01_02_PROD&format=json","national","national","false","survey","micro","https://datacatalog.worldbank.org/int/public-licenses#cc-by"
"BFA","2021","30.2","7.3","consistent","EHCVM","consumption","2021.67","30.18","7.2700000000000005","2018 - 2021","20260922_2021_01_02_PROD","2026-10-10T15:05:43.529Z","2026-10-10T15:05:43.529Z","false","2026-10-10T15:05:42.520Z","2026-10-08","https://api.worldbank.org/pip/v1/pip?country=all&year=all&fill_gaps=false&reporting_level=national&welfare_type=all&version=20260922_2021_01_02_PROD&format=json","national","national","false","survey","micro","https://datacatalog.worldbank.org/int/public-licenses#cc-by"
"BDI","2006","28","8.9","precision-limited","QUIBB","consumption","2006","27.950000000000003","8.93","1998 - 2006","20260922_2021_01_02_PROD","2026-10-10T15:05:43.529Z","2026-10-10T15:05:43.529Z","false","2026-10-10T15:05:42.520Z","2026-10-08","https://api.worldbank.org/pip/v1/pip?country=all&year=all&fill_gaps=false&reporting_level=national&welfare_type=all&version=20260922_2021_01_02_PROD&format=json","national","national","false","survey","micro","https://datacatalog.worldbank.org/int/public-licenses#cc-by"
"BDI","2013","31","6.9","precision-limited","ECVMB","consumption","2013.5","31.019999999999996","6.859999999999999","2013","20260922_2021_01_02_PROD","2026-10-10T15:05:43.529Z","2026-10-10T15:05:43.529Z","false","2026-10-10T15:05:42.520Z","2026-10-08","https://api.worldbank.org/pip/v1/pip?country=all&year=all&fill_gaps=false&reporting_level=national&welfare_type=all&version=20260922_2021_01_02_PROD&format=json","national","national","false","survey","micro","https://datacatalog.worldbank.org/int/public-licenses#cc-by"
"BDI","2020","29.9","7.1","precision-limited","EICVMB","consumption","2020.15","29.86","7.06","2020","20260922_2021_01_02_PROD","2026-10-10T15:05:43.529Z","2026-10-10T15:05:43.529Z","false","2026-10-10T15:05:42.520Z","2026-10-08","https://api.worldbank.org/pip/v1/pip?country=all&year=all&fill_gaps=false&reporting_level=national&welfare_type=all&version=20260922_2021_01_02_PROD&format=json","national","national","false","survey","micro","https://datacatalog.worldbank.org/int/public-licenses#cc-by"
"CPV","2001","42.6","4.2","precision-limited","IDRF","consumption","2001.77","42.64","4.16","2001","20260922_2021_01_02_PROD","2026-10-10T15:05:43.529Z","2026-10-10T15:05:43.529Z","false","2026-10-10T15:05:42.520Z","2026-10-08","https://api.worldbank.org/pip/v1/pip?country=all&year=all&fill_gaps=false&reporting_level=national&welfare_type=all&version=20260922_2021_01_02_PROD&format=json","national","national","false","survey","micro","https://datacatalog.worldbank.org/int/public-licenses#cc-by"
"CPV","2007","37.1","5","consistent","QUIBB","consumption","2007.33","37.14","4.9799999999999995","2007","20260922_2021_01_02_PROD","2026-10-10T15:05:43.529Z","2026-10-10T15:05:43.529Z","false","2026-10-10T15:05:42.520Z","2026-10-08","https://api.worldbank.org/pip/v1/pip?country=all&year=all&fill_gaps=false&reporting_level=national&welfare_type=all&version=20260922_2021_01_02_PROD&format=json","national","national","false","survey","micro","https://datacatalog.worldbank.org/int/public-licenses#cc-by"
"CPV","2015","32.3","5.7","precision-limited","IDRF","consumption","2015","32.29","5.66","2015","20260922_2021_01_02_PROD","2026-10-10T15:05:43.529Z","2026-10-10T15:05:43.529Z","false","2026-10-10T15:05:42.520Z","2026-10-08","https://api.worldbank.org/pip/v1/pip?country=all&year=all&fill_gaps=false&reporting_level=national&welfare_type=all&version=20260922_2021_01_02_PROD&format=json","national","national","false","survey","micro","https://datacatalog.worldbank.org/int/public-licenses#cc-by"
"CMR","2001","33.6","6.2","consistent","ECAM-II","consumption","2001","33.629999999999995","6.170000000000001","2001 - 2014","20260922_2021_01_02_PROD","2026-10-10T15:05:43.529Z","2026-10-10T15:05:43.529Z","false","2026-10-10T15:05:42.520Z","2026-10-08","https://api.worldbank.org/pip/v1/pip?country=all&year=all&fill_gaps=false&reporting_level=national&welfare_type=all&version=20260922_2021_01_02_PROD&format=json","national","national","false","survey","micro","https://datacatalog.worldbank.org/int/public-licenses#cc-by"
"CMR","2007","33","5.8","consistent","ECAM-III","consumption","2007","33.040000000000006","5.83","2001 - 2014","20260922_2021_01_02_PROD","2026-10-10T15:05:43.529Z","2026-10-10T15:05:43.529Z","false","2026-10-10T15:05:42.520Z","2026-10-08","https://api.worldbank.org/pip/v1/pip?country=all&year=all&fill_gaps=false&reporting_level=national&welfare_type=all&version=20260922_2021_01_02_PROD&format=json","national","national","false","survey","micro","https://datacatalog.worldbank.org/int/public-licenses#cc-by"
"CMR","2014","35","4.5","consistent","ECAM-IV","consumption","2014","35.04","4.51","2001 - 2014","20260922_2021_01_02_PROD","2026-10-10T15:05:43.529Z","2026-10-10T15:05:43.529Z","false","2026-10-10T15:05:42.520Z","2026-10-08","https://api.worldbank.org/pip/v1/pip?country=all&year=all&fill_gaps=false&reporting_level=national&welfare_type=all&version=20260922_2021_01_02_PROD&format=json","national","national","false","survey","micro","https://datacatalog.worldbank.org/int/public-licenses#cc-by"
"CMR","2021","31.1","5.4","precision-limited","ECAM-V","consumption","2021.67","31.15","5.41","2021","20260922_2021_01_02_PROD","2026-10-10T15:05:43.529Z","2026-10-10T15:05:43.529Z","false","2026-10-10T15:05:42.520Z","2026-10-08","https://api.worldbank.org/pip/v1/pip?country=all&year=all&fill_gaps=false&reporting_level=national&welfare_type=all&version=20260922_2021_01_02_PROD&format=json","national","national","false","survey","micro","https://datacatalog.worldbank.org/int/public-licenses#cc-by"
"CAN","2000","25.6","7.1","consistent","SLID-LIS","income","2000","25.619999999999997","7.109999999999999","1996 - 2011","20260922_2021_01_02_PROD","2026-10-10T15:05:43.529Z","2026-10-10T15:05:43.529Z","false","2026-10-10T15:05:42.520Z","2026-10-08","https://api.worldbank.org/pip/v1/pip?country=all&year=all&fill_gaps=false&reporting_level=national&welfare_type=all&version=20260922_2021_01_02_PROD&format=json","national","national","false","survey","micro","https://datacatalog.worldbank.org/int/public-licenses#cc-by"
"CAN","2001","25.7","7.1","consistent","SLID-LIS","income","2001","25.679999999999996","7.109999999999999","1996 - 2011","20260922_2021_01_02_PROD","2026-10-10T15:05:43.529Z","2026-10-10T15:05:43.529Z","false","2026-10-10T15:05:42.520Z","2026-10-08","https://api.worldbank.org/pip/v1/pip?country=all&year=all&fill_gaps=false&reporting_level=national&welfare_type=all&version=20260922_2021_01_02_PROD&format=json","national","national","false","survey","micro","https://datacatalog.worldbank.org/int/public-licenses#cc-by"
"CAN","2002","25.5","7.1","consistent","SLID-LIS","income","2002","25.52","7.08","1996 - 2011","20260922_2021_01_02_PROD","2026-10-10T15:05:43.529Z","2026-10-10T15:05:43.529Z","false","2026-10-10T15:05:42.520Z","2026-10-08","https://api.worldbank.org/pip/v1/pip?country=all&year=all&fill_gaps=false&reporting_level=national&welfare_type=all&version=20260922_2021_01_02_PROD&format=json","national","national","false","survey","micro","https://datacatalog.worldbank.org/int/public-licenses#cc-by"
"CAN","2003","25.8","7","consistent","SLID-LIS","income","2003","25.779999999999998","6.99","1996 - 2011","20260922_2021_01_02_PROD","2026-10-10T15:05:43.529Z","2026-10-10T15:05:43.529Z","false","2026-10-10T15:05:42.520Z","2026-10-08","https://api.worldbank.org/pip/v1/pip?country=all&year=all&fill_gaps=false&reporting_level=national&welfare_type=all&version=20260922_2021_01_02_PROD&format=json","national","national","false","survey","micro","https://datacatalog.worldbank.org/int/public-licenses#cc-by"
"CAN","2004","25.6","7","consistent","SLID-LIS","income","2004","25.629999999999995","6.97","1996 - 2011","20260922_2021_01_02_PROD","2026-10-10T15:05:43.529Z","2026-10-10T15:05:43.529Z","false","2026-10-10T15:05:42.520Z","2026-10-08","https://api.worldbank.org/pip/v1/pip?country=all&year=all&fill_gaps=false&reporting_level=national&welfare_type=all&version=20260922_2021_01_02_PROD&format=json","national","national","false","survey","micro","https://datacatalog.worldbank.org/int/public-licenses#cc-by"
"CAN","2005","25.6","7.1","precision-limited","SLID-LIS","income","2005","25.64","7.050000000000001","1996 - 2011","20260922_2021_01_02_PROD","2026-10-10T15:05:43.529Z","2026-10-10T15:05:43.529Z","false","2026-10-10T15:05:42.520Z","2026-10-08","https://api.worldbank.org/pip/v1/pip?country=all&year=all&fill_gaps=false&reporting_level=national&welfare_type=all&version=20260922_2021_01_02_PROD&format=json","national","national","false","survey","micro","https://datacatalog.worldbank.org/int/public-licenses#cc-by"
"CAN","2006","26.1","7.1","consistent","SLID-LIS","income","2006","26.090000000000003","7.07","1996 - 2011","20260922_2021_01_02_PROD","2026-10-10T15:05:43.529Z","2026-10-10T15:05:43.529Z","false","2026-10-10T15:05:42.520Z","2026-10-08","https://api.worldbank.org/pip/v1/pip?country=all&year=all&fill_gaps=false&reporting_level=national&welfare_type=all&version=20260922_2021_01_02_PROD&format=json","national","national","false","survey","micro","https://datacatalog.worldbank.org/int/public-licenses#cc-by"
"CAN","2007","26","7.2","precision-limited","SLID-LIS","income","2007","26.05","7.19","1996 - 2011","20260922_2021_01_02_PROD","2026-10-10T15:05:43.529Z","2026-10-10T15:05:43.529Z","false","2026-10-10T15:05:42.520Z","2026-10-08","https://api.worldbank.org/pip/v1/pip?country=all&year=all&fill_gaps=false&reporting_level=national&welfare_type=all&version=20260922_2021_01_02_PROD&format=json","national","national","false","survey","micro","https://datacatalog.worldbank.org/int/public-licenses#cc-by"
"CAN","2008","26","7","precision-limited","SLID-LIS","income","2008","25.979999999999997","7.04","1996 - 2011","20260922_2021_01_02_PROD","2026-10-10T15:05:43.529Z","2026-10-10T15:05:43.529Z","false","2026-10-10T15:05:42.520Z","2026-10-08","https://api.worldbank.org/pip/v1/pip?country=all&year=all&fill_gaps=false&reporting_level=national&welfare_type=all&version=20260922_2021_01_02_PROD&format=json","national","national","false","survey","micro","https://datacatalog.worldbank.org/int/public-licenses#cc-by"
"CAN","2009","25.9","7","precision-limited","SLID-LIS","income","2009","25.869999999999997","7.04","1996 - 2011","20260922_2021_01_02_PROD","2026-10-10T15:05:43.529Z","2026-10-10T15:05:43.529Z","false","2026-10-10T15:05:42.520Z","2026-10-08","https://api.worldbank.org/pip/v1/pip?country=all&year=all&fill_gaps=false&reporting_level=national&welfare_type=all&version=20260922_2021_01_02_PROD&format=json","national","national","false","survey","micro","https://datacatalog.worldbank.org/int/public-licenses#cc-by"
"CAN","2010","25.8","7.1","precision-limited","SLID-LIS","income","2010","25.759999999999998","7.140000000000001","1996 - 2011","20260922_2021_01_02_PROD","2026-10-10T15:05:43.529Z","2026-10-10T15:05:43.529Z","false","2026-10-10T15:05:42.520Z","2026-10-08","https://api.worldbank.org/pip/v1/pip?country=all&year=all&fill_gaps=false&reporting_level=national&welfare_type=all&version=20260922_2021_01_02_PROD&format=json","national","national","false","survey","micro","https://datacatalog.worldbank.org/int/public-licenses#cc-by"
"CAN","2011","25","7.3","precision-limited","SLID-LIS","income","2011","25.03","7.339999999999999","1996 - 2011","20260922_2021_01_02_PROD","2026-10-10T15:05:43.529Z","2026-10-10T15:05:43.529Z","false","2026-10-10T15:05:42.520Z","2026-10-08","https://api.worldbank.org/pip/v1/pip?country=all&year=all&fill_gaps=false&reporting_level=national&welfare_type=all&version=20260922_2021_01_02_PROD&format=json","national","national","false","survey","micro","https://datacatalog.worldbank.org/int/public-licenses#cc-by"
"CAN","2012","25.2","6.9","precision-limited","CIS-LIS","income","2012","25.2","6.859999999999999","2012 - 2022","20260922_2021_01_02_PROD","2026-10-10T15:05:43.529Z","2026-10-10T15:05:43.529Z","false","2026-10-10T15:05:42.520Z","2026-10-08","https://api.worldbank.org/pip/v1/pip?country=all&year=all&fill_gaps=false&reporting_level=national&welfare_type=all&version=20260922_2021_01_02_PROD&format=json","national","national","false","survey","micro","https://datacatalog.worldbank.org/int/public-licenses#cc-by"
"CAN","2013","25.1","6.7","precision-limited","CIS-LIS","income","2013","25.15","6.670000000000001","2012 - 2022","20260922_2021_01_02_PROD","2026-10-10T15:05:43.529Z","2026-10-10T15:05:43.529Z","false","2026-10-10T15:05:42.520Z","2026-10-08","https://api.worldbank.org/pip/v1/pip?country=all&year=all&fill_gaps=false&reporting_level=national&welfare_type=all&version=20260922_2021_01_02_PROD&format=json","national","national","false","survey","micro","https://datacatalog.worldbank.org/int/public-licenses#cc-by"
"CAN","2014","25.2","7.1","consistent","CIS-LIS","income","2014","25.180000000000003","7.090000000000001","2012 - 2022","20260922_2021_01_02_PROD","2026-10-10T15:05:43.529Z","2026-10-10T15:05:43.529Z","false","2026-10-10T15:05:42.520Z","2026-10-08","https://api.worldbank.org/pip/v1/pip?country=all&year=all&fill_gaps=false&reporting_level=national&welfare_type=all&version=20260922_2021_01_02_PROD&format=json","national","national","false","survey","micro","https://datacatalog.worldbank.org/int/public-licenses#cc-by"
"CAN","2015","25.5","6.9","consistent","CIS-LIS","income","2015","25.5","6.87","2012 - 2022","20260922_2021_01_02_PROD","2026-10-10T15:05:43.529Z","2026-10-10T15:05:43.529Z","false","2026-10-10T15:05:42.520Z","2026-10-08","https://api.worldbank.org/pip/v1/pip?country=all&year=all&fill_gaps=false&reporting_level=national&welfare_type=all&version=20260922_2021_01_02_PROD&format=json","national","national","false","survey","micro","https://datacatalog.worldbank.org/int/public-licenses#cc-by"
"CAN","2016","25","7.3","consistent","CIS-LIS","income","2016","24.990000000000002","7.3","2012 - 2022","20260922_2021_01_02_PROD","2026-10-10T15:05:43.529Z","2026-10-10T15:05:43.529Z","false","2026-10-10T15:05:42.520Z","2026-10-08","https://api.worldbank.org/pip/v1/pip?country=all&year=all&fill_gaps=false&reporting_level=national&welfare_type=all&version=20260922_2021_01_02_PROD&format=json","national","national","false","survey","micro","https://datacatalog.worldbank.org/int/public-licenses#cc-by"
"CAN","2017","25.3","7.1","precision-limited","CIS-LIS","income","2017","25.35","7.140000000000001","2012 - 2022","20260922_2021_01_02_PROD","2026-10-10T15:05:43.529Z","2026-10-10T15:05:43.529Z","false","2026-10-10T15:05:42.520Z","2026-10-08","https://api.worldbank.org/pip/v1/pip?country=all&year=all&fill_gaps=false&reporting_level=national&welfare_type=all&version=20260922_2021_01_02_PROD&format=json","national","national","false","survey","micro","https://datacatalog.worldbank.org/int/public-licenses#cc-by"
"CAN","2018","24.8","7.4","consistent","CIS-LIS","income","2018","24.82","7.380000000000001","2012 - 2022","20260922_2021_01_02_PROD","2026-10-10T15:05:43.529Z","2026-10-10T15:05:43.529Z","false","2026-10-10T15:05:42.520Z","2026-10-08","https://api.worldbank.org/pip/v1/pip?country=all&year=all&fill_gaps=false&reporting_level=national&welfare_type=all&version=20260922_2021_01_02_PROD&format=json","national","national","false","survey","micro","https://datacatalog.worldbank.org/int/public-licenses#cc-by"
"CAN","2019","24.4","7.6","consistent","CIS-LIS","income","2019","24.38","7.619999999999999","2012 - 2022","20260922_2021_01_02_PROD","2026-10-10T15:05:43.529Z","2026-10-10T15:05:43.529Z","false","2026-10-10T15:05:42.520Z","2026-10-08","https://api.worldbank.org/pip/v1/pip?country=all&year=all&fill_gaps=false&reporting_level=national&welfare_type=all&version=20260922_2021_01_02_PROD&format=json","national","national","false","survey","micro","https://datacatalog.worldbank.org/int/public-licenses#cc-by"
"CAN","2020","23.8","8.5","consistent","CIS-LIS","income","2020","23.79","8.48","2012 - 2022","20260922_2021_01_02_PROD","2026-10-10T15:05:43.529Z","2026-10-10T15:05:43.529Z","false","2026-10-10T15:05:42.520Z","2026-10-08","https://api.worldbank.org/pip/v1/pip?country=all&year=all&fill_gaps=false&reporting_level=national&welfare_type=all&version=20260922_2021_01_02_PROD&format=json","national","national","false","survey","micro","https://datacatalog.worldbank.org/int/public-licenses#cc-by"
"CAN","2021","24.5","8.1","consistent","CIS-LIS","income","2021","24.52","8.1","2012 - 2022","20260922_2021_01_02_PROD","2026-10-10T15:05:43.529Z","2026-10-10T15:05:43.529Z","false","2026-10-10T15:05:42.520Z","2026-10-08","https://api.worldbank.org/pip/v1/pip?country=all&year=all&fill_gaps=false&reporting_level=national&welfare_type=all&version=20260922_2021_01_02_PROD&format=json","national","national","false","survey","micro","https://datacatalog.worldbank.org/int/public-licenses#cc-by"
"CAN","2022","24.6","7.7","precision-limited","CIS-LIS","income","2022","24.55","7.75","2012 - 2022","20260922_2021_01_02_PROD","2026-10-10T15:05:43.529Z","2026-10-10T15:05:43.529Z","false","2026-10-10T15:05:42.520Z","2026-10-08","https://api.worldbank.org/pip/v1/pip?country=all&year=all&fill_gaps=false&reporting_level=national&welfare_type=all&version=20260922_2021_01_02_PROD&format=json","national","national","false","survey","micro","https://datacatalog.worldbank.org/int/public-licenses#cc-by"
"CAF","2008","46.2","3.4","precision-limited","ECASEB","consumption","2008","46.2","3.36","2008","20260922_2021_01_02_PROD","2026-10-10T15:05:43.529Z","2026-10-10T15:05:43.529Z","false","2026-10-10T15:05:42.520Z","2026-10-08","https://api.worldbank.org/pip/v1/pip?country=all&year=all&fill_gaps=false&reporting_level=national&welfare_type=all&version=20260922_2021_01_02_PROD&format=json","national","national","false","survey","micro","https://datacatalog.worldbank.org/int/public-licenses#cc-by"
"CAF","2021","33.1","5.6","precision-limited","EHCVM","consumption","2021","33.14","5.56","2021","20260922_2021_01_02_PROD","2026-10-10T15:05:43.529Z","2026-10-10T15:05:43.529Z","false","2026-10-10T15:05:42.520Z","2026-10-08","https://api.worldbank.org/pip/v1/pip?country=all&year=all&fill_gaps=false&reporting_level=national&welfare_type=all&version=20260922_2021_01_02_PROD&format=json","national","national","false","survey","micro","https://datacatalog.worldbank.org/int/public-licenses#cc-by"
"TCD","2003","30.7","6.3","consistent","ECOSIT-II","consumption","2003","30.709999999999997","6.3100000000000005","2003 - 2011","20260922_2021_01_02_PROD","2026-10-10T15:05:43.529Z","2026-10-10T15:05:43.529Z","false","2026-10-10T15:05:42.520Z","2026-10-08","https://api.worldbank.org/pip/v1/pip?country=all&year=all&fill_gaps=false&reporting_level=national&welfare_type=all&version=20260922_2021_01_02_PROD&format=json","national","national","false","survey","micro","https://datacatalog.worldbank.org/int/public-licenses#cc-by"
"TCD","2011","32.4","4.9","precision-limited","ECOSIT-III","consumption","2011","32.43","4.86","2003 - 2011","20260922_2021_01_02_PROD","2026-10-10T15:05:43.529Z","2026-10-10T15:05:43.529Z","false","2026-10-10T15:05:42.520Z","2026-10-08","https://api.worldbank.org/pip/v1/pip?country=all&year=all&fill_gaps=false&reporting_level=national&welfare_type=all&version=20260922_2021_01_02_PROD&format=json","national","national","false","survey","micro","https://datacatalog.worldbank.org/int/public-licenses#cc-by"
"TCD","2018","29.7","7.1","consistent","EHCVM","consumption","2018.5","29.7","7.1","2018 - 2022","20260922_2021_01_02_PROD","2026-10-10T15:05:43.529Z","2026-10-10T15:05:43.529Z","false","2026-10-10T15:05:42.520Z","2026-10-08","https://api.worldbank.org/pip/v1/pip?country=all&year=all&fill_gaps=false&reporting_level=national&welfare_type=all&version=20260922_2021_01_02_PROD&format=json","national","national","false","survey","micro","https://datacatalog.worldbank.org/int/public-licenses#cc-by"
"TCD","2022","29.5","6.9","consistent","EHCVM","consumption","2022","29.53","6.890000000000001","2018 - 2022","20260922_2021_01_02_PROD","2026-10-10T15:05:43.529Z","2026-10-10T15:05:43.529Z","false","2026-10-10T15:05:42.520Z","2026-10-08","https://api.worldbank.org/pip/v1/pip?country=all&year=all&fill_gaps=false&reporting_level=national&welfare_type=all&version=20260922_2021_01_02_PROD&format=json","national","national","false","survey","micro","https://datacatalog.worldbank.org/int/public-licenses#cc-by"
"CHL","2000","42.6","3.8","precision-limited","CASEN","income","2000","42.58","3.8400000000000003","2000 - 2003","20260922_2021_01_02_PROD","2026-10-10T15:05:43.529Z","2026-10-10T15:05:43.529Z","false","2026-10-10T15:05:42.520Z","2026-10-08","https://api.worldbank.org/pip/v1/pip?country=all&year=all&fill_gaps=false&reporting_level=national&welfare_type=all&version=20260922_2021_01_02_PROD&format=json","national","national","false","survey","micro","https://datacatalog.worldbank.org/int/public-licenses#cc-by"
"CHL","2003","41.4","4","precision-limited","CASEN","income","2003","41.349999999999994","4.02","2000 - 2003","20260922_2021_01_02_PROD","2026-10-10T15:05:43.529Z","2026-10-10T15:05:43.529Z","false","2026-10-10T15:05:42.520Z","2026-10-08","https://api.worldbank.org/pip/v1/pip?country=all&year=all&fill_gaps=false&reporting_level=national&welfare_type=all&version=20260922_2021_01_02_PROD&format=json","national","national","false","survey","micro","https://datacatalog.worldbank.org/int/public-licenses#cc-by"
"CHL","2006","38.2","4.9","consistent","CASEN","income","2006","38.21","4.88","2006 - 2024","20260922_2021_01_02_PROD","2026-10-10T15:05:43.529Z","2026-10-10T15:05:43.529Z","false","2026-10-10T15:05:42.520Z","2026-10-08","https://api.worldbank.org/pip/v1/pip?country=all&year=all&fill_gaps=false&reporting_level=national&welfare_type=all&version=20260922_2021_01_02_PROD&format=json","national","national","false","survey","micro","https://datacatalog.worldbank.org/int/public-licenses#cc-by"
"CHL","2009","38.4","5.1","consistent","CASEN","income","2009","38.39","5.08","2006 - 2024","20260922_2021_01_02_PROD","2026-10-10T15:05:43.529Z","2026-10-10T15:05:43.529Z","false","2026-10-10T15:05:42.520Z","2026-10-08","https://api.worldbank.org/pip/v1/pip?country=all&year=all&fill_gaps=false&reporting_level=national&welfare_type=all&version=20260922_2021_01_02_PROD&format=json","national","national","false","survey","micro","https://datacatalog.worldbank.org/int/public-licenses#cc-by"
"CHL","2011","38","5.2","consistent","CASEN","income","2011","38.04","5.2299999999999995","2006 - 2024","20260922_2021_01_02_PROD","2026-10-10T15:05:43.529Z","2026-10-10T15:05:43.529Z","false","2026-10-10T15:05:42.520Z","2026-10-08","https://api.worldbank.org/pip/v1/pip?country=all&year=all&fill_gaps=false&reporting_level=national&welfare_type=all&version=20260922_2021_01_02_PROD&format=json","national","national","false","survey","micro","https://datacatalog.worldbank.org/int/public-licenses#cc-by"
"CHL","2013","38.2","5.4","precision-limited","CASEN","income","2013","38.2","5.35","2006 - 2024","20260922_2021_01_02_PROD","2026-10-10T15:05:43.529Z","2026-10-10T15:05:43.529Z","false","2026-10-10T15:05:42.520Z","2026-10-08","https://api.worldbank.org/pip/v1/pip?country=all&year=all&fill_gaps=false&reporting_level=national&welfare_type=all&version=20260922_2021_01_02_PROD&format=json","national","national","false","survey","micro","https://datacatalog.worldbank.org/int/public-licenses#cc-by"
"CHL","2015","36.8","5.6","consistent","CASEN","income","2015","36.83","5.58","2006 - 2024","20260922_2021_01_02_PROD","2026-10-10T15:05:43.529Z","2026-10-10T15:05:43.529Z","false","2026-10-10T15:05:42.520Z","2026-10-08","https://api.worldbank.org/pip/v1/pip?country=all&year=all&fill_gaps=false&reporting_level=national&welfare_type=all&version=20260922_2021_01_02_PROD&format=json","national","national","false","survey","micro","https://datacatalog.worldbank.org/int/public-licenses#cc-by"
"CHL","2017","36.9","5.6","consistent","CASEN","income","2017","36.94","5.609999999999999","2006 - 2024","20260922_2021_01_02_PROD","2026-10-10T15:05:43.529Z","2026-10-10T15:05:43.529Z","false","2026-10-10T15:05:42.520Z","2026-10-08","https://api.worldbank.org/pip/v1/pip?country=all&year=all&fill_gaps=false&reporting_level=national&welfare_type=all&version=20260922_2021_01_02_PROD&format=json","national","national","false","survey","micro","https://datacatalog.worldbank.org/int/public-licenses#cc-by"
"CHL","2020","37.3","4.9","consistent","CASEN","income","2020","37.26","4.92","2006 - 2024","20260922_2021_01_02_PROD","2026-10-10T15:05:43.529Z","2026-10-10T15:05:43.529Z","false","2026-10-10T15:05:42.520Z","2026-10-08","https://api.worldbank.org/pip/v1/pip?country=all&year=all&fill_gaps=false&reporting_level=national&welfare_type=all&version=20260922_2021_01_02_PROD&format=json","national","national","false","survey","micro","https://datacatalog.worldbank.org/int/public-licenses#cc-by"
"CHL","2022","34.6","5.8","consistent","CASEN","income","2022","34.62","5.7700000000000005","2006 - 2024","20260922_2021_01_02_PROD","2026-10-10T15:05:43.529Z","2026-10-10T15:05:43.529Z","false","2026-10-10T15:05:42.520Z","2026-10-08","https://api.worldbank.org/pip/v1/pip?country=all&year=all&fill_gaps=false&reporting_level=national&welfare_type=all&version=20260922_2021_01_02_PROD&format=json","national","national","false","survey","micro","https://datacatalog.worldbank.org/int/public-licenses#cc-by"
"CHL","2024","34.3","5.8","precision-limited","CASEN","income","2024","34.29","5.840000000000001","2006 - 2024","20260922_2021_01_02_PROD","2026-10-10T15:05:43.529Z","2026-10-10T15:05:43.529Z","false","2026-10-10T15:05:42.520Z","2026-10-08","https://api.worldbank.org/pip/v1/pip?country=all&year=all&fill_gaps=false&reporting_level=national&welfare_type=all&version=20260922_2021_01_02_PROD&format=json","national","national","false","survey","micro","https://datacatalog.worldbank.org/int/public-licenses#cc-by"
"CHN","2002","31.4","5.7","consistent","CRHS-CUHS","consumption","2002","31.380000000000003","5.68","1990 - 2012","20260922_2021_01_02_PROD","2026-10-10T15:05:43.529Z","2026-10-10T15:05:43.529Z","false","2026-10-10T15:05:42.520Z","2026-10-08","https://api.worldbank.org/pip/v1/pip?country=all&year=all&fill_gaps=false&reporting_level=national&welfare_type=all&version=20260922_2021_01_02_PROD&format=json","national","national","false","survey","group","https://datacatalog.worldbank.org/int/public-licenses#cc-by"
"CHN","2005","30.8","5.9","consistent","CRHS-CUHS","consumption","2005","30.84","5.91","1990 - 2012","20260922_2021_01_02_PROD","2026-10-10T15:05:43.529Z","2026-10-10T15:05:43.529Z","false","2026-10-10T15:05:42.520Z","2026-10-08","https://api.worldbank.org/pip/v1/pip?country=all&year=all&fill_gaps=false&reporting_level=national&welfare_type=all&version=20260922_2021_01_02_PROD&format=json","national","national","false","survey","group","https://datacatalog.worldbank.org/int/public-licenses#cc-by"
"CHN","2008","31.9","5.2","precision-limited","CRHS-CUHS","consumption","2008","31.929999999999996","5.24","1990 - 2012","20260922_2021_01_02_PROD","2026-10-10T15:05:43.529Z","2026-10-10T15:05:43.529Z","false","2026-10-10T15:05:42.520Z","2026-10-08","https://api.worldbank.org/pip/v1/pip?country=all&year=all&fill_gaps=false&reporting_level=national&welfare_type=all&version=20260922_2021_01_02_PROD&format=json","national","national","false","survey","group","https://datacatalog.worldbank.org/int/public-licenses#cc-by"
"CHN","2010","32.6","5.1","consistent","CRHS-CUHS","consumption","2010","32.629999999999995","5.08","1990 - 2012","20260922_2021_01_02_PROD","2026-10-10T15:05:43.529Z","2026-10-10T15:05:43.529Z","false","2026-10-10T15:05:42.520Z","2026-10-08","https://api.worldbank.org/pip/v1/pip?country=all&year=all&fill_gaps=false&reporting_level=national&welfare_type=all&version=20260922_2021_01_02_PROD&format=json","national","national","false","survey","group","https://datacatalog.worldbank.org/int/public-licenses#cc-by"
"CHN","2011","31.7","5.4","consistent","CRHS-CUHS","consumption","2011","31.730000000000004","5.39","1990 - 2012","20260922_2021_01_02_PROD","2026-10-10T15:05:43.529Z","2026-10-10T15:05:43.529Z","false","2026-10-10T15:05:42.520Z","2026-10-08","https://api.worldbank.org/pip/v1/pip?country=all&year=all&fill_gaps=false&reporting_level=national&welfare_type=all&version=20260922_2021_01_02_PROD&format=json","national","national","false","survey","group","https://datacatalog.worldbank.org/int/public-licenses#cc-by"
"CHN","2012","31.4","5.4","precision-limited","CNIHS","consumption","2012","31.45","5.3500000000000005","1990 - 2012","20260922_2021_01_02_PROD","2026-10-10T15:05:43.529Z","2026-10-10T15:05:43.529Z","false","2026-10-10T15:05:42.520Z","2026-10-08","https://api.worldbank.org/pip/v1/pip?country=all&year=all&fill_gaps=false&reporting_level=national&welfare_type=all&version=20260922_2021_01_02_PROD&format=json","national","national","false","survey","group","https://datacatalog.worldbank.org/int/public-licenses#cc-by"
"CHN","2013","30.2","6.2","consistent","CNIHS","consumption","2013","30.240000000000002","6.21","2013 - 2022","20260922_2021_01_02_PROD","2026-10-10T15:05:43.529Z","2026-10-10T15:05:43.529Z","false","2026-10-10T15:05:42.520Z","2026-10-08","https://api.worldbank.org/pip/v1/pip?country=all&year=all&fill_gaps=false&reporting_level=national&welfare_type=all&version=20260922_2021_01_02_PROD&format=json","national","national","false","survey","group","https://datacatalog.worldbank.org/int/public-licenses#cc-by"
"CHN","2014","29.7","6.2","precision-limited","CNIHS","consumption","2014","29.65","6.239999999999999","2013 - 2022","20260922_2021_01_02_PROD","2026-10-10T15:05:43.529Z","2026-10-10T15:05:43.529Z","false","2026-10-10T15:05:42.520Z","2026-10-08","https://api.worldbank.org/pip/v1/pip?country=all&year=all&fill_gaps=false&reporting_level=national&welfare_type=all&version=20260922_2021_01_02_PROD&format=json","national","national","false","survey","group","https://datacatalog.worldbank.org/int/public-licenses#cc-by"
"CHN","2015","29.4","6.4","consistent","CNIHS","consumption","2015","29.37","6.43","2013 - 2022","20260922_2021_01_02_PROD","2026-10-10T15:05:43.529Z","2026-10-10T15:05:43.529Z","false","2026-10-10T15:05:42.520Z","2026-10-08","https://api.worldbank.org/pip/v1/pip?country=all&year=all&fill_gaps=false&reporting_level=national&welfare_type=all&version=20260922_2021_01_02_PROD&format=json","national","national","false","survey","group","https://datacatalog.worldbank.org/int/public-licenses#cc-by"
"CHN","2016","29.3","6.5","consistent","CNIHS","consumption","2016","29.299999999999997","6.470000000000001","2013 - 2022","20260922_2021_01_02_PROD","2026-10-10T15:05:43.529Z","2026-10-10T15:05:43.529Z","false","2026-10-10T15:05:42.520Z","2026-10-08","https://api.worldbank.org/pip/v1/pip?country=all&year=all&fill_gaps=false&reporting_level=national&welfare_type=all&version=20260922_2021_01_02_PROD&format=json","national","national","false","survey","group","https://datacatalog.worldbank.org/int/public-licenses#cc-by"
"CHN","2017","29.8","6.4","precision-limited","CNIHS","consumption","2017","29.81","6.36","2013 - 2022","20260922_2021_01_02_PROD","2026-10-10T15:05:43.529Z","2026-10-10T15:05:43.529Z","false","2026-10-10T15:05:42.520Z","2026-10-08","https://api.worldbank.org/pip/v1/pip?country=all&year=all&fill_gaps=false&reporting_level=national&welfare_type=all&version=20260922_2021_01_02_PROD&format=json","national","national","false","survey","group","https://datacatalog.worldbank.org/int/public-licenses#cc-by"
"CHN","2018","29.4","6.5","consistent","CNIHS","consumption","2018","29.38","6.4799999999999995","2013 - 2022","20260922_2021_01_02_PROD","2026-10-10T15:05:43.529Z","2026-10-10T15:05:43.529Z","false","2026-10-10T15:05:42.520Z","2026-10-08","https://api.worldbank.org/pip/v1/pip?country=all&year=all&fill_gaps=false&reporting_level=national&welfare_type=all&version=20260922_2021_01_02_PROD&format=json","national","national","false","survey","group","https://datacatalog.worldbank.org/int/public-licenses#cc-by"
"CHN","2019","29.5","6.7","consistent","CNIHS","consumption","2019","29.459999999999997","6.7","2013 - 2022","20260922_2021_01_02_PROD","2026-10-10T15:05:43.529Z","2026-10-10T15:05:43.529Z","false","2026-10-10T15:05:42.520Z","2026-10-08","https://api.worldbank.org/pip/v1/pip?country=all&year=all&fill_gaps=false&reporting_level=national&welfare_type=all&version=20260922_2021_01_02_PROD&format=json","national","national","false","survey","group","https://datacatalog.worldbank.org/int/public-licenses#cc-by"
"CHN","2020","29.4","7.2","consistent","CNIHS","consumption","2020","29.360000000000003","7.180000000000001","2013 - 2022","20260922_2021_01_02_PROD","2026-10-10T15:05:43.529Z","2026-10-10T15:05:43.529Z","false","2026-10-10T15:05:42.520Z","2026-10-08","https://api.worldbank.org/pip/v1/pip?country=all&year=all&fill_gaps=false&reporting_level=national&welfare_type=all&version=20260922_2021_01_02_PROD&format=json","national","national","false","survey","group","https://datacatalog.worldbank.org/int/public-licenses#cc-by"
"CHN","2021","28.3","7.4","precision-limited","CNIHS","consumption","2021","28.249999999999996","7.39","2013 - 2022","20260922_2021_01_02_PROD","2026-10-10T15:05:43.529Z","2026-10-10T15:05:43.529Z","false","2026-10-10T15:05:42.520Z","2026-10-08","https://api.worldbank.org/pip/v1/pip?country=all&year=all&fill_gaps=false&reporting_level=national&welfare_type=all&version=20260922_2021_01_02_PROD&format=json","national","national","false","survey","group","https://datacatalog.worldbank.org/int/public-licenses#cc-by"
"CHN","2022","28.4","7.3","consistent","CNIHS","consumption","2022","28.360000000000003","7.28","2013 - 2022","20260922_2021_01_02_PROD","2026-10-10T15:05:43.529Z","2026-10-10T15:05:43.529Z","false","2026-10-10T15:05:42.520Z","2026-10-08","https://api.worldbank.org/pip/v1/pip?country=all&year=all&fill_gaps=false&reporting_level=national&welfare_type=all&version=20260922_2021_01_02_PROD&format=json","national","national","false","survey","group","https://datacatalog.worldbank.org/int/public-licenses#cc-by"
"COL","2000","46.9","2.1","consistent","ENH","income","2000","46.910000000000004","2.1","1988 - 2000","20260922_2021_01_02_PROD","2026-10-10T15:05:43.529Z","2026-10-10T15:05:43.529Z","false","2026-10-10T15:05:42.520Z","2026-10-08","https://api.worldbank.org/pip/v1/pip?country=all&year=all&fill_gaps=false&reporting_level=national&welfare_type=all&version=20260922_2021_01_02_PROD&format=json","national","national","false","survey","micro","https://datacatalog.worldbank.org/int/public-licenses#cc-by"
"COL","2001","46.3","2.5","consistent","ECH","income","2001","46.27","2.48","2001","20260922_2021_01_02_PROD","2026-10-10T15:05:43.529Z","2026-10-10T15:05:43.529Z","false","2026-10-10T15:05:42.520Z","2026-10-08","https://api.worldbank.org/pip/v1/pip?country=all&year=all&fill_gaps=false&reporting_level=national&welfare_type=all&version=20260922_2021_01_02_PROD&format=json","national","national","false","survey","micro","https://datacatalog.worldbank.org/int/public-licenses#cc-by"
"COL","2002","45.2","3.2","consistent","ECH","income","2002","45.18","3.2","2002 - 2005","20260922_2021_01_02_PROD","2026-10-10T15:05:43.529Z","2026-10-10T15:05:43.529Z","false","2026-10-10T15:05:42.520Z","2026-10-08","https://api.worldbank.org/pip/v1/pip?country=all&year=all&fill_gaps=false&reporting_level=national&welfare_type=all&version=20260922_2021_01_02_PROD&format=json","national","national","false","survey","micro","https://datacatalog.worldbank.org/int/public-licenses#cc-by"
"COL","2003","42.8","3.5","consistent","ECH","income","2003","42.78","3.4799999999999995","2002 - 2005","20260922_2021_01_02_PROD","2026-10-10T15:05:43.529Z","2026-10-10T15:05:43.529Z","false","2026-10-10T15:05:42.520Z","2026-10-08","https://api.worldbank.org/pip/v1/pip?country=all&year=all&fill_gaps=false&reporting_level=national&welfare_type=all&version=20260922_2021_01_02_PROD&format=json","national","national","false","survey","micro","https://datacatalog.worldbank.org/int/public-licenses#cc-by"
"COL","2004","44.5","3.5","precision-limited","ECH","income","2004","44.529999999999994","3.5500000000000003","2002 - 2005","20260922_2021_01_02_PROD","2026-10-10T15:05:43.529Z","2026-10-10T15:05:43.529Z","false","2026-10-10T15:05:42.520Z","2026-10-08","https://api.worldbank.org/pip/v1/pip?country=all&year=all&fill_gaps=false&reporting_level=national&welfare_type=all&version=20260922_2021_01_02_PROD&format=json","national","national","false","survey","micro","https://datacatalog.worldbank.org/int/public-licenses#cc-by"
"COL","2005","43.2","3.6","precision-limited","ECH","income","2005","43.19","3.56","2002 - 2005","20260922_2021_01_02_PROD","2026-10-10T15:05:43.529Z","2026-10-10T15:05:43.529Z","false","2026-10-10T15:05:42.520Z","2026-10-08","https://api.worldbank.org/pip/v1/pip?country=all&year=all&fill_gaps=false&reporting_level=national&welfare_type=all&version=20260922_2021_01_02_PROD&format=json","national","national","false","survey","micro","https://datacatalog.worldbank.org/int/public-licenses#cc-by"
"COL","2008","43.4","3.1","consistent","GEIH","income","2008","43.36","3.08","2008 - 2011","20260922_2021_01_02_PROD","2026-10-10T15:05:43.529Z","2026-10-10T15:05:43.529Z","false","2026-10-10T15:05:42.520Z","2026-10-08","https://api.worldbank.org/pip/v1/pip?country=all&year=all&fill_gaps=false&reporting_level=national&welfare_type=all&version=20260922_2021_01_02_PROD&format=json","national","national","false","survey","micro","https://datacatalog.worldbank.org/int/public-licenses#cc-by"
"COL","2009","42.7","3.3","consistent","GEIH","income","2009","42.67","3.2799999999999994","2008 - 2011","20260922_2021_01_02_PROD","2026-10-10T15:05:43.529Z","2026-10-10T15:05:43.529Z","false","2026-10-10T15:05:42.520Z","2026-10-08","https://api.worldbank.org/pip/v1/pip?country=all&year=all&fill_gaps=false&reporting_level=national&welfare_type=all&version=20260922_2021_01_02_PROD&format=json","national","national","false","survey","micro","https://datacatalog.worldbank.org/int/public-licenses#cc-by"
"COL","2010","43.2","3.3","consistent","GEIH","income","2010","43.16","3.29","2008 - 2011","20260922_2021_01_02_PROD","2026-10-10T15:05:43.529Z","2026-10-10T15:05:43.529Z","false","2026-10-10T15:05:42.520Z","2026-10-08","https://api.worldbank.org/pip/v1/pip?country=all&year=all&fill_gaps=false&reporting_level=national&welfare_type=all&version=20260922_2021_01_02_PROD&format=json","national","national","false","survey","micro","https://datacatalog.worldbank.org/int/public-licenses#cc-by"
"COL","2011","42.1","3.5","precision-limited","GEIH","income","2011","42.15","3.4799999999999995","2008 - 2011","20260922_2021_01_02_PROD","2026-10-10T15:05:43.529Z","2026-10-10T15:05:43.529Z","false","2026-10-10T15:05:42.520Z","2026-10-08","https://api.worldbank.org/pip/v1/pip?country=all&year=all&fill_gaps=false&reporting_level=national&welfare_type=all&version=20260922_2021_01_02_PROD&format=json","national","national","false","survey","micro","https://datacatalog.worldbank.org/int/public-licenses#cc-by"
"COL","2012","41.6","3.2","consistent","GEIH","income","2012","41.589999999999996","3.19","2012 - 2024","20260922_2021_01_02_PROD","2026-10-10T15:05:43.529Z","2026-10-10T15:05:43.529Z","false","2026-10-10T15:05:42.520Z","2026-10-08","https://api.worldbank.org/pip/v1/pip?country=all&year=all&fill_gaps=false&reporting_level=national&welfare_type=all&version=20260922_2021_01_02_PROD&format=json","national","national","false","survey","micro","https://datacatalog.worldbank.org/int/public-licenses#cc-by"
"COL","2013","41.6","3.2","consistent","GEIH","income","2013","41.620000000000005","3.2100000000000004","2012 - 2024","20260922_2021_01_02_PROD","2026-10-10T15:05:43.529Z","2026-10-10T15:05:43.529Z","false","2026-10-10T15:05:42.520Z","2026-10-08","https://api.worldbank.org/pip/v1/pip?country=all&year=all&fill_gaps=false&reporting_level=national&welfare_type=all&version=20260922_2021_01_02_PROD&format=json","national","national","false","survey","micro","https://datacatalog.worldbank.org/int/public-licenses#cc-by"
"COL","2014","41.7","3.2","consistent","GEIH","income","2014","41.730000000000004","3.2100000000000004","2012 - 2024","20260922_2021_01_02_PROD","2026-10-10T15:05:43.529Z","2026-10-10T15:05:43.529Z","false","2026-10-10T15:05:42.520Z","2026-10-08","https://api.worldbank.org/pip/v1/pip?country=all&year=all&fill_gaps=false&reporting_level=national&welfare_type=all&version=20260922_2021_01_02_PROD&format=json","national","national","false","survey","micro","https://datacatalog.worldbank.org/int/public-licenses#cc-by"
"COL","2015","40.3","3.4","consistent","GEIH","income","2015","40.27","3.4199999999999995","2012 - 2024","20260922_2021_01_02_PROD","2026-10-10T15:05:43.529Z","2026-10-10T15:05:43.529Z","false","2026-10-10T15:05:42.520Z","2026-10-08","https://api.worldbank.org/pip/v1/pip?country=all&year=all&fill_gaps=false&reporting_level=national&welfare_type=all&version=20260922_2021_01_02_PROD&format=json","national","national","false","survey","micro","https://datacatalog.worldbank.org/int/public-licenses#cc-by"
"COL","2016","40.2","3.5","precision-limited","GEIH","income","2016","40.150000000000006","3.4799999999999995","2012 - 2024","20260922_2021_01_02_PROD","2026-10-10T15:05:43.529Z","2026-10-10T15:05:43.529Z","false","2026-10-10T15:05:42.520Z","2026-10-08","https://api.worldbank.org/pip/v1/pip?country=all&year=all&fill_gaps=false&reporting_level=national&welfare_type=all&version=20260922_2021_01_02_PROD&format=json","national","national","false","survey","micro","https://datacatalog.worldbank.org/int/public-licenses#cc-by"
"COL","2017","39.4","3.6","consistent","GEIH","income","2017","39.39","3.61","2012 - 2024","20260922_2021_01_02_PROD","2026-10-10T15:05:43.529Z","2026-10-10T15:05:43.529Z","false","2026-10-10T15:05:42.520Z","2026-10-08","https://api.worldbank.org/pip/v1/pip?country=all&year=all&fill_gaps=false&reporting_level=national&welfare_type=all&version=20260922_2021_01_02_PROD&format=json","national","national","false","survey","micro","https://datacatalog.worldbank.org/int/public-licenses#cc-by"
"COL","2018","40","3.5","consistent","GEIH","income","2018","40.04","3.4799999999999995","2012 - 2024","20260922_2021_01_02_PROD","2026-10-10T15:05:43.529Z","2026-10-10T15:05:43.529Z","false","2026-10-10T15:05:42.520Z","2026-10-08","https://api.worldbank.org/pip/v1/pip?country=all&year=all&fill_gaps=false&reporting_level=national&welfare_type=all&version=20260922_2021_01_02_PROD&format=json","national","national","false","survey","micro","https://datacatalog.worldbank.org/int/public-licenses#cc-by"
"COL","2019","40.6","3.2","consistent","GEIH","income","2019","40.64","3.2300000000000004","2012 - 2024","20260922_2021_01_02_PROD","2026-10-10T15:05:43.529Z","2026-10-10T15:05:43.529Z","false","2026-10-10T15:05:42.520Z","2026-10-08","https://api.worldbank.org/pip/v1/pip?country=all&year=all&fill_gaps=false&reporting_level=national&welfare_type=all&version=20260922_2021_01_02_PROD&format=json","national","national","false","survey","micro","https://datacatalog.worldbank.org/int/public-licenses#cc-by"
"COL","2020","42","2.7","precision-limited","GEIH","income","2020","42","2.74","2012 - 2024","20260922_2021_01_02_PROD","2026-10-10T15:05:43.529Z","2026-10-10T15:05:43.529Z","false","2026-10-10T15:05:42.520Z","2026-10-08","https://api.worldbank.org/pip/v1/pip?country=all&year=all&fill_gaps=false&reporting_level=national&welfare_type=all&version=20260922_2021_01_02_PROD&format=json","national","national","false","survey","micro","https://datacatalog.worldbank.org/int/public-licenses#cc-by"
"COL","2021","43.7","3.1","consistent","GEIH","income","2021","43.72","3.1300000000000003","2012 - 2024","20260922_2021_01_02_PROD","2026-10-10T15:05:43.529Z","2026-10-10T15:05:43.529Z","false","2026-10-10T15:05:42.520Z","2026-10-08","https://api.worldbank.org/pip/v1/pip?country=all&year=all&fill_gaps=false&reporting_level=national&welfare_type=all&version=20260922_2021_01_02_PROD&format=json","national","national","false","survey","micro","https://datacatalog.worldbank.org/int/public-licenses#cc-by"
"COL","2022","43.5","3.2","consistent","GEIH","income","2022","43.51","3.2199999999999998","2012 - 2024","20260922_2021_01_02_PROD","2026-10-10T15:05:43.529Z","2026-10-10T15:05:43.529Z","false","2026-10-10T15:05:42.520Z","2026-10-08","https://api.worldbank.org/pip/v1/pip?country=all&year=all&fill_gaps=false&reporting_level=national&welfare_type=all&version=20260922_2021_01_02_PROD&format=json","national","national","false","survey","micro","https://datacatalog.worldbank.org/int/public-licenses#cc-by"
"COL","2023","43.1","3.2","precision-limited","GEIH","income","2023","43.08","3.2399999999999998","2012 - 2024","20260922_2021_01_02_PROD","2026-10-10T15:05:43.529Z","2026-10-10T15:05:43.529Z","false","2026-10-10T15:05:42.520Z","2026-10-08","https://api.worldbank.org/pip/v1/pip?country=all&year=all&fill_gaps=false&reporting_level=national&welfare_type=all&version=20260922_2021_01_02_PROD&format=json","national","national","false","survey","micro","https://datacatalog.worldbank.org/int/public-licenses#cc-by"
"COL","2024","42.7","3.2","precision-limited","GEIH","income","2024","42.75","3.19","2012 - 2024","20260922_2021_01_02_PROD","2026-10-10T15:05:43.529Z","2026-10-10T15:05:43.529Z","false","2026-10-10T15:05:42.520Z","2026-10-08","https://api.worldbank.org/pip/v1/pip?country=all&year=all&fill_gaps=false&reporting_level=national&welfare_type=all&version=20260922_2021_01_02_PROD&format=json","national","national","false","survey","micro","https://datacatalog.worldbank.org/int/public-licenses#cc-by"
"COM","2004","48.1","4","consistent","EIM","consumption","2004","48.08","4.02","2004","20260922_2021_01_02_PROD","2026-10-10T15:05:43.529Z","2026-10-10T15:05:43.529Z","false","2026-10-10T15:05:42.520Z","2026-10-08","https://api.worldbank.org/pip/v1/pip?country=all&year=all&fill_gaps=false&reporting_level=national&welfare_type=all&version=20260922_2021_01_02_PROD&format=json","national","national","false","survey","micro","https://datacatalog.worldbank.org/int/public-licenses#cc-by"
"COM","2014","33.6","4.5","precision-limited","EESIC","consumption","2014","33.650000000000006","4.4799999999999995","2014","20260922_2021_01_02_PROD","2026-10-10T15:05:43.529Z","2026-10-10T15:05:43.529Z","false","2026-10-10T15:05:42.520Z","2026-10-08","https://api.worldbank.org/pip/v1/pip?country=all&year=all&fill_gaps=false&reporting_level=national&welfare_type=all&version=20260922_2021_01_02_PROD&format=json","national","national","false","survey","micro","https://datacatalog.worldbank.org/int/public-licenses#cc-by"
"COM","2020","27.8","8","precision-limited","EHCVM","consumption","2020","27.85","8.01","2020 - 2024","20260922_2021_01_02_PROD","2026-10-10T15:05:43.529Z","2026-10-10T15:05:43.529Z","false","2026-10-10T15:05:42.520Z","2026-10-08","https://api.worldbank.org/pip/v1/pip?country=all&year=all&fill_gaps=false&reporting_level=national&welfare_type=all&version=20260922_2021_01_02_PROD&format=json","national","national","false","survey","micro","https://datacatalog.worldbank.org/int/public-licenses#cc-by"
"COM","2024","24.6","8.8","consistent","EHCVM","consumption","2024","24.6","8.799999999999999","2020 - 2024","20260922_2021_01_02_PROD","2026-10-10T15:05:43.529Z","2026-10-10T15:05:43.529Z","false","2026-10-10T15:05:42.520Z","2026-10-08","https://api.worldbank.org/pip/v1/pip?country=all&year=all&fill_gaps=false&reporting_level=national&welfare_type=all&version=20260922_2021_01_02_PROD&format=json","national","national","false","survey","micro","https://datacatalog.worldbank.org/int/public-licenses#cc-by"
"COD","2004","32.3","6.1","precision-limited","E123","consumption","2004.89","32.269999999999996","6.0600000000000005","2004 - 2012","20260922_2021_01_02_PROD","2026-10-10T15:05:43.529Z","2026-10-10T15:05:43.529Z","false","2026-10-10T15:05:42.520Z","2026-10-08","https://api.worldbank.org/pip/v1/pip?country=all&year=all&fill_gaps=false&reporting_level=national&welfare_type=all&version=20260922_2021_01_02_PROD&format=json","national","national","false","survey","micro","https://datacatalog.worldbank.org/int/public-licenses#cc-by"
"COD","2012","32","5.6","precision-limited","E123","consumption","2012.4","31.990000000000002","5.5600000000000005","2004 - 2012","20260922_2021_01_02_PROD","2026-10-10T15:05:43.529Z","2026-10-10T15:05:43.529Z","false","2026-10-10T15:05:42.520Z","2026-10-08","https://api.worldbank.org/pip/v1/pip?country=all&year=all&fill_gaps=false&reporting_level=national&welfare_type=all&version=20260922_2021_01_02_PROD&format=json","national","national","false","survey","micro","https://datacatalog.worldbank.org/int/public-licenses#cc-by"
"COD","2020","35.7","5.5","consistent","EGI-ODD","consumption","2020","35.67","5.489999999999999","2020","20260922_2021_01_02_PROD","2026-10-10T15:05:43.529Z","2026-10-10T15:05:43.529Z","false","2026-10-10T15:05:42.520Z","2026-10-08","https://api.worldbank.org/pip/v1/pip?country=all&year=all&fill_gaps=false&reporting_level=national&welfare_type=all&version=20260922_2021_01_02_PROD&format=json","national","national","false","survey","micro","https://datacatalog.worldbank.org/int/public-licenses#cc-by"
"COG","2005","36.8","4.9","consistent","ECOM","consumption","2005","36.78","4.919999999999999","2005 - 2011","20260922_2021_01_02_PROD","2026-10-10T15:05:43.529Z","2026-10-10T15:05:43.529Z","false","2026-10-10T15:05:42.520Z","2026-10-08","https://api.worldbank.org/pip/v1/pip?country=all&year=all&fill_gaps=false&reporting_level=national&welfare_type=all&version=20260922_2021_01_02_PROD&format=json","national","national","false","survey","micro","https://datacatalog.worldbank.org/int/public-licenses#cc-by"
"COG","2011","37.9","4.2","consistent","ECOM","consumption","2011.67","37.92","4.199999999999999","2005 - 2011","20260922_2021_01_02_PROD","2026-10-10T15:05:43.529Z","2026-10-10T15:05:43.529Z","false","2026-10-10T15:05:42.520Z","2026-10-08","https://api.worldbank.org/pip/v1/pip?country=all&year=all&fill_gaps=false&reporting_level=national&welfare_type=all&version=20260922_2021_01_02_PROD&format=json","national","national","false","survey","micro","https://datacatalog.worldbank.org/int/public-licenses#cc-by"
"CRI","2000","35.7","3.9","consistent","EHPM","income","2000","35.66","3.8900000000000006","1989 - 2000","20260922_2021_01_02_PROD","2026-10-10T15:05:43.529Z","2026-10-10T15:05:43.529Z","false","2026-10-10T15:05:42.520Z","2026-10-08","https://api.worldbank.org/pip/v1/pip?country=all&year=all&fill_gaps=false&reporting_level=national&welfare_type=all&version=20260922_2021_01_02_PROD&format=json","national","national","false","survey","micro","https://datacatalog.worldbank.org/int/public-licenses#cc-by"
"CRI","2001","39.7","3.5","consistent","EHPM","income","2001","39.69","3.47","2001 - 2009","20260922_2021_01_02_PROD","2026-10-10T15:05:43.529Z","2026-10-10T15:05:43.529Z","false","2026-10-10T15:05:42.520Z","2026-10-08","https://api.worldbank.org/pip/v1/pip?country=all&year=all&fill_gaps=false&reporting_level=national&welfare_type=all&version=20260922_2021_01_02_PROD&format=json","national","national","false","survey","micro","https://datacatalog.worldbank.org/int/public-licenses#cc-by"
"CRI","2002","40.4","3.5","precision-limited","EHPM","income","2002","40.43","3.5500000000000003","2001 - 2009","20260922_2021_01_02_PROD","2026-10-10T15:05:43.529Z","2026-10-10T15:05:43.529Z","false","2026-10-10T15:05:42.520Z","2026-10-08","https://api.worldbank.org/pip/v1/pip?country=all&year=all&fill_gaps=false&reporting_level=national&welfare_type=all&version=20260922_2021_01_02_PROD&format=json","national","national","false","survey","micro","https://datacatalog.worldbank.org/int/public-licenses#cc-by"
"CRI","2003","37","3.7","consistent","EHPM","income","2003","36.99","3.6699999999999995","2001 - 2009","20260922_2021_01_02_PROD","2026-10-10T15:05:43.529Z","2026-10-10T15:05:43.529Z","false","2026-10-10T15:05:42.520Z","2026-10-08","https://api.worldbank.org/pip/v1/pip?country=all&year=all&fill_gaps=false&reporting_level=national&welfare_type=all&version=20260922_2021_01_02_PROD&format=json","national","national","false","survey","micro","https://datacatalog.worldbank.org/int/public-licenses#cc-by"
"CRI","2004","36.6","4","consistent","EHPM","income","2004","36.57","3.9800000000000004","2001 - 2009","20260922_2021_01_02_PROD","2026-10-10T15:05:43.529Z","2026-10-10T15:05:43.529Z","false","2026-10-10T15:05:42.520Z","2026-10-08","https://api.worldbank.org/pip/v1/pip?country=all&year=all&fill_gaps=false&reporting_level=national&welfare_type=all&version=20260922_2021_01_02_PROD&format=json","national","national","false","survey","micro","https://datacatalog.worldbank.org/int/public-licenses#cc-by"
"CRI","2005","35.9","4.2","precision-limited","EHPM","income","2005","35.88","4.24","2001 - 2009","20260922_2021_01_02_PROD","2026-10-10T15:05:43.529Z","2026-10-10T15:05:43.529Z","false","2026-10-10T15:05:42.520Z","2026-10-08","https://api.worldbank.org/pip/v1/pip?country=all&year=all&fill_gaps=false&reporting_level=national&welfare_type=all&version=20260922_2021_01_02_PROD&format=json","national","national","false","survey","micro","https://datacatalog.worldbank.org/int/public-licenses#cc-by"
"CRI","2006","38.3","4.1","consistent","EHPM","income","2006","38.279999999999994","4.109999999999999","2001 - 2009","20260922_2021_01_02_PROD","2026-10-10T15:05:43.529Z","2026-10-10T15:05:43.529Z","false","2026-10-10T15:05:42.520Z","2026-10-08","https://api.worldbank.org/pip/v1/pip?country=all&year=all&fill_gaps=false&reporting_level=national&welfare_type=all&version=20260922_2021_01_02_PROD&format=json","national","national","false","survey","micro","https://datacatalog.worldbank.org/int/public-licenses#cc-by"
"CRI","2007","38.9","4.3","consistent","EHPM","income","2007","38.9","4.32","2001 - 2009","20260922_2021_01_02_PROD","2026-10-10T15:05:43.529Z","2026-10-10T15:05:43.529Z","false","2026-10-10T15:05:42.520Z","2026-10-08","https://api.worldbank.org/pip/v1/pip?country=all&year=all&fill_gaps=false&reporting_level=national&welfare_type=all&version=20260922_2021_01_02_PROD&format=json","national","national","false","survey","micro","https://datacatalog.worldbank.org/int/public-licenses#cc-by"
"CRI","2008","37.7","4.3","consistent","EHPM","income","2008","37.66","4.32","2001 - 2009","20260922_2021_01_02_PROD","2026-10-10T15:05:43.529Z","2026-10-10T15:05:43.529Z","false","2026-10-10T15:05:42.520Z","2026-10-08","https://api.worldbank.org/pip/v1/pip?country=all&year=all&fill_gaps=false&reporting_level=national&welfare_type=all&version=20260922_2021_01_02_PROD&format=json","national","national","false","survey","micro","https://datacatalog.worldbank.org/int/public-licenses#cc-by"
"CRI","2009","39.4","4","precision-limited","EHPM","income","2009","39.43","3.9600000000000004","2001 - 2009","20260922_2021_01_02_PROD","2026-10-10T15:05:43.529Z","2026-10-10T15:05:43.529Z","false","2026-10-10T15:05:42.520Z","2026-10-08","https://api.worldbank.org/pip/v1/pip?country=all&year=all&fill_gaps=false&reporting_level=national&welfare_type=all&version=20260922_2021_01_02_PROD&format=json","national","national","false","survey","micro","https://datacatalog.worldbank.org/int/public-licenses#cc-by"
"CRI","2010","36.8","4.4","precision-limited","ENAHO","income","2010","36.77","4.4399999999999995","2010 - 2025","20260922_2021_01_02_PROD","2026-10-10T15:05:43.529Z","2026-10-10T15:05:43.529Z","false","2026-10-10T15:05:42.520Z","2026-10-08","https://api.worldbank.org/pip/v1/pip?country=all&year=all&fill_gaps=false&reporting_level=national&welfare_type=all&version=20260922_2021_01_02_PROD&format=json","national","national","false","survey","micro","https://datacatalog.worldbank.org/int/public-licenses#cc-by"
"CRI","2011","36.9","4.2","consistent","ENAHO","income","2011","36.91","4.17","2010 - 2025","20260922_2021_01_02_PROD","2026-10-10T15:05:43.529Z","2026-10-10T15:05:43.529Z","false","2026-10-10T15:05:42.520Z","2026-10-08","https://api.worldbank.org/pip/v1/pip?country=all&year=all&fill_gaps=false&reporting_level=national&welfare_type=all&version=20260922_2021_01_02_PROD&format=json","national","national","false","survey","micro","https://datacatalog.worldbank.org/int/public-licenses#cc-by"
"CRI","2012","36.6","4.2","consistent","ENAHO","income","2012","36.61","4.2","2010 - 2025","20260922_2021_01_02_PROD","2026-10-10T15:05:43.529Z","2026-10-10T15:05:43.529Z","false","2026-10-10T15:05:42.520Z","2026-10-08","https://api.worldbank.org/pip/v1/pip?country=all&year=all&fill_gaps=false&reporting_level=national&welfare_type=all&version=20260922_2021_01_02_PROD&format=json","national","national","false","survey","micro","https://datacatalog.worldbank.org/int/public-licenses#cc-by"
"CRI","2013","37","4.1","precision-limited","ENAHO","income","2013","36.96","4.06","2010 - 2025","20260922_2021_01_02_PROD","2026-10-10T15:05:43.529Z","2026-10-10T15:05:43.529Z","false","2026-10-10T15:05:42.520Z","2026-10-08","https://api.worldbank.org/pip/v1/pip?country=all&year=all&fill_gaps=false&reporting_level=national&welfare_type=all&version=20260922_2021_01_02_PROD&format=json","national","national","false","survey","micro","https://datacatalog.worldbank.org/int/public-licenses#cc-by"
"CRI","2014","36.9","4.2","consistent","ENAHO","income","2014","36.91","4.199999999999999","2010 - 2025","20260922_2021_01_02_PROD","2026-10-10T15:05:43.529Z","2026-10-10T15:05:43.529Z","false","2026-10-10T15:05:42.520Z","2026-10-08","https://api.worldbank.org/pip/v1/pip?country=all&year=all&fill_gaps=false&reporting_level=national&welfare_type=all&version=20260922_2021_01_02_PROD&format=json","national","national","false","survey","micro","https://datacatalog.worldbank.org/int/public-licenses#cc-by"
"CRI","2015","36.8","4.3","precision-limited","ENAHO","income","2015","36.8","4.25","2010 - 2025","20260922_2021_01_02_PROD","2026-10-10T15:05:43.529Z","2026-10-10T15:05:43.529Z","false","2026-10-10T15:05:42.520Z","2026-10-08","https://api.worldbank.org/pip/v1/pip?country=all&year=all&fill_gaps=false&reporting_level=national&welfare_type=all&version=20260922_2021_01_02_PROD&format=json","national","national","false","survey","micro","https://datacatalog.worldbank.org/int/public-licenses#cc-by"
"CRI","2016","37.3","4.2","consistent","ENAHO","income","2016","37.269999999999996","4.22","2010 - 2025","20260922_2021_01_02_PROD","2026-10-10T15:05:43.529Z","2026-10-10T15:05:43.529Z","false","2026-10-10T15:05:42.520Z","2026-10-08","https://api.worldbank.org/pip/v1/pip?country=all&year=all&fill_gaps=false&reporting_level=national&welfare_type=all&version=20260922_2021_01_02_PROD&format=json","national","national","false","survey","micro","https://datacatalog.worldbank.org/int/public-licenses#cc-by"
"CRI","2017","37","4.4","consistent","ENAHO","income","2017","36.96","4.3999999999999995","2010 - 2025","20260922_2021_01_02_PROD","2026-10-10T15:05:43.529Z","2026-10-10T15:05:43.529Z","false","2026-10-10T15:05:42.520Z","2026-10-08","https://api.worldbank.org/pip/v1/pip?country=all&year=all&fill_gaps=false&reporting_level=national&welfare_type=all&version=20260922_2021_01_02_PROD&format=json","national","national","false","survey","micro","https://datacatalog.worldbank.org/int/public-licenses#cc-by"
"CRI","2018","36.3","4.3","precision-limited","ENAHO","income","2018","36.35","4.2700000000000005","2010 - 2025","20260922_2021_01_02_PROD","2026-10-10T15:05:43.529Z","2026-10-10T15:05:43.529Z","false","2026-10-10T15:05:42.520Z","2026-10-08","https://api.worldbank.org/pip/v1/pip?country=all&year=all&fill_gaps=false&reporting_level=national&welfare_type=all&version=20260922_2021_01_02_PROD&format=json","national","national","false","survey","micro","https://datacatalog.worldbank.org/int/public-licenses#cc-by"
"CRI","2019","36.7","4.4","consistent","ENAHO","income","2019","36.66","4.390000000000001","2010 - 2025","20260922_2021_01_02_PROD","2026-10-10T15:05:43.529Z","2026-10-10T15:05:43.529Z","false","2026-10-10T15:05:42.520Z","2026-10-08","https://api.worldbank.org/pip/v1/pip?country=all&year=all&fill_gaps=false&reporting_level=national&welfare_type=all&version=20260922_2021_01_02_PROD&format=json","national","national","false","survey","micro","https://datacatalog.worldbank.org/int/public-licenses#cc-by"
"CRI","2020","37","4","consistent","ENAHO","income","2020","36.99","4.03","2010 - 2025","20260922_2021_01_02_PROD","2026-10-10T15:05:43.529Z","2026-10-10T15:05:43.529Z","false","2026-10-10T15:05:42.520Z","2026-10-08","https://api.worldbank.org/pip/v1/pip?country=all&year=all&fill_gaps=false&reporting_level=national&welfare_type=all&version=20260922_2021_01_02_PROD&format=json","national","national","false","survey","micro","https://datacatalog.worldbank.org/int/public-licenses#cc-by"
"CRI","2021","37.2","4.3","consistent","ENAHO","income","2021","37.169999999999995","4.32","2010 - 2025","20260922_2021_01_02_PROD","2026-10-10T15:05:43.529Z","2026-10-10T15:05:43.529Z","false","2026-10-10T15:05:42.520Z","2026-10-08","https://api.worldbank.org/pip/v1/pip?country=all&year=all&fill_gaps=false&reporting_level=national&welfare_type=all&version=20260922_2021_01_02_PROD&format=json","national","national","false","survey","micro","https://datacatalog.worldbank.org/int/public-licenses#cc-by"
"CRI","2022","35.7","4.5","precision-limited","ENAHO","income","2022","35.66","4.55","2010 - 2025","20260922_2021_01_02_PROD","2026-10-10T15:05:43.529Z","2026-10-10T15:05:43.529Z","false","2026-10-10T15:05:42.520Z","2026-10-08","https://api.worldbank.org/pip/v1/pip?country=all&year=all&fill_gaps=false&reporting_level=national&welfare_type=all&version=20260922_2021_01_02_PROD&format=json","national","national","false","survey","micro","https://datacatalog.worldbank.org/int/public-licenses#cc-by"
"CRI","2023","35.1","4.5","precision-limited","ENAHO","income","2023","35.05","4.49","2010 - 2025","20260922_2021_01_02_PROD","2026-10-10T15:05:43.529Z","2026-10-10T15:05:43.529Z","false","2026-10-10T15:05:42.520Z","2026-10-08","https://api.worldbank.org/pip/v1/pip?country=all&year=all&fill_gaps=false&reporting_level=national&welfare_type=all&version=20260922_2021_01_02_PROD&format=json","national","national","false","survey","micro","https://datacatalog.worldbank.org/int/public-licenses#cc-by"
"CRI","2024","34.2","4.6","consistent","ENAHO","income","2024","34.23","4.62","2010 - 2025","20260922_2021_01_02_PROD","2026-10-10T15:05:43.529Z","2026-10-10T15:05:43.529Z","false","2026-10-10T15:05:42.520Z","2026-10-08","https://api.worldbank.org/pip/v1/pip?country=all&year=all&fill_gaps=false&reporting_level=national&welfare_type=all&version=20260922_2021_01_02_PROD&format=json","national","national","false","survey","micro","https://datacatalog.worldbank.org/int/public-licenses#cc-by"
"CRI","2025","34.3","4.7","consistent","ENAHO","income","2025","34.27","4.720000000000001","2010 - 2025","20260922_2021_01_02_PROD","2026-10-10T15:05:43.529Z","2026-10-10T15:05:43.529Z","false","2026-10-10T15:05:42.520Z","2026-10-08","https://api.worldbank.org/pip/v1/pip?country=all&year=all&fill_gaps=false&reporting_level=national&welfare_type=all&version=20260922_2021_01_02_PROD&format=json","national","national","false","survey","micro","https://datacatalog.worldbank.org/int/public-licenses#cc-by"
"CIV","2002","31.3","6.1","precision-limited","ENV","consumption","2002","31.35","6.0600000000000005","2002 - 2015","20260922_2021_01_02_PROD","2026-10-10T15:05:43.529Z","2026-10-10T15:05:43.529Z","false","2026-10-10T15:05:42.520Z","2026-10-08","https://api.worldbank.org/pip/v1/pip?country=all&year=all&fill_gaps=false&reporting_level=national&welfare_type=all&version=20260922_2021_01_02_PROD&format=json","national","national","false","survey","micro","https://datacatalog.worldbank.org/int/public-licenses#cc-by"
"CIV","2008","32.6","5.1","consistent","ENV","consumption","2008","32.64","5.119999999999999","2002 - 2015","20260922_2021_01_02_PROD","2026-10-10T15:05:43.529Z","2026-10-10T15:05:43.529Z","false","2026-10-10T15:05:42.520Z","2026-10-08","https://api.worldbank.org/pip/v1/pip?country=all&year=all&fill_gaps=false&reporting_level=national&welfare_type=all&version=20260922_2021_01_02_PROD&format=json","national","national","false","survey","micro","https://datacatalog.worldbank.org/int/public-licenses#cc-by"
"CIV","2015","31.9","5.7","consistent","ENV","consumption","2015","31.929999999999996","5.72","2002 - 2015","20260922_2021_01_02_PROD","2026-10-10T15:05:43.529Z","2026-10-10T15:05:43.529Z","false","2026-10-10T15:05:42.520Z","2026-10-08","https://api.worldbank.org/pip/v1/pip?country=all&year=all&fill_gaps=false&reporting_level=national&welfare_type=all&version=20260922_2021_01_02_PROD&format=json","national","national","false","survey","micro","https://datacatalog.worldbank.org/int/public-licenses#cc-by"
"CIV","2018","29","7","precision-limited","EHCVM","consumption","2018.5","28.98","7.04","2018 - 2021","20260922_2021_01_02_PROD","2026-10-10T15:05:43.529Z","2026-10-10T15:05:43.529Z","false","2026-10-10T15:05:42.520Z","2026-10-08","https://api.worldbank.org/pip/v1/pip?country=all&year=all&fill_gaps=false&reporting_level=national&welfare_type=all&version=20260922_2021_01_02_PROD&format=json","national","national","false","survey","micro","https://datacatalog.worldbank.org/int/public-licenses#cc-by"
"CIV","2021","27.8","7.6","precision-limited","EHCVM","consumption","2021.75","27.839999999999996","7.5600000000000005","2018 - 2021","20260922_2021_01_02_PROD","2026-10-10T15:05:43.529Z","2026-10-10T15:05:43.529Z","false","2026-10-10T15:05:42.520Z","2026-10-08","https://api.worldbank.org/pip/v1/pip?country=all&year=all&fill_gaps=false&reporting_level=national&welfare_type=all&version=20260922_2021_01_02_PROD&format=json","national","national","false","survey","micro","https://datacatalog.worldbank.org/int/public-licenses#cc-by"
"HRV","2000","25.1","8.3","consistent","HBS","consumption","2000","25.06","8.3","1999 - 2001","20260922_2021_01_02_PROD","2026-10-10T15:05:43.529Z","2026-10-10T15:05:43.529Z","false","2026-10-10T15:05:42.520Z","2026-10-08","https://api.worldbank.org/pip/v1/pip?country=all&year=all&fill_gaps=false&reporting_level=national&welfare_type=all&version=20260922_2021_01_02_PROD&format=json","national","national","false","survey","group","https://datacatalog.worldbank.org/int/public-licenses#cc-by"
"HRV","2001","24.6","8.3","consistent","HBS","consumption","2001","24.59","8.27","1999 - 2001","20260922_2021_01_02_PROD","2026-10-10T15:05:43.529Z","2026-10-10T15:05:43.529Z","false","2026-10-10T15:05:42.520Z","2026-10-08","https://api.worldbank.org/pip/v1/pip?country=all&year=all&fill_gaps=false&reporting_level=national&welfare_type=all&version=20260922_2021_01_02_PROD&format=json","national","national","false","survey","group","https://datacatalog.worldbank.org/int/public-licenses#cc-by"
"HRV","2004","23.6","8.6","precision-limited","HBS","consumption","2004","23.59","8.64","1998 - 2010","20260922_2021_01_02_PROD","2026-10-10T15:05:43.529Z","2026-10-10T15:05:43.529Z","false","2026-10-10T15:05:42.520Z","2026-10-08","https://api.worldbank.org/pip/v1/pip?country=all&year=all&fill_gaps=false&reporting_level=national&welfare_type=all&version=20260922_2021_01_02_PROD&format=json","national","national","false","survey","micro","https://datacatalog.worldbank.org/int/public-licenses#cc-by"
"HRV","2008","27.9","8","consistent","HBS","consumption","2008","27.860000000000003","7.9799999999999995","1998 - 2010","20260922_2021_01_02_PROD","2026-10-10T15:05:43.529Z","2026-10-10T15:05:43.529Z","false","2026-10-10T15:05:42.520Z","2026-10-08","https://api.worldbank.org/pip/v1/pip?country=all&year=all&fill_gaps=false&reporting_level=national&welfare_type=all&version=20260922_2021_01_02_PROD&format=json","national","national","false","survey","micro","https://datacatalog.worldbank.org/int/public-licenses#cc-by"
"HRV","2009","24.2","7","precision-limited","EU-SILC","income","2009","24.22","6.950000000000001","2009 - 2021","20260922_2021_01_02_PROD","2026-10-10T15:05:43.529Z","2026-10-10T15:05:43.529Z","false","2026-10-10T15:05:42.520Z","2026-10-08","https://api.worldbank.org/pip/v1/pip?country=all&year=all&fill_gaps=false&reporting_level=national&welfare_type=all&version=20260922_2021_01_02_PROD&format=json","national","national","false","survey","micro","https://datacatalog.worldbank.org/int/public-licenses#cc-by"
"HRV","2010","23.9","6.9","consistent","EU-SILC","income","2010","23.9","6.890000000000001","2009 - 2021","20260922_2021_01_02_PROD","2026-10-10T15:05:43.529Z","2026-10-10T15:05:43.529Z","false","2026-10-10T15:05:42.520Z","2026-10-08","https://api.worldbank.org/pip/v1/pip?country=all&year=all&fill_gaps=false&reporting_level=national&welfare_type=all&version=20260922_2021_01_02_PROD&format=json","national","national","false","survey","micro","https://datacatalog.worldbank.org/int/public-licenses#cc-by"
"HRV","2011","23.7","6.9","consistent","EU-SILC","income","2011","23.73","6.890000000000001","2009 - 2021","20260922_2021_01_02_PROD","2026-10-10T15:05:43.529Z","2026-10-10T15:05:43.529Z","false","2026-10-10T15:05:42.520Z","2026-10-08","https://api.worldbank.org/pip/v1/pip?country=all&year=all&fill_gaps=false&reporting_level=national&welfare_type=all&version=20260922_2021_01_02_PROD&format=json","national","national","false","survey","micro","https://datacatalog.worldbank.org/int/public-licenses#cc-by"
"HRV","2012","23.9","6.9","consistent","EU-SILC","income","2012","23.86","6.9","2009 - 2021","20260922_2021_01_02_PROD","2026-10-10T15:05:43.529Z","2026-10-10T15:05:43.529Z","false","2026-10-10T15:05:42.520Z","2026-10-08","https://api.worldbank.org/pip/v1/pip?country=all&year=all&fill_gaps=false&reporting_level=national&welfare_type=all&version=20260922_2021_01_02_PROD&format=json","national","national","false","survey","micro","https://datacatalog.worldbank.org/int/public-licenses#cc-by"
"HRV","2013","23.7","7.1","consistent","EU-SILC","income","2013","23.68","7.07","2009 - 2021","20260922_2021_01_02_PROD","2026-10-10T15:05:43.529Z","2026-10-10T15:05:43.529Z","false","2026-10-10T15:05:42.520Z","2026-10-08","https://api.worldbank.org/pip/v1/pip?country=all&year=all&fill_gaps=false&reporting_level=national&welfare_type=all&version=20260922_2021_01_02_PROD&format=json","national","national","false","survey","micro","https://datacatalog.worldbank.org/int/public-licenses#cc-by"
"HRV","2014","24","7.1","consistent","EU-SILC","income","2014","23.97","7.090000000000001","2009 - 2021","20260922_2021_01_02_PROD","2026-10-10T15:05:43.529Z","2026-10-10T15:05:43.529Z","false","2026-10-10T15:05:42.520Z","2026-10-08","https://api.worldbank.org/pip/v1/pip?country=all&year=all&fill_gaps=false&reporting_level=national&welfare_type=all&version=20260922_2021_01_02_PROD&format=json","national","national","false","survey","micro","https://datacatalog.worldbank.org/int/public-licenses#cc-by"
"HRV","2015","23.2","7.3","precision-limited","EU-SILC","income","2015","23.22","7.26","2009 - 2021","20260922_2021_01_02_PROD","2026-10-10T15:05:43.529Z","2026-10-10T15:05:43.529Z","false","2026-10-10T15:05:42.520Z","2026-10-08","https://api.worldbank.org/pip/v1/pip?country=all&year=all&fill_gaps=false&reporting_level=national&welfare_type=all&version=20260922_2021_01_02_PROD&format=json","national","national","false","survey","micro","https://datacatalog.worldbank.org/int/public-licenses#cc-by"
"HRV","2016","23.2","7.3","consistent","EU-SILC","income","2016","23.189999999999998","7.31","2009 - 2021","20260922_2021_01_02_PROD","2026-10-10T15:05:43.529Z","2026-10-10T15:05:43.529Z","false","2026-10-10T15:05:42.520Z","2026-10-08","https://api.worldbank.org/pip/v1/pip?country=all&year=all&fill_gaps=false&reporting_level=national&welfare_type=all&version=20260922_2021_01_02_PROD&format=json","national","national","false","survey","micro","https://datacatalog.worldbank.org/int/public-licenses#cc-by"
"HRV","2017","22.8","7.4","precision-limited","EU-SILC","income","2017","22.85","7.41","2009 - 2021","20260922_2021_01_02_PROD","2026-10-10T15:05:43.529Z","2026-10-10T15:05:43.529Z","false","2026-10-10T15:05:42.520Z","2026-10-08","https://api.worldbank.org/pip/v1/pip?country=all&year=all&fill_gaps=false&reporting_level=national&welfare_type=all&version=20260922_2021_01_02_PROD&format=json","national","national","false","survey","micro","https://datacatalog.worldbank.org/int/public-licenses#cc-by"
"HRV","2018","22.7","7.9","precision-limited","EU-SILC","income","2018","22.720000000000002","7.85","2009 - 2021","20260922_2021_01_02_PROD","2026-10-10T15:05:43.529Z","2026-10-10T15:05:43.529Z","false","2026-10-10T15:05:42.520Z","2026-10-08","https://api.worldbank.org/pip/v1/pip?country=all&year=all&fill_gaps=false&reporting_level=national&welfare_type=all&version=20260922_2021_01_02_PROD&format=json","national","national","false","survey","micro","https://datacatalog.worldbank.org/int/public-licenses#cc-by"
"HRV","2019","22.2","8","consistent","EU-SILC","income","2019","22.23","8.030000000000001","2009 - 2021","20260922_2021_01_02_PROD","2026-10-10T15:05:43.529Z","2026-10-10T15:05:43.529Z","false","2026-10-10T15:05:42.520Z","2026-10-08","https://api.worldbank.org/pip/v1/pip?country=all&year=all&fill_gaps=false&reporting_level=national&welfare_type=all&version=20260922_2021_01_02_PROD&format=json","national","national","false","survey","micro","https://datacatalog.worldbank.org/int/public-licenses#cc-by"
"HRV","2020","22.3","7.9","precision-limited","EU-SILC","income","2020","22.33","7.86","2009 - 2021","20260922_2021_01_02_PROD","2026-10-10T15:05:43.529Z","2026-10-10T15:05:43.529Z","false","2026-10-10T15:05:42.520Z","2026-10-08","https://api.worldbank.org/pip/v1/pip?country=all&year=all&fill_gaps=false&reporting_level=national&welfare_type=all&version=20260922_2021_01_02_PROD&format=json","national","national","false","survey","micro","https://datacatalog.worldbank.org/int/public-licenses#cc-by"
"HRV","2021","22.3","8.2","precision-limited","EU-SILC","income","2021","22.259999999999998","8.16","2009 - 2021","20260922_2021_01_02_PROD","2026-10-10T15:05:43.529Z","2026-10-10T15:05:43.529Z","false","2026-10-10T15:05:42.520Z","2026-10-08","https://api.worldbank.org/pip/v1/pip?country=all&year=all&fill_gaps=false&reporting_level=national&welfare_type=all&version=20260922_2021_01_02_PROD&format=json","national","national","false","survey","micro","https://datacatalog.worldbank.org/int/public-licenses#cc-by"
"HRV","2022","23","7.9","precision-limited","EU-SILC","income","2022","23.03","7.85","2022","20260922_2021_01_02_PROD","2026-10-10T15:05:43.529Z","2026-10-10T15:05:43.529Z","false","2026-10-10T15:05:42.520Z","2026-10-08","https://api.worldbank.org/pip/v1/pip?country=all&year=all&fill_gaps=false&reporting_level=national&welfare_type=all&version=20260922_2021_01_02_PROD&format=json","national","national","false","survey","micro","https://datacatalog.worldbank.org/int/public-licenses#cc-by"
"HRV","2023","23.3","7.8","precision-limited","EU-SILC","income","2023","23.3","7.75","2023","20260922_2021_01_02_PROD","2026-10-10T15:05:43.529Z","2026-10-10T15:05:43.529Z","false","2026-10-10T15:05:42.520Z","2026-10-08","https://api.worldbank.org/pip/v1/pip?country=all&year=all&fill_gaps=false&reporting_level=national&welfare_type=all&version=20260922_2021_01_02_PROD&format=json","national","national","false","survey","micro","https://datacatalog.worldbank.org/int/public-licenses#cc-by"
"CYP","2004","24.3","8.8","consistent","EU-SILC","income","2004","24.29","8.78","2004 - 2023","20260922_2021_01_02_PROD","2026-10-10T15:05:43.529Z","2026-10-10T15:05:43.529Z","false","2026-10-10T15:05:42.520Z","2026-10-08","https://api.worldbank.org/pip/v1/pip?country=all&year=all&fill_gaps=false&reporting_level=national&welfare_type=all&version=20260922_2021_01_02_PROD&format=json","national","national","false","survey","micro","https://datacatalog.worldbank.org/int/public-licenses#cc-by"
"CYP","2005","24.9","8.9","precision-limited","EU-SILC","income","2005","24.86","8.940000000000001","2004 - 2023","20260922_2021_01_02_PROD","2026-10-10T15:05:43.529Z","2026-10-10T15:05:43.529Z","false","2026-10-10T15:05:42.520Z","2026-10-08","https://api.worldbank.org/pip/v1/pip?country=all&year=all&fill_gaps=false&reporting_level=national&welfare_type=all&version=20260922_2021_01_02_PROD&format=json","national","national","false","survey","micro","https://datacatalog.worldbank.org/int/public-licenses#cc-by"
"CYP","2006","26","8.8","consistent","EU-SILC","income","2006","26.02","8.82","2004 - 2023","20260922_2021_01_02_PROD","2026-10-10T15:05:43.529Z","2026-10-10T15:05:43.529Z","false","2026-10-10T15:05:42.520Z","2026-10-08","https://api.worldbank.org/pip/v1/pip?country=all&year=all&fill_gaps=false&reporting_level=national&welfare_type=all&version=20260922_2021_01_02_PROD&format=json","national","national","false","survey","micro","https://datacatalog.worldbank.org/int/public-licenses#cc-by"
"CYP","2007","25.5","8.7","precision-limited","EU-SILC","income","2007","25.47","8.74","2004 - 2023","20260922_2021_01_02_PROD","2026-10-10T15:05:43.529Z","2026-10-10T15:05:43.529Z","false","2026-10-10T15:05:42.520Z","2026-10-08","https://api.worldbank.org/pip/v1/pip?country=all&year=all&fill_gaps=false&reporting_level=national&welfare_type=all&version=20260922_2021_01_02_PROD&format=json","national","national","false","survey","micro","https://datacatalog.worldbank.org/int/public-licenses#cc-by"
"CYP","2008","26.2","8.7","precision-limited","EU-SILC","income","2008","26.200000000000003","8.649999999999999","2004 - 2023","20260922_2021_01_02_PROD","2026-10-10T15:05:43.529Z","2026-10-10T15:05:43.529Z","false","2026-10-10T15:05:42.520Z","2026-10-08","https://api.worldbank.org/pip/v1/pip?country=all&year=all&fill_gaps=false&reporting_level=national&welfare_type=all&version=20260922_2021_01_02_PROD&format=json","national","national","false","survey","micro","https://datacatalog.worldbank.org/int/public-licenses#cc-by"
"CYP","2009","26.2","8.5","consistent","EU-SILC","income","2009","26.169999999999998","8.469999999999999","2004 - 2023","20260922_2021_01_02_PROD","2026-10-10T15:05:43.529Z","2026-10-10T15:05:43.529Z","false","2026-10-10T15:05:42.520Z","2026-10-08","https://api.worldbank.org/pip/v1/pip?country=all&year=all&fill_gaps=false&reporting_level=national&welfare_type=all&version=20260922_2021_01_02_PROD&format=json","national","national","false","survey","micro","https://datacatalog.worldbank.org/int/public-licenses#cc-by"
"CYP","2010","25.7","8.6","consistent","EU-SILC","income","2010","25.69","8.6","2004 - 2023","20260922_2021_01_02_PROD","2026-10-10T15:05:43.529Z","2026-10-10T15:05:43.529Z","false","2026-10-10T15:05:42.520Z","2026-10-08","https://api.worldbank.org/pip/v1/pip?country=all&year=all&fill_gaps=false&reporting_level=national&welfare_type=all&version=20260922_2021_01_02_PROD&format=json","national","national","false","survey","micro","https://datacatalog.worldbank.org/int/public-licenses#cc-by"
"CYP","2011","26.7","8.4","consistent","EU-SILC","income","2011","26.69","8.39","2004 - 2023","20260922_2021_01_02_PROD","2026-10-10T15:05:43.529Z","2026-10-10T15:05:43.529Z","false","2026-10-10T15:05:42.520Z","2026-10-08","https://api.worldbank.org/pip/v1/pip?country=all&year=all&fill_gaps=false&reporting_level=national&welfare_type=all&version=20260922_2021_01_02_PROD&format=json","national","national","false","survey","micro","https://datacatalog.worldbank.org/int/public-licenses#cc-by"
"CYP","2012","28","8","consistent","EU-SILC","income","2012","28.02","7.99","2004 - 2023","20260922_2021_01_02_PROD","2026-10-10T15:05:43.529Z","2026-10-10T15:05:43.529Z","false","2026-10-10T15:05:42.520Z","2026-10-08","https://api.worldbank.org/pip/v1/pip?country=all&year=all&fill_gaps=false&reporting_level=national&welfare_type=all&version=20260922_2021_01_02_PROD&format=json","national","national","false","survey","micro","https://datacatalog.worldbank.org/int/public-licenses#cc-by"
"CYP","2013","30.9","7.7","consistent","EU-SILC","income","2013","30.869999999999997","7.680000000000001","2004 - 2023","20260922_2021_01_02_PROD","2026-10-10T15:05:43.529Z","2026-10-10T15:05:43.529Z","false","2026-10-10T15:05:42.520Z","2026-10-08","https://api.worldbank.org/pip/v1/pip?country=all&year=all&fill_gaps=false&reporting_level=national&welfare_type=all&version=20260922_2021_01_02_PROD&format=json","national","national","false","survey","micro","https://datacatalog.worldbank.org/int/public-licenses#cc-by"
"CYP","2014","28.8","7.6","precision-limited","EU-SILC","income","2014","28.810000000000002","7.5600000000000005","2004 - 2023","20260922_2021_01_02_PROD","2026-10-10T15:05:43.529Z","2026-10-10T15:05:43.529Z","false","2026-10-10T15:05:42.520Z","2026-10-08","https://api.worldbank.org/pip/v1/pip?country=all&year=all&fill_gaps=false&reporting_level=national&welfare_type=all&version=20260922_2021_01_02_PROD&format=json","national","national","false","survey","micro","https://datacatalog.worldbank.org/int/public-licenses#cc-by"
"CYP","2015","27.5","7.9","precision-limited","EU-SILC","income","2015","27.46","7.85","2004 - 2023","20260922_2021_01_02_PROD","2026-10-10T15:05:43.529Z","2026-10-10T15:05:43.529Z","false","2026-10-10T15:05:42.520Z","2026-10-08","https://api.worldbank.org/pip/v1/pip?country=all&year=all&fill_gaps=false&reporting_level=national&welfare_type=all&version=20260922_2021_01_02_PROD&format=json","national","national","false","survey","micro","https://datacatalog.worldbank.org/int/public-licenses#cc-by"
"CYP","2016","26.8","8.2","consistent","EU-SILC","income","2016","26.8","8.219999999999999","2004 - 2023","20260922_2021_01_02_PROD","2026-10-10T15:05:43.529Z","2026-10-10T15:05:43.529Z","false","2026-10-10T15:05:42.520Z","2026-10-08","https://api.worldbank.org/pip/v1/pip?country=all&year=all&fill_gaps=false&reporting_level=national&welfare_type=all&version=20260922_2021_01_02_PROD&format=json","national","national","false","survey","micro","https://datacatalog.worldbank.org/int/public-licenses#cc-by"
"CYP","2017","25.5","8.4","precision-limited","EU-SILC","income","2017","25.45","8.35","2004 - 2023","20260922_2021_01_02_PROD","2026-10-10T15:05:43.529Z","2026-10-10T15:05:43.529Z","false","2026-10-10T15:05:42.520Z","2026-10-08","https://api.worldbank.org/pip/v1/pip?country=all&year=all&fill_gaps=false&reporting_level=national&welfare_type=all&version=20260922_2021_01_02_PROD&format=json","national","national","false","survey","micro","https://datacatalog.worldbank.org/int/public-licenses#cc-by"
"CYP","2018","27.2","8.4","consistent","EU-SILC","income","2018","27.16","8.39","2004 - 2023","20260922_2021_01_02_PROD","2026-10-10T15:05:43.529Z","2026-10-10T15:05:43.529Z","false","2026-10-10T15:05:42.520Z","2026-10-08","https://api.worldbank.org/pip/v1/pip?country=all&year=all&fill_gaps=false&reporting_level=national&welfare_type=all&version=20260922_2021_01_02_PROD&format=json","national","national","false","survey","micro","https://datacatalog.worldbank.org/int/public-licenses#cc-by"
"CYP","2019","25.5","8.5","consistent","EU-SILC","income","2019","25.46","8.52","2004 - 2023","20260922_2021_01_02_PROD","2026-10-10T15:05:43.529Z","2026-10-10T15:05:43.529Z","false","2026-10-10T15:05:42.520Z","2026-10-08","https://api.worldbank.org/pip/v1/pip?country=all&year=all&fill_gaps=false&reporting_level=national&welfare_type=all&version=20260922_2021_01_02_PROD&format=json","national","national","false","survey","micro","https://datacatalog.worldbank.org/int/public-licenses#cc-by"
"CYP","2020","26.3","8.5","consistent","EU-SILC","income","2020","26.279999999999998","8.53","2004 - 2023","20260922_2021_01_02_PROD","2026-10-10T15:05:43.529Z","2026-10-10T15:05:43.529Z","false","2026-10-10T15:05:42.520Z","2026-10-08","https://api.worldbank.org/pip/v1/pip?country=all&year=all&fill_gaps=false&reporting_level=national&welfare_type=all&version=20260922_2021_01_02_PROD&format=json","national","national","false","survey","micro","https://datacatalog.worldbank.org/int/public-licenses#cc-by"
"CYP","2021","25.7","8.6","precision-limited","EU-SILC","income","2021","25.66","8.559999999999999","2004 - 2023","20260922_2021_01_02_PROD","2026-10-10T15:05:43.529Z","2026-10-10T15:05:43.529Z","false","2026-10-10T15:05:42.520Z","2026-10-08","https://api.worldbank.org/pip/v1/pip?country=all&year=all&fill_gaps=false&reporting_level=national&welfare_type=all&version=20260922_2021_01_02_PROD&format=json","national","national","false","survey","micro","https://datacatalog.worldbank.org/int/public-licenses#cc-by"
"CYP","2022","26.2","8.7","consistent","EU-SILC","income","2022","26.229999999999997","8.67","2004 - 2023","20260922_2021_01_02_PROD","2026-10-10T15:05:43.529Z","2026-10-10T15:05:43.529Z","false","2026-10-10T15:05:42.520Z","2026-10-08","https://api.worldbank.org/pip/v1/pip?country=all&year=all&fill_gaps=false&reporting_level=national&welfare_type=all&version=20260922_2021_01_02_PROD&format=json","national","national","false","survey","micro","https://datacatalog.worldbank.org/int/public-licenses#cc-by"
"CYP","2023","26.3","8.6","consistent","EU-SILC","income","2023","26.31","8.59","2004 - 2023","20260922_2021_01_02_PROD","2026-10-10T15:05:43.529Z","2026-10-10T15:05:43.529Z","false","2026-10-10T15:05:42.520Z","2026-10-08","https://api.worldbank.org/pip/v1/pip?country=all&year=all&fill_gaps=false&reporting_level=national&welfare_type=all&version=20260922_2021_01_02_PROD&format=json","national","national","false","survey","micro","https://datacatalog.worldbank.org/int/public-licenses#cc-by"
"CZE","2002","22.6","9.5","consistent","MC-LIS","income","2002","22.57","9.49","1992 - 2002","20260922_2021_01_02_PROD","2026-10-10T15:05:43.529Z","2026-10-10T15:05:43.529Z","false","2026-10-10T15:05:42.520Z","2026-10-08","https://api.worldbank.org/pip/v1/pip?country=all&year=all&fill_gaps=false&reporting_level=national&welfare_type=all&version=20260922_2021_01_02_PROD&format=json","national","national","false","survey","micro","https://datacatalog.worldbank.org/int/public-licenses#cc-by"
"CZE","2004","23.1","9","precision-limited","EU-SILC","income","2004","23.1","9.049999999999999","2004 - 2023","20260922_2021_01_02_PROD","2026-10-10T15:05:43.529Z","2026-10-10T15:05:43.529Z","false","2026-10-10T15:05:42.520Z","2026-10-08","https://api.worldbank.org/pip/v1/pip?country=all&year=all&fill_gaps=false&reporting_level=national&welfare_type=all&version=20260922_2021_01_02_PROD&format=json","national","national","false","survey","micro","https://datacatalog.worldbank.org/int/public-licenses#cc-by"
"CZE","2005","22.9","9.3","consistent","EU-SILC","income","2005","22.939999999999998","9.28","2004 - 2023","20260922_2021_01_02_PROD","2026-10-10T15:05:43.529Z","2026-10-10T15:05:43.529Z","false","2026-10-10T15:05:42.520Z","2026-10-08","https://api.worldbank.org/pip/v1/pip?country=all&year=all&fill_gaps=false&reporting_level=national&welfare_type=all&version=20260922_2021_01_02_PROD&format=json","national","national","false","survey","micro","https://datacatalog.worldbank.org/int/public-licenses#cc-by"
"CZE","2006","22.6","9.3","consistent","EU-SILC","income","2006","22.62","9.32","2004 - 2023","20260922_2021_01_02_PROD","2026-10-10T15:05:43.529Z","2026-10-10T15:05:43.529Z","false","2026-10-10T15:05:42.520Z","2026-10-08","https://api.worldbank.org/pip/v1/pip?country=all&year=all&fill_gaps=false&reporting_level=national&welfare_type=all&version=20260922_2021_01_02_PROD&format=json","national","national","false","survey","micro","https://datacatalog.worldbank.org/int/public-licenses#cc-by"
"CZE","2007","22.3","9.7","consistent","EU-SILC","income","2007","22.32","9.73","2004 - 2023","20260922_2021_01_02_PROD","2026-10-10T15:05:43.529Z","2026-10-10T15:05:43.529Z","false","2026-10-10T15:05:42.520Z","2026-10-08","https://api.worldbank.org/pip/v1/pip?country=all&year=all&fill_gaps=false&reporting_level=national&welfare_type=all&version=20260922_2021_01_02_PROD&format=json","national","national","false","survey","micro","https://datacatalog.worldbank.org/int/public-licenses#cc-by"
"CZE","2008","22.9","9.8","consistent","EU-SILC","income","2008","22.88","9.790000000000001","2004 - 2023","20260922_2021_01_02_PROD","2026-10-10T15:05:43.529Z","2026-10-10T15:05:43.529Z","false","2026-10-10T15:05:42.520Z","2026-10-08","https://api.worldbank.org/pip/v1/pip?country=all&year=all&fill_gaps=false&reporting_level=national&welfare_type=all&version=20260922_2021_01_02_PROD&format=json","national","national","false","survey","micro","https://datacatalog.worldbank.org/int/public-licenses#cc-by"
"CZE","2009","22.4","9.6","consistent","EU-SILC","income","2009","22.37","9.620000000000001","2004 - 2023","20260922_2021_01_02_PROD","2026-10-10T15:05:43.529Z","2026-10-10T15:05:43.529Z","false","2026-10-10T15:05:42.520Z","2026-10-08","https://api.worldbank.org/pip/v1/pip?country=all&year=all&fill_gaps=false&reporting_level=national&welfare_type=all&version=20260922_2021_01_02_PROD&format=json","national","national","false","survey","micro","https://datacatalog.worldbank.org/int/public-licenses#cc-by"
"CZE","2010","22.4","9.4","consistent","EU-SILC","income","2010","22.439999999999998","9.370000000000001","2004 - 2023","20260922_2021_01_02_PROD","2026-10-10T15:05:43.529Z","2026-10-10T15:05:43.529Z","false","2026-10-10T15:05:42.520Z","2026-10-08","https://api.worldbank.org/pip/v1/pip?country=all&year=all&fill_gaps=false&reporting_level=national&welfare_type=all&version=20260922_2021_01_02_PROD&format=json","national","national","false","survey","micro","https://datacatalog.worldbank.org/int/public-licenses#cc-by"
"CZE","2011","22.2","9.3","precision-limited","EU-SILC","income","2011","22.23","9.34","2004 - 2023","20260922_2021_01_02_PROD","2026-10-10T15:05:43.529Z","2026-10-10T15:05:43.529Z","false","2026-10-10T15:05:42.520Z","2026-10-08","https://api.worldbank.org/pip/v1/pip?country=all&year=all&fill_gaps=false&reporting_level=national&welfare_type=all&version=20260922_2021_01_02_PROD&format=json","national","national","false","survey","micro","https://datacatalog.worldbank.org/int/public-licenses#cc-by"
"CZE","2012","22.2","9.6","consistent","EU-SILC","income","2012","22.16","9.57","2004 - 2023","20260922_2021_01_02_PROD","2026-10-10T15:05:43.529Z","2026-10-10T15:05:43.529Z","false","2026-10-10T15:05:42.520Z","2026-10-08","https://api.worldbank.org/pip/v1/pip?country=all&year=all&fill_gaps=false&reporting_level=national&welfare_type=all&version=20260922_2021_01_02_PROD&format=json","national","national","false","survey","micro","https://datacatalog.worldbank.org/int/public-licenses#cc-by"
"CZE","2013","22.6","9.4","precision-limited","EU-SILC","income","2013","22.59","9.45","2004 - 2023","20260922_2021_01_02_PROD","2026-10-10T15:05:43.529Z","2026-10-10T15:05:43.529Z","false","2026-10-10T15:05:42.520Z","2026-10-08","https://api.worldbank.org/pip/v1/pip?country=all&year=all&fill_gaps=false&reporting_level=national&welfare_type=all&version=20260922_2021_01_02_PROD&format=json","national","national","false","survey","micro","https://datacatalog.worldbank.org/int/public-licenses#cc-by"
"CZE","2014","22.1","9.7","precision-limited","EU-SILC","income","2014","22.14","9.659999999999998","2004 - 2023","20260922_2021_01_02_PROD","2026-10-10T15:05:43.529Z","2026-10-10T15:05:43.529Z","false","2026-10-10T15:05:42.520Z","2026-10-08","https://api.worldbank.org/pip/v1/pip?country=all&year=all&fill_gaps=false&reporting_level=national&welfare_type=all&version=20260922_2021_01_02_PROD&format=json","national","national","false","survey","micro","https://datacatalog.worldbank.org/int/public-licenses#cc-by"
"CZE","2015","22.1","9.7","precision-limited","EU-SILC","income","2015","22.13","9.659999999999998","2004 - 2023","20260922_2021_01_02_PROD","2026-10-10T15:05:43.529Z","2026-10-10T15:05:43.529Z","false","2026-10-10T15:05:42.520Z","2026-10-08","https://api.worldbank.org/pip/v1/pip?country=all&year=all&fill_gaps=false&reporting_level=national&welfare_type=all&version=20260922_2021_01_02_PROD&format=json","national","national","false","survey","micro","https://datacatalog.worldbank.org/int/public-licenses#cc-by"
"CZE","2016","21.9","10","precision-limited","EU-SILC","income","2016","21.94","9.959999999999999","2004 - 2023","20260922_2021_01_02_PROD","2026-10-10T15:05:43.529Z","2026-10-10T15:05:43.529Z","false","2026-10-10T15:05:42.520Z","2026-10-08","https://api.worldbank.org/pip/v1/pip?country=all&year=all&fill_gaps=false&reporting_level=national&welfare_type=all&version=20260922_2021_01_02_PROD&format=json","national","national","false","survey","micro","https://datacatalog.worldbank.org/int/public-licenses#cc-by"
"CZE","2017","21.4","10.2","precision-limited","EU-SILC","income","2017","21.45","10.200000000000001","2004 - 2023","20260922_2021_01_02_PROD","2026-10-10T15:05:43.529Z","2026-10-10T15:05:43.529Z","false","2026-10-10T15:05:42.520Z","2026-10-08","https://api.worldbank.org/pip/v1/pip?country=all&year=all&fill_gaps=false&reporting_level=national&welfare_type=all&version=20260922_2021_01_02_PROD&format=json","national","national","false","survey","micro","https://datacatalog.worldbank.org/int/public-licenses#cc-by"
"CZE","2018","21.5","10.2","consistent","EU-SILC","income","2018","21.51","10.18","2004 - 2023","20260922_2021_01_02_PROD","2026-10-10T15:05:43.529Z","2026-10-10T15:05:43.529Z","false","2026-10-10T15:05:42.520Z","2026-10-08","https://api.worldbank.org/pip/v1/pip?country=all&year=all&fill_gaps=false&reporting_level=national&welfare_type=all&version=20260922_2021_01_02_PROD&format=json","national","national","false","survey","micro","https://datacatalog.worldbank.org/int/public-licenses#cc-by"
"CZE","2019","21.5","10.1","consistent","EU-SILC","income","2019","21.490000000000002","10.11","2004 - 2023","20260922_2021_01_02_PROD","2026-10-10T15:05:43.529Z","2026-10-10T15:05:43.529Z","false","2026-10-10T15:05:42.520Z","2026-10-08","https://api.worldbank.org/pip/v1/pip?country=all&year=all&fill_gaps=false&reporting_level=national&welfare_type=all&version=20260922_2021_01_02_PROD&format=json","national","national","false","survey","micro","https://datacatalog.worldbank.org/int/public-licenses#cc-by"
"CZE","2020","22.5","9.8","consistent","EU-SILC","income","2020","22.48","9.790000000000001","2004 - 2023","20260922_2021_01_02_PROD","2026-10-10T15:05:43.529Z","2026-10-10T15:05:43.529Z","false","2026-10-10T15:05:42.520Z","2026-10-08","https://api.worldbank.org/pip/v1/pip?country=all&year=all&fill_gaps=false&reporting_level=national&welfare_type=all&version=20260922_2021_01_02_PROD&format=json","national","national","false","survey","micro","https://datacatalog.worldbank.org/int/public-licenses#cc-by"
"CZE","2021","22.2","9.7","precision-limited","EU-SILC","income","2021","22.18","9.74","2004 - 2023","20260922_2021_01_02_PROD","2026-10-10T15:05:43.529Z","2026-10-10T15:05:43.529Z","false","2026-10-10T15:05:42.520Z","2026-10-08","https://api.worldbank.org/pip/v1/pip?country=all&year=all&fill_gaps=false&reporting_level=national&welfare_type=all&version=20260922_2021_01_02_PROD&format=json","national","national","false","survey","micro","https://datacatalog.worldbank.org/int/public-licenses#cc-by"
"CZE","2022","21.8","9.8","precision-limited","EU-SILC","income","2022","21.790000000000003","9.75","2004 - 2023","20260922_2021_01_02_PROD","2026-10-10T15:05:43.529Z","2026-10-10T15:05:43.529Z","false","2026-10-10T15:05:42.520Z","2026-10-08","https://api.worldbank.org/pip/v1/pip?country=all&year=all&fill_gaps=false&reporting_level=national&welfare_type=all&version=20260922_2021_01_02_PROD&format=json","national","national","false","survey","micro","https://datacatalog.worldbank.org/int/public-licenses#cc-by"
"CZE","2023","21.5","9.5","consistent","EU-SILC","income","2023","21.51","9.49","2004 - 2023","20260922_2021_01_02_PROD","2026-10-10T15:05:43.529Z","2026-10-10T15:05:43.529Z","false","2026-10-10T15:05:42.520Z","2026-10-08","https://api.worldbank.org/pip/v1/pip?country=all&year=all&fill_gaps=false&reporting_level=national&welfare_type=all&version=20260922_2021_01_02_PROD&format=json","national","national","false","survey","micro","https://datacatalog.worldbank.org/int/public-licenses#cc-by"
"DNK","2000","20.2","10.4","consistent","LM-LIS","income","2000","20.16","10.43","1987 - 2000","20260922_2021_01_02_PROD","2026-10-10T15:05:43.529Z","2026-10-10T15:05:43.529Z","false","2026-10-10T15:05:42.520Z","2026-10-08","https://api.worldbank.org/pip/v1/pip?country=all&year=all&fill_gaps=false&reporting_level=national&welfare_type=all&version=20260922_2021_01_02_PROD&format=json","national","national","false","survey","micro","https://datacatalog.worldbank.org/int/public-licenses#cc-by"
"DNK","2003","21.4","9.8","consistent","EU-SILC","income","2003","21.37","9.83","2003 - 2018","20260922_2021_01_02_PROD","2026-10-10T15:05:43.529Z","2026-10-10T15:05:43.529Z","false","2026-10-10T15:05:42.520Z","2026-10-08","https://api.worldbank.org/pip/v1/pip?country=all&year=all&fill_gaps=false&reporting_level=national&welfare_type=all&version=20260922_2021_01_02_PROD&format=json","national","national","false","survey","micro","https://datacatalog.worldbank.org/int/public-licenses#cc-by"
"DNK","2004","20.6","9.9","precision-limited","EU-SILC","income","2004","20.65","9.94","2003 - 2018","20260922_2021_01_02_PROD","2026-10-10T15:05:43.529Z","2026-10-10T15:05:43.529Z","false","2026-10-10T15:05:42.520Z","2026-10-08","https://api.worldbank.org/pip/v1/pip?country=all&year=all&fill_gaps=false&reporting_level=national&welfare_type=all&version=20260922_2021_01_02_PROD&format=json","national","national","false","survey","micro","https://datacatalog.worldbank.org/int/public-licenses#cc-by"
"DNK","2005","21","9.8","precision-limited","EU-SILC","income","2005","20.96","9.85","2003 - 2018","20260922_2021_01_02_PROD","2026-10-10T15:05:43.529Z","2026-10-10T15:05:43.529Z","false","2026-10-10T15:05:42.520Z","2026-10-08","https://api.worldbank.org/pip/v1/pip?country=all&year=all&fill_gaps=false&reporting_level=national&welfare_type=all&version=20260922_2021_01_02_PROD&format=json","national","national","false","survey","micro","https://datacatalog.worldbank.org/int/public-licenses#cc-by"
"DNK","2006","21.7","9.8","precision-limited","EU-SILC","income","2006","21.75","9.84","2003 - 2018","20260922_2021_01_02_PROD","2026-10-10T15:05:43.529Z","2026-10-10T15:05:43.529Z","false","2026-10-10T15:05:42.520Z","2026-10-08","https://api.worldbank.org/pip/v1/pip?country=all&year=all&fill_gaps=false&reporting_level=national&welfare_type=all&version=20260922_2021_01_02_PROD&format=json","national","national","false","survey","micro","https://datacatalog.worldbank.org/int/public-licenses#cc-by"
"DNK","2007","22.1","9.8","consistent","EU-SILC","income","2007","22.1","9.790000000000001","2003 - 2018","20260922_2021_01_02_PROD","2026-10-10T15:05:43.529Z","2026-10-10T15:05:43.529Z","false","2026-10-10T15:05:42.520Z","2026-10-08","https://api.worldbank.org/pip/v1/pip?country=all&year=all&fill_gaps=false&reporting_level=national&welfare_type=all&version=20260922_2021_01_02_PROD&format=json","national","national","false","survey","micro","https://datacatalog.worldbank.org/int/public-licenses#cc-by"
"DNK","2008","21","9.8","precision-limited","EU-SILC","income","2008","21.04","9.85","2003 - 2018","20260922_2021_01_02_PROD","2026-10-10T15:05:43.529Z","2026-10-10T15:05:43.529Z","false","2026-10-10T15:05:42.520Z","2026-10-08","https://api.worldbank.org/pip/v1/pip?country=all&year=all&fill_gaps=false&reporting_level=national&welfare_type=all&version=20260922_2021_01_02_PROD&format=json","national","national","false","survey","micro","https://datacatalog.worldbank.org/int/public-licenses#cc-by"
"DNK","2009","21.8","9.2","consistent","EU-SILC","income","2009","21.78","9.22","2003 - 2018","20260922_2021_01_02_PROD","2026-10-10T15:05:43.529Z","2026-10-10T15:05:43.529Z","false","2026-10-10T15:05:42.520Z","2026-10-08","https://api.worldbank.org/pip/v1/pip?country=all&year=all&fill_gaps=false&reporting_level=national&welfare_type=all&version=20260922_2021_01_02_PROD&format=json","national","national","false","survey","micro","https://datacatalog.worldbank.org/int/public-licenses#cc-by"
"DNK","2010","22.5","9.3","consistent","EU-SILC","income","2010","22.53","9.3","2003 - 2018","20260922_2021_01_02_PROD","2026-10-10T15:05:43.529Z","2026-10-10T15:05:43.529Z","false","2026-10-10T15:05:42.520Z","2026-10-08","https://api.worldbank.org/pip/v1/pip?country=all&year=all&fill_gaps=false&reporting_level=national&welfare_type=all&version=20260922_2021_01_02_PROD&format=json","national","national","false","survey","micro","https://datacatalog.worldbank.org/int/public-licenses#cc-by"
"DNK","2011","22.7","9.4","precision-limited","EU-SILC","income","2011","22.71","9.36","2003 - 2018","20260922_2021_01_02_PROD","2026-10-10T15:05:43.529Z","2026-10-10T15:05:43.529Z","false","2026-10-10T15:05:42.520Z","2026-10-08","https://api.worldbank.org/pip/v1/pip?country=all&year=all&fill_gaps=false&reporting_level=national&welfare_type=all&version=20260922_2021_01_02_PROD&format=json","national","national","false","survey","micro","https://datacatalog.worldbank.org/int/public-licenses#cc-by"
"DNK","2012","23.1","9.3","consistent","EU-SILC","income","2012","23.119999999999997","9.33","2003 - 2018","20260922_2021_01_02_PROD","2026-10-10T15:05:43.529Z","2026-10-10T15:05:43.529Z","false","2026-10-10T15:05:42.520Z","2026-10-08","https://api.worldbank.org/pip/v1/pip?country=all&year=all&fill_gaps=false&reporting_level=national&welfare_type=all&version=20260922_2021_01_02_PROD&format=json","national","national","false","survey","micro","https://datacatalog.worldbank.org/int/public-licenses#cc-by"
"DNK","2013","23.7","9.1","consistent","EU-SILC","income","2013","23.69","9.1","2003 - 2018","20260922_2021_01_02_PROD","2026-10-10T15:05:43.529Z","2026-10-10T15:05:43.529Z","false","2026-10-10T15:05:42.520Z","2026-10-08","https://api.worldbank.org/pip/v1/pip?country=all&year=all&fill_gaps=false&reporting_level=national&welfare_type=all&version=20260922_2021_01_02_PROD&format=json","national","national","false","survey","micro","https://datacatalog.worldbank.org/int/public-licenses#cc-by"
"DNK","2014","23.6","9.1","consistent","EU-SILC","income","2014","23.56","9.1","2003 - 2018","20260922_2021_01_02_PROD","2026-10-10T15:05:43.529Z","2026-10-10T15:05:43.529Z","false","2026-10-10T15:05:42.520Z","2026-10-08","https://api.worldbank.org/pip/v1/pip?country=all&year=all&fill_gaps=false&reporting_level=national&welfare_type=all&version=20260922_2021_01_02_PROD&format=json","national","national","false","survey","micro","https://datacatalog.worldbank.org/int/public-licenses#cc-by"
"DNK","2015","23.8","9.4","consistent","EU-SILC","income","2015","23.82","9.41","2003 - 2018","20260922_2021_01_02_PROD","2026-10-10T15:05:43.529Z","2026-10-10T15:05:43.529Z","false","2026-10-10T15:05:42.520Z","2026-10-08","https://api.worldbank.org/pip/v1/pip?country=all&year=all&fill_gaps=false&reporting_level=national&welfare_type=all&version=20260922_2021_01_02_PROD&format=json","national","national","false","survey","micro","https://datacatalog.worldbank.org/int/public-licenses#cc-by"
"DNK","2016","23.7","9.2","precision-limited","EU-SILC","income","2016","23.669999999999998","9.24","2003 - 2018","20260922_2021_01_02_PROD","2026-10-10T15:05:43.529Z","2026-10-10T15:05:43.529Z","false","2026-10-10T15:05:42.520Z","2026-10-08","https://api.worldbank.org/pip/v1/pip?country=all&year=all&fill_gaps=false&reporting_level=national&welfare_type=all&version=20260922_2021_01_02_PROD&format=json","national","national","false","survey","micro","https://datacatalog.worldbank.org/int/public-licenses#cc-by"
"DNK","2017","24","9.1","consistent","EU-SILC","income","2017","24.03","9.13","2003 - 2018","20260922_2021_01_02_PROD","2026-10-10T15:05:43.529Z","2026-10-10T15:05:43.529Z","false","2026-10-10T15:05:42.520Z","2026-10-08","https://api.worldbank.org/pip/v1/pip?country=all&year=all&fill_gaps=false&reporting_level=national&welfare_type=all&version=20260922_2021_01_02_PROD&format=json","national","national","false","survey","micro","https://datacatalog.worldbank.org/int/public-licenses#cc-by"
"DNK","2018","23.5","9.3","consistent","EU-SILC","income","2018","23.5","9.28","2003 - 2018","20260922_2021_01_02_PROD","2026-10-10T15:05:43.529Z","2026-10-10T15:05:43.529Z","false","2026-10-10T15:05:42.520Z","2026-10-08","https://api.worldbank.org/pip/v1/pip?country=all&year=all&fill_gaps=false&reporting_level=national&welfare_type=all&version=20260922_2021_01_02_PROD&format=json","national","national","false","survey","micro","https://datacatalog.worldbank.org/int/public-licenses#cc-by"
"DNK","2019","23.5","9.5","consistent","EU-SILC","income","2019","23.52","9.5","2019 - 2023","20260922_2021_01_02_PROD","2026-10-10T15:05:43.529Z","2026-10-10T15:05:43.529Z","false","2026-10-10T15:05:42.520Z","2026-10-08","https://api.worldbank.org/pip/v1/pip?country=all&year=all&fill_gaps=false&reporting_level=national&welfare_type=all&version=20260922_2021_01_02_PROD&format=json","national","national","false","survey","micro","https://datacatalog.worldbank.org/int/public-licenses#cc-by"
"DNK","2020","22.9","9.4","consistent","EU-SILC","income","2020","22.93","9.370000000000001","2019 - 2023","20260922_2021_01_02_PROD","2026-10-10T15:05:43.529Z","2026-10-10T15:05:43.529Z","false","2026-10-10T15:05:42.520Z","2026-10-08","https://api.worldbank.org/pip/v1/pip?country=all&year=all&fill_gaps=false&reporting_level=national&welfare_type=all&version=20260922_2021_01_02_PROD&format=json","national","national","false","survey","micro","https://datacatalog.worldbank.org/int/public-licenses#cc-by"
"DNK","2021","23.8","9.2","consistent","EU-SILC","income","2021","23.830000000000002","9.2","2019 - 2023","20260922_2021_01_02_PROD","2026-10-10T15:05:43.529Z","2026-10-10T15:05:43.529Z","false","2026-10-10T15:05:42.520Z","2026-10-08","https://api.worldbank.org/pip/v1/pip?country=all&year=all&fill_gaps=false&reporting_level=national&welfare_type=all&version=20260922_2021_01_02_PROD&format=json","national","national","false","survey","micro","https://datacatalog.worldbank.org/int/public-licenses#cc-by"
"DNK","2022","24.5","9","precision-limited","EU-SILC","income","2022","24.52","9.04","2019 - 2023","20260922_2021_01_02_PROD","2026-10-10T15:05:43.529Z","2026-10-10T15:05:43.529Z","false","2026-10-10T15:05:42.520Z","2026-10-08","https://api.worldbank.org/pip/v1/pip?country=all&year=all&fill_gaps=false&reporting_level=national&welfare_type=all&version=20260922_2021_01_02_PROD&format=json","national","national","false","survey","micro","https://datacatalog.worldbank.org/int/public-licenses#cc-by"
"DNK","2023","25.5","9.1","precision-limited","EU-SILC","income","2023","25.46","9.06","2019 - 2023","20260922_2021_01_02_PROD","2026-10-10T15:05:43.529Z","2026-10-10T15:05:43.529Z","false","2026-10-10T15:05:42.520Z","2026-10-08","https://api.worldbank.org/pip/v1/pip?country=all&year=all&fill_gaps=false&reporting_level=national&welfare_type=all&version=20260922_2021_01_02_PROD&format=json","national","national","false","survey","micro","https://datacatalog.worldbank.org/int/public-licenses#cc-by"
"DJI","2002","30.8","6","consistent","EDAM","consumption","2002","30.759999999999998","6.0200000000000005","2002","20260922_2021_01_02_PROD","2026-10-10T15:05:43.529Z","2026-10-10T15:05:43.529Z","false","2026-10-10T15:05:42.520Z","2026-10-08","https://api.worldbank.org/pip/v1/pip?country=all&year=all&fill_gaps=false&reporting_level=national&welfare_type=all&version=20260922_2021_01_02_PROD&format=json","national","national","false","survey","micro","https://datacatalog.worldbank.org/int/public-licenses#cc-by"
"DJI","2012","34.4","4.3","consistent","EDAM","consumption","2012","34.37","4.29","2012","20260922_2021_01_02_PROD","2026-10-10T15:05:43.529Z","2026-10-10T15:05:43.529Z","false","2026-10-10T15:05:42.520Z","2026-10-08","https://api.worldbank.org/pip/v1/pip?country=all&year=all&fill_gaps=false&reporting_level=national&welfare_type=all&version=20260922_2021_01_02_PROD&format=json","national","national","false","survey","micro","https://datacatalog.worldbank.org/int/public-licenses#cc-by"
"DJI","2013","34","5","precision-limited","EDAM","consumption","2013","33.989999999999995","4.96","2013","20260922_2021_01_02_PROD","2026-10-10T15:05:43.529Z","2026-10-10T15:05:43.529Z","false","2026-10-10T15:05:42.520Z","2026-10-08","https://api.worldbank.org/pip/v1/pip?country=all&year=all&fill_gaps=false&reporting_level=national&welfare_type=all&version=20260922_2021_01_02_PROD&format=json","national","national","false","survey","micro","https://datacatalog.worldbank.org/int/public-licenses#cc-by"
"DJI","2017","32.3","5.4","consistent","EDAM","consumption","2017","32.31","5.390000000000001","2017","20260922_2021_01_02_PROD","2026-10-10T15:05:43.529Z","2026-10-10T15:05:43.529Z","false","2026-10-10T15:05:42.520Z","2026-10-08","https://api.worldbank.org/pip/v1/pip?country=all&year=all&fill_gaps=false&reporting_level=national&welfare_type=all&version=20260922_2021_01_02_PROD&format=json","national","national","false","survey","micro","https://datacatalog.worldbank.org/int/public-licenses#cc-by"
"DOM","2000","40.2","3.7","consistent","ENFT","income","2000","40.22","3.7199999999999998","2000 - 2004","20260922_2021_01_02_PROD","2026-10-10T15:05:43.529Z","2026-10-10T15:05:43.529Z","false","2026-10-10T15:05:42.520Z","2026-10-08","https://api.worldbank.org/pip/v1/pip?country=all&year=all&fill_gaps=false&reporting_level=national&welfare_type=all&version=20260922_2021_01_02_PROD&format=json","national","national","false","survey","micro","https://datacatalog.worldbank.org/int/public-licenses#cc-by"
"DOM","2001","39.2","4.1","consistent","ENFT","income","2001","39.2","4.109999999999999","2000 - 2004","20260922_2021_01_02_PROD","2026-10-10T15:05:43.529Z","2026-10-10T15:05:43.529Z","false","2026-10-10T15:05:42.520Z","2026-10-08","https://api.worldbank.org/pip/v1/pip?country=all&year=all&fill_gaps=false&reporting_level=national&welfare_type=all&version=20260922_2021_01_02_PROD&format=json","national","national","false","survey","micro","https://datacatalog.worldbank.org/int/public-licenses#cc-by"
"DOM","2002","38.3","3.8","consistent","ENFT","income","2002","38.32","3.7900000000000005","2000 - 2004","20260922_2021_01_02_PROD","2026-10-10T15:05:43.529Z","2026-10-10T15:05:43.529Z","false","2026-10-10T15:05:42.520Z","2026-10-08","https://api.worldbank.org/pip/v1/pip?country=all&year=all&fill_gaps=false&reporting_level=national&welfare_type=all&version=20260922_2021_01_02_PROD&format=json","national","national","false","survey","micro","https://datacatalog.worldbank.org/int/public-licenses#cc-by"
"DOM","2003","41.7","3.8","consistent","ENFT","income","2003","41.74","3.82","2000 - 2004","20260922_2021_01_02_PROD","2026-10-10T15:05:43.529Z","2026-10-10T15:05:43.529Z","false","2026-10-10T15:05:42.520Z","2026-10-08","https://api.worldbank.org/pip/v1/pip?country=all&year=all&fill_gaps=false&reporting_level=national&welfare_type=all&version=20260922_2021_01_02_PROD&format=json","national","national","false","survey","micro","https://datacatalog.worldbank.org/int/public-licenses#cc-by"
"DOM","2004","41.7","3.9","consistent","ENFT","income","2004","41.699999999999996","3.8899999999999997","2000 - 2004","20260922_2021_01_02_PROD","2026-10-10T15:05:43.529Z","2026-10-10T15:05:43.529Z","false","2026-10-10T15:05:42.520Z","2026-10-08","https://api.worldbank.org/pip/v1/pip?country=all&year=all&fill_gaps=false&reporting_level=national&welfare_type=all&version=20260922_2021_01_02_PROD&format=json","national","national","false","survey","micro","https://datacatalog.worldbank.org/int/public-licenses#cc-by"
"DOM","2005","39","4.1","precision-limited","ENFT","income","2005","38.95","4.109999999999999","2005 - 2016","20260922_2021_01_02_PROD","2026-10-10T15:05:43.529Z","2026-10-10T15:05:43.529Z","false","2026-10-10T15:05:42.520Z","2026-10-08","https://api.worldbank.org/pip/v1/pip?country=all&year=all&fill_gaps=false&reporting_level=national&welfare_type=all&version=20260922_2021_01_02_PROD&format=json","national","national","false","survey","micro","https://datacatalog.worldbank.org/int/public-licenses#cc-by"
"DOM","2006","41.2","3.9","precision-limited","ENFT","income","2006","41.19","3.95","2005 - 2016","20260922_2021_01_02_PROD","2026-10-10T15:05:43.529Z","2026-10-10T15:05:43.529Z","false","2026-10-10T15:05:42.520Z","2026-10-08","https://api.worldbank.org/pip/v1/pip?country=all&year=all&fill_gaps=false&reporting_level=national&welfare_type=all&version=20260922_2021_01_02_PROD&format=json","national","national","false","survey","micro","https://datacatalog.worldbank.org/int/public-licenses#cc-by"
"DOM","2007","38.6","4.4","consistent","ENFT","income","2007","38.6","4.380000000000001","2005 - 2016","20260922_2021_01_02_PROD","2026-10-10T15:05:43.529Z","2026-10-10T15:05:43.529Z","false","2026-10-10T15:05:42.520Z","2026-10-08","https://api.worldbank.org/pip/v1/pip?country=all&year=all&fill_gaps=false&reporting_level=national&welfare_type=all&version=20260922_2021_01_02_PROD&format=json","national","national","false","survey","micro","https://datacatalog.worldbank.org/int/public-licenses#cc-by"
"DOM","2008","37.8","4.6","consistent","ENFT","income","2008","37.769999999999996","4.58","2005 - 2016","20260922_2021_01_02_PROD","2026-10-10T15:05:43.529Z","2026-10-10T15:05:43.529Z","false","2026-10-10T15:05:42.520Z","2026-10-08","https://api.worldbank.org/pip/v1/pip?country=all&year=all&fill_gaps=false&reporting_level=national&welfare_type=all&version=20260922_2021_01_02_PROD&format=json","national","national","false","survey","micro","https://datacatalog.worldbank.org/int/public-licenses#cc-by"
"DOM","2009","38.7","4.5","consistent","ENFT","income","2009","38.71","4.4799999999999995","2005 - 2016","20260922_2021_01_02_PROD","2026-10-10T15:05:43.529Z","2026-10-10T15:05:43.529Z","false","2026-10-10T15:05:42.520Z","2026-10-08","https://api.worldbank.org/pip/v1/pip?country=all&year=all&fill_gaps=false&reporting_level=national&welfare_type=all&version=20260922_2021_01_02_PROD&format=json","national","national","false","survey","micro","https://datacatalog.worldbank.org/int/public-licenses#cc-by"
"DOM","2010","36.5","4.6","precision-limited","ENFT","income","2010","36.54","4.64","2005 - 2016","20260922_2021_01_02_PROD","2026-10-10T15:05:43.529Z","2026-10-10T15:05:43.529Z","false","2026-10-10T15:05:42.520Z","2026-10-08","https://api.worldbank.org/pip/v1/pip?country=all&year=all&fill_gaps=false&reporting_level=national&welfare_type=all&version=20260922_2021_01_02_PROD&format=json","national","national","false","survey","micro","https://datacatalog.worldbank.org/int/public-licenses#cc-by"
"DOM","2011","37.5","4.7","precision-limited","ENFT","income","2011","37.49","4.75","2005 - 2016","20260922_2021_01_02_PROD","2026-10-10T15:05:43.529Z","2026-10-10T15:05:43.529Z","false","2026-10-10T15:05:42.520Z","2026-10-08","https://api.worldbank.org/pip/v1/pip?country=all&year=all&fill_gaps=false&reporting_level=national&welfare_type=all&version=20260922_2021_01_02_PROD&format=json","national","national","false","survey","micro","https://datacatalog.worldbank.org/int/public-licenses#cc-by"
"DOM","2012","36","4.9","consistent","ENFT","income","2012","36.04","4.91","2005 - 2016","20260922_2021_01_02_PROD","2026-10-10T15:05:43.529Z","2026-10-10T15:05:43.529Z","false","2026-10-10T15:05:42.520Z","2026-10-08","https://api.worldbank.org/pip/v1/pip?country=all&year=all&fill_gaps=false&reporting_level=national&welfare_type=all&version=20260922_2021_01_02_PROD&format=json","national","national","false","survey","micro","https://datacatalog.worldbank.org/int/public-licenses#cc-by"
"DOM","2013","37.9","4.8","consistent","ENFT","income","2013","37.92","4.829999999999999","2005 - 2016","20260922_2021_01_02_PROD","2026-10-10T15:05:43.529Z","2026-10-10T15:05:43.529Z","false","2026-10-10T15:05:42.520Z","2026-10-08","https://api.worldbank.org/pip/v1/pip?country=all&year=all&fill_gaps=false&reporting_level=national&welfare_type=all&version=20260922_2021_01_02_PROD&format=json","national","national","false","survey","micro","https://datacatalog.worldbank.org/int/public-licenses#cc-by"
"DOM","2014","33.4","5.1","precision-limited","ENFT","income","2014","33.36","5.050000000000001","2005 - 2016","20260922_2021_01_02_PROD","2026-10-10T15:05:43.529Z","2026-10-10T15:05:43.529Z","false","2026-10-10T15:05:42.520Z","2026-10-08","https://api.worldbank.org/pip/v1/pip?country=all&year=all&fill_gaps=false&reporting_level=national&welfare_type=all&version=20260922_2021_01_02_PROD&format=json","national","national","false","survey","micro","https://datacatalog.worldbank.org/int/public-licenses#cc-by"
"DOM","2015","34.8","5","consistent","ENFT","income","2015","34.839999999999996","5.01","2005 - 2016","20260922_2021_01_02_PROD","2026-10-10T15:05:43.529Z","2026-10-10T15:05:43.529Z","false","2026-10-10T15:05:42.520Z","2026-10-08","https://api.worldbank.org/pip/v1/pip?country=all&year=all&fill_gaps=false&reporting_level=national&welfare_type=all&version=20260922_2021_01_02_PROD&format=json","national","national","false","survey","micro","https://datacatalog.worldbank.org/int/public-licenses#cc-by"
"DOM","2016","35.4","4.9","precision-limited","ENFT","income","2016","35.36","4.8500000000000005","2005 - 2016","20260922_2021_01_02_PROD","2026-10-10T15:05:43.529Z","2026-10-10T15:05:43.529Z","false","2026-10-10T15:05:42.520Z","2026-10-08","https://api.worldbank.org/pip/v1/pip?country=all&year=all&fill_gaps=false&reporting_level=national&welfare_type=all&version=20260922_2021_01_02_PROD&format=json","national","national","false","survey","micro","https://datacatalog.worldbank.org/int/public-licenses#cc-by"
"DOM","2017","33.5","5.9","consistent","ECNFT-Q03","income","2017","33.5","5.92","2017 - 2024","20260922_2021_01_02_PROD","2026-10-10T15:05:43.529Z","2026-10-10T15:05:43.529Z","false","2026-10-10T15:05:42.520Z","2026-10-08","https://api.worldbank.org/pip/v1/pip?country=all&year=all&fill_gaps=false&reporting_level=national&welfare_type=all&version=20260922_2021_01_02_PROD&format=json","national","national","false","survey","micro","https://datacatalog.worldbank.org/int/public-licenses#cc-by"
"DOM","2018","35.1","5.8","precision-limited","ECNFT-Q03","income","2018","35.15","5.8","2017 - 2024","20260922_2021_01_02_PROD","2026-10-10T15:05:43.529Z","2026-10-10T15:05:43.529Z","false","2026-10-10T15:05:42.520Z","2026-10-08","https://api.worldbank.org/pip/v1/pip?country=all&year=all&fill_gaps=false&reporting_level=national&welfare_type=all&version=20260922_2021_01_02_PROD&format=json","national","national","false","survey","micro","https://datacatalog.worldbank.org/int/public-licenses#cc-by"
"DOM","2019","33.1","6","consistent","ECNFT-Q03","income","2019","33.1","5.97","2017 - 2024","20260922_2021_01_02_PROD","2026-10-10T15:05:43.529Z","2026-10-10T15:05:43.529Z","false","2026-10-10T15:05:42.520Z","2026-10-08","https://api.worldbank.org/pip/v1/pip?country=all&year=all&fill_gaps=false&reporting_level=national&welfare_type=all&version=20260922_2021_01_02_PROD&format=json","national","national","false","survey","micro","https://datacatalog.worldbank.org/int/public-licenses#cc-by"
"DOM","2020","30.4","6.2","consistent","ECNFT-Q03","income","2020","30.43","6.21","2017 - 2024","20260922_2021_01_02_PROD","2026-10-10T15:05:43.529Z","2026-10-10T15:05:43.529Z","false","2026-10-10T15:05:42.520Z","2026-10-08","https://api.worldbank.org/pip/v1/pip?country=all&year=all&fill_gaps=false&reporting_level=national&welfare_type=all&version=20260922_2021_01_02_PROD&format=json","national","national","false","survey","micro","https://datacatalog.worldbank.org/int/public-licenses#cc-by"
"DOM","2021","30.2","6.6","precision-limited","ECNFT-Q03","income","2021","30.240000000000002","6.550000000000001","2017 - 2024","20260922_2021_01_02_PROD","2026-10-10T15:05:43.529Z","2026-10-10T15:05:43.529Z","false","2026-10-10T15:05:42.520Z","2026-10-08","https://api.worldbank.org/pip/v1/pip?country=all&year=all&fill_gaps=false&reporting_level=national&welfare_type=all&version=20260922_2021_01_02_PROD&format=json","national","national","false","survey","micro","https://datacatalog.worldbank.org/int/public-licenses#cc-by"
"DOM","2022","28.3","6.6","precision-limited","ECNFT-Q03","income","2022","28.29","6.64","2017 - 2024","20260922_2021_01_02_PROD","2026-10-10T15:05:43.529Z","2026-10-10T15:05:43.529Z","false","2026-10-10T15:05:42.520Z","2026-10-08","https://api.worldbank.org/pip/v1/pip?country=all&year=all&fill_gaps=false&reporting_level=national&welfare_type=all&version=20260922_2021_01_02_PROD&format=json","national","national","false","survey","micro","https://datacatalog.worldbank.org/int/public-licenses#cc-by"
"DOM","2023","29.1","6.2","consistent","ECNFT-Q03","income","2023","29.14","6.220000000000001","2017 - 2024","20260922_2021_01_02_PROD","2026-10-10T15:05:43.529Z","2026-10-10T15:05:43.529Z","false","2026-10-10T15:05:42.520Z","2026-10-08","https://api.worldbank.org/pip/v1/pip?country=all&year=all&fill_gaps=false&reporting_level=national&welfare_type=all&version=20260922_2021_01_02_PROD&format=json","national","national","false","survey","micro","https://datacatalog.worldbank.org/int/public-licenses#cc-by"
"DOM","2024","29.5","6.1","consistent","ECNFT-Q03","income","2024","29.520000000000003","6.11","2017 - 2024","20260922_2021_01_02_PROD","2026-10-10T15:05:43.529Z","2026-10-10T15:05:43.529Z","false","2026-10-10T15:05:42.520Z","2026-10-08","https://api.worldbank.org/pip/v1/pip?country=all&year=all&fill_gaps=false&reporting_level=national&welfare_type=all&version=20260922_2021_01_02_PROD&format=json","national","national","false","survey","micro","https://datacatalog.worldbank.org/int/public-licenses#cc-by"
"ECU","2000","45.9","3.1","consistent","EPED","income","2000","45.89","3.08","2000","20260922_2021_01_02_PROD","2026-10-10T15:05:43.529Z","2026-10-10T15:05:43.529Z","false","2026-10-10T15:05:42.520Z","2026-10-08","https://api.worldbank.org/pip/v1/pip?country=all&year=all&fill_gaps=false&reporting_level=national&welfare_type=all&version=20260922_2021_01_02_PROD&format=json","national","national","false","survey","micro","https://datacatalog.worldbank.org/int/public-licenses#cc-by"
"ECU","2003","42","3.3","consistent","ENEMDU","income","2003","42.02","3.27","2003 - 2006","20260922_2021_01_02_PROD","2026-10-10T15:05:43.529Z","2026-10-10T15:05:43.529Z","false","2026-10-10T15:05:42.520Z","2026-10-08","https://api.worldbank.org/pip/v1/pip?country=all&year=all&fill_gaps=false&reporting_level=national&welfare_type=all&version=20260922_2021_01_02_PROD&format=json","national","national","false","survey","micro","https://datacatalog.worldbank.org/int/public-licenses#cc-by"
"ECU","2004","42.4","3.2","consistent","ENEMDU","income","2004","42.42","3.2300000000000004","2003 - 2006","20260922_2021_01_02_PROD","2026-10-10T15:05:43.529Z","2026-10-10T15:05:43.529Z","false","2026-10-10T15:05:42.520Z","2026-10-08","https://api.worldbank.org/pip/v1/pip?country=all&year=all&fill_gaps=false&reporting_level=national&welfare_type=all&version=20260922_2021_01_02_PROD&format=json","national","national","false","survey","micro","https://datacatalog.worldbank.org/int/public-licenses#cc-by"
"ECU","2005","41.1","3.3","precision-limited","ENEMDU","income","2005","41.14","3.25","2003 - 2006","20260922_2021_01_02_PROD","2026-10-10T15:05:43.529Z","2026-10-10T15:05:43.529Z","false","2026-10-10T15:05:42.520Z","2026-10-08","https://api.worldbank.org/pip/v1/pip?country=all&year=all&fill_gaps=false&reporting_level=national&welfare_type=all&version=20260922_2021_01_02_PROD&format=json","national","national","false","survey","micro","https://datacatalog.worldbank.org/int/public-licenses#cc-by"
"ECU","2006","41.1","3.7","consistent","ENEMDU","income","2006","41.120000000000005","3.6799999999999997","2003 - 2006","20260922_2021_01_02_PROD","2026-10-10T15:05:43.529Z","2026-10-10T15:05:43.529Z","false","2026-10-10T15:05:42.520Z","2026-10-08","https://api.worldbank.org/pip/v1/pip?country=all&year=all&fill_gaps=false&reporting_level=national&welfare_type=all&version=20260922_2021_01_02_PROD&format=json","national","national","false","survey","micro","https://datacatalog.worldbank.org/int/public-licenses#cc-by"
"ECU","2007","42","3.5","precision-limited","ENEMDU","income","2007","42.02","3.46","2007 - 2025","20260922_2021_01_02_PROD","2026-10-10T15:05:43.529Z","2026-10-10T15:05:43.529Z","false","2026-10-10T15:05:42.520Z","2026-10-08","https://api.worldbank.org/pip/v1/pip?country=all&year=all&fill_gaps=false&reporting_level=national&welfare_type=all&version=20260922_2021_01_02_PROD&format=json","national","national","false","survey","micro","https://datacatalog.worldbank.org/int/public-licenses#cc-by"
"ECU","2008","38.1","3.8","consistent","ENEMDU","income","2008","38.11","3.8099999999999996","2007 - 2025","20260922_2021_01_02_PROD","2026-10-10T15:05:43.529Z","2026-10-10T15:05:43.529Z","false","2026-10-10T15:05:42.520Z","2026-10-08","https://api.worldbank.org/pip/v1/pip?country=all&year=all&fill_gaps=false&reporting_level=national&welfare_type=all&version=20260922_2021_01_02_PROD&format=json","national","national","false","survey","micro","https://datacatalog.worldbank.org/int/public-licenses#cc-by"
"ECU","2009","37.1","4.1","consistent","ENEMDU","income","2009","37.11","4.1000000000000005","2007 - 2025","20260922_2021_01_02_PROD","2026-10-10T15:05:43.529Z","2026-10-10T15:05:43.529Z","false","2026-10-10T15:05:42.520Z","2026-10-08","https://api.worldbank.org/pip/v1/pip?country=all&year=all&fill_gaps=false&reporting_level=national&welfare_type=all&version=20260922_2021_01_02_PROD&format=json","national","national","false","survey","micro","https://datacatalog.worldbank.org/int/public-licenses#cc-by"
"ECU","2010","37.5","4.1","precision-limited","ENEMDU","income","2010","37.54","4.1499999999999995","2007 - 2025","20260922_2021_01_02_PROD","2026-10-10T15:05:43.529Z","2026-10-10T15:05:43.529Z","false","2026-10-10T15:05:42.520Z","2026-10-08","https://api.worldbank.org/pip/v1/pip?country=all&year=all&fill_gaps=false&reporting_level=national&welfare_type=all&version=20260922_2021_01_02_PROD&format=json","national","national","false","survey","micro","https://datacatalog.worldbank.org/int/public-licenses#cc-by"
"ECU","2011","34.1","4.4","consistent","ENEMDU","income","2011","34.11","4.42","2007 - 2025","20260922_2021_01_02_PROD","2026-10-10T15:05:43.529Z","2026-10-10T15:05:43.529Z","false","2026-10-10T15:05:42.520Z","2026-10-08","https://api.worldbank.org/pip/v1/pip?country=all&year=all&fill_gaps=false&reporting_level=national&welfare_type=all&version=20260922_2021_01_02_PROD&format=json","national","national","false","survey","micro","https://datacatalog.worldbank.org/int/public-licenses#cc-by"
"ECU","2012","34.6","4.3","precision-limited","ENEMDU","income","2012","34.61","4.34","2007 - 2025","20260922_2021_01_02_PROD","2026-10-10T15:05:43.529Z","2026-10-10T15:05:43.529Z","false","2026-10-10T15:05:42.520Z","2026-10-08","https://api.worldbank.org/pip/v1/pip?country=all&year=all&fill_gaps=false&reporting_level=national&welfare_type=all&version=20260922_2021_01_02_PROD&format=json","national","national","false","survey","micro","https://datacatalog.worldbank.org/int/public-licenses#cc-by"
"ECU","2013","35.7","4.5","consistent","ENEMDU","income","2013","35.68","4.53","2007 - 2025","20260922_2021_01_02_PROD","2026-10-10T15:05:43.529Z","2026-10-10T15:05:43.529Z","false","2026-10-10T15:05:42.520Z","2026-10-08","https://api.worldbank.org/pip/v1/pip?country=all&year=all&fill_gaps=false&reporting_level=national&welfare_type=all&version=20260922_2021_01_02_PROD&format=json","national","national","false","survey","micro","https://datacatalog.worldbank.org/int/public-licenses#cc-by"
"ECU","2014","34.4","4.8","consistent","ENEMDU","income","2014","34.4","4.82","2007 - 2025","20260922_2021_01_02_PROD","2026-10-10T15:05:43.529Z","2026-10-10T15:05:43.529Z","false","2026-10-10T15:05:42.520Z","2026-10-08","https://api.worldbank.org/pip/v1/pip?country=all&year=all&fill_gaps=false&reporting_level=national&welfare_type=all&version=20260922_2021_01_02_PROD&format=json","national","national","false","survey","micro","https://datacatalog.worldbank.org/int/public-licenses#cc-by"
"ECU","2015","34.9","4.6","consistent","ENEMDU","income","2015","34.9","4.569999999999999","2007 - 2025","20260922_2021_01_02_PROD","2026-10-10T15:05:43.529Z","2026-10-10T15:05:43.529Z","false","2026-10-10T15:05:42.520Z","2026-10-08","https://api.worldbank.org/pip/v1/pip?country=all&year=all&fill_gaps=false&reporting_level=national&welfare_type=all&version=20260922_2021_01_02_PROD&format=json","national","national","false","survey","micro","https://datacatalog.worldbank.org/int/public-licenses#cc-by"
"ECU","2016","34.3","4.7","consistent","ENEMDU","income","2016","34.27","4.7","2007 - 2025","20260922_2021_01_02_PROD","2026-10-10T15:05:43.529Z","2026-10-10T15:05:43.529Z","false","2026-10-10T15:05:42.520Z","2026-10-08","https://api.worldbank.org/pip/v1/pip?country=all&year=all&fill_gaps=false&reporting_level=national&welfare_type=all&version=20260922_2021_01_02_PROD&format=json","national","national","false","survey","micro","https://datacatalog.worldbank.org/int/public-licenses#cc-by"
"ECU","2017","33.8","4.7","precision-limited","ENEMDU","income","2017","33.800000000000004","4.75","2007 - 2025","20260922_2021_01_02_PROD","2026-10-10T15:05:43.529Z","2026-10-10T15:05:43.529Z","false","2026-10-10T15:05:42.520Z","2026-10-08","https://api.worldbank.org/pip/v1/pip?country=all&year=all&fill_gaps=false&reporting_level=national&welfare_type=all&version=20260922_2021_01_02_PROD&format=json","national","national","false","survey","micro","https://datacatalog.worldbank.org/int/public-licenses#cc-by"
"ECU","2018","34.4","4.6","consistent","ENEMDU","income","2018","34.410000000000004","4.59","2007 - 2025","20260922_2021_01_02_PROD","2026-10-10T15:05:43.529Z","2026-10-10T15:05:43.529Z","false","2026-10-10T15:05:42.520Z","2026-10-08","https://api.worldbank.org/pip/v1/pip?country=all&year=all&fill_gaps=false&reporting_level=national&welfare_type=all&version=20260922_2021_01_02_PROD&format=json","national","national","false","survey","micro","https://datacatalog.worldbank.org/int/public-licenses#cc-by"
"ECU","2019","34.5","4.5","precision-limited","ENEMDU","income","2019","34.489999999999995","4.539999999999999","2007 - 2025","20260922_2021_01_02_PROD","2026-10-10T15:05:43.529Z","2026-10-10T15:05:43.529Z","false","2026-10-10T15:05:42.520Z","2026-10-08","https://api.worldbank.org/pip/v1/pip?country=all&year=all&fill_gaps=false&reporting_level=national&welfare_type=all&version=20260922_2021_01_02_PROD&format=json","national","national","false","survey","micro","https://datacatalog.worldbank.org/int/public-licenses#cc-by"
"ECU","2020","36","4.1","consistent","ENEMDU","income","2020","36.04","4.1000000000000005","2007 - 2025","20260922_2021_01_02_PROD","2026-10-10T15:05:43.529Z","2026-10-10T15:05:43.529Z","false","2026-10-10T15:05:42.520Z","2026-10-08","https://api.worldbank.org/pip/v1/pip?country=all&year=all&fill_gaps=false&reporting_level=national&welfare_type=all&version=20260922_2021_01_02_PROD&format=json","national","national","false","survey","micro","https://datacatalog.worldbank.org/int/public-licenses#cc-by"
"ECU","2021","34.7","4.6","consistent","ENEMDU","income","2021","34.73","4.62","2007 - 2025","20260922_2021_01_02_PROD","2026-10-10T15:05:43.529Z","2026-10-10T15:05:43.529Z","false","2026-10-10T15:05:42.520Z","2026-10-08","https://api.worldbank.org/pip/v1/pip?country=all&year=all&fill_gaps=false&reporting_level=national&welfare_type=all&version=20260922_2021_01_02_PROD&format=json","national","national","false","survey","micro","https://datacatalog.worldbank.org/int/public-licenses#cc-by"
"ECU","2022","34.3","4.7","consistent","ENEMDU","income","2022","34.339999999999996","4.67","2007 - 2025","20260922_2021_01_02_PROD","2026-10-10T15:05:43.529Z","2026-10-10T15:05:43.529Z","false","2026-10-10T15:05:42.520Z","2026-10-08","https://api.worldbank.org/pip/v1/pip?country=all&year=all&fill_gaps=false&reporting_level=national&welfare_type=all&version=20260922_2021_01_02_PROD&format=json","national","national","false","survey","micro","https://datacatalog.worldbank.org/int/public-licenses#cc-by"
"ECU","2023","33.2","4.7","precision-limited","ENEMDU","income","2023","33.18","4.66","2007 - 2025","20260922_2021_01_02_PROD","2026-10-10T15:05:43.529Z","2026-10-10T15:05:43.529Z","false","2026-10-10T15:05:42.520Z","2026-10-08","https://api.worldbank.org/pip/v1/pip?country=all&year=all&fill_gaps=false&reporting_level=national&welfare_type=all&version=20260922_2021_01_02_PROD&format=json","national","national","false","survey","micro","https://datacatalog.worldbank.org/int/public-licenses#cc-by"
"ECU","2024","33.4","4.3","consistent","ENEMDU","income","2024","33.44","4.279999999999999","2007 - 2025","20260922_2021_01_02_PROD","2026-10-10T15:05:43.529Z","2026-10-10T15:05:43.529Z","false","2026-10-10T15:05:42.520Z","2026-10-08","https://api.worldbank.org/pip/v1/pip?country=all&year=all&fill_gaps=false&reporting_level=national&welfare_type=all&version=20260922_2021_01_02_PROD&format=json","national","national","false","survey","micro","https://datacatalog.worldbank.org/int/public-licenses#cc-by"
"ECU","2025","35.1","4.8","consistent","ENEMDU","income","2025","35.07","4.779999999999999","2007 - 2025","20260922_2021_01_02_PROD","2026-10-10T15:05:43.529Z","2026-10-10T15:05:43.529Z","false","2026-10-10T15:05:42.520Z","2026-10-08","https://api.worldbank.org/pip/v1/pip?country=all&year=all&fill_gaps=false&reporting_level=national&welfare_type=all&version=20260922_2021_01_02_PROD&format=json","national","national","false","survey","micro","https://datacatalog.worldbank.org/int/public-licenses#cc-by"
"EGY","2004","27.4","9","consistent","HIECS","consumption","2004.49","27.439999999999998","8.979999999999999","2004 - 2008","20260922_2021_01_02_PROD","2026-10-10T15:05:43.529Z","2026-10-10T15:05:43.529Z","false","2026-10-10T15:05:42.520Z","2026-10-08","https://api.worldbank.org/pip/v1/pip?country=all&year=all&fill_gaps=false&reporting_level=national&welfare_type=all&version=20260922_2021_01_02_PROD&format=json","national","national","false","survey","micro","https://datacatalog.worldbank.org/int/public-licenses#cc-by"
"EGY","2008","27","9.2","consistent","HIECS","consumption","2008.24","26.99","9.17","2004 - 2008","20260922_2021_01_02_PROD","2026-10-10T15:05:43.529Z","2026-10-10T15:05:43.529Z","false","2026-10-10T15:05:42.520Z","2026-10-08","https://api.worldbank.org/pip/v1/pip?country=all&year=all&fill_gaps=false&reporting_level=national&welfare_type=all&version=20260922_2021_01_02_PROD&format=json","national","national","false","survey","micro","https://datacatalog.worldbank.org/int/public-licenses#cc-by"
"EGY","2010","26.1","9.4","consistent","HIECS","consumption","2010.49","26.07","9.4","2010 - 2021","20260922_2021_01_02_PROD","2026-10-10T15:05:43.529Z","2026-10-10T15:05:43.529Z","false","2026-10-10T15:05:42.520Z","2026-10-08","https://api.worldbank.org/pip/v1/pip?country=all&year=all&fill_gaps=false&reporting_level=national&welfare_type=all&version=20260922_2021_01_02_PROD&format=json","national","national","false","survey","micro","https://datacatalog.worldbank.org/int/public-licenses#cc-by"
"EGY","2012","24.7","9.8","precision-limited","HIECS","consumption","2012.49","24.740000000000002","9.85","2010 - 2021","20260922_2021_01_02_PROD","2026-10-10T15:05:43.529Z","2026-10-10T15:05:43.529Z","false","2026-10-10T15:05:42.520Z","2026-10-08","https://api.worldbank.org/pip/v1/pip?country=all&year=all&fill_gaps=false&reporting_level=national&welfare_type=all&version=20260922_2021_01_02_PROD&format=json","national","national","false","survey","micro","https://datacatalog.worldbank.org/int/public-licenses#cc-by"
"EGY","2015","27.8","9.1","consistent","HIECS","consumption","2015","27.779999999999998","9.120000000000001","2010 - 2021","20260922_2021_01_02_PROD","2026-10-10T15:05:43.529Z","2026-10-10T15:05:43.529Z","false","2026-10-10T15:05:42.520Z","2026-10-08","https://api.worldbank.org/pip/v1/pip?country=all&year=all&fill_gaps=false&reporting_level=national&welfare_type=all&version=20260922_2021_01_02_PROD&format=json","national","national","false","survey","micro","https://datacatalog.worldbank.org/int/public-licenses#cc-by"
"EGY","2017","26.9","9","consistent","HIECS","consumption","2017.75","26.919999999999998","8.97","2010 - 2021","20260922_2021_01_02_PROD","2026-10-10T15:05:43.529Z","2026-10-10T15:05:43.529Z","false","2026-10-10T15:05:42.520Z","2026-10-08","https://api.worldbank.org/pip/v1/pip?country=all&year=all&fill_gaps=false&reporting_level=national&welfare_type=all&version=20260922_2021_01_02_PROD&format=json","national","national","false","survey","micro","https://datacatalog.worldbank.org/int/public-licenses#cc-by"
"EGY","2019","27.5","9","consistent","HIECS","consumption","2019.43","27.48","8.99","2019","20260922_2021_01_02_PROD","2026-10-10T15:05:43.529Z","2026-10-10T15:05:43.529Z","false","2026-10-10T15:05:42.520Z","2026-10-08","https://api.worldbank.org/pip/v1/pip?country=all&year=all&fill_gaps=false&reporting_level=national&welfare_type=all&version=20260922_2021_01_02_PROD&format=json","national","national","false","survey","micro","https://datacatalog.worldbank.org/int/public-licenses#cc-by"
"EGY","2021","24.6","9.7","consistent","HIECS","consumption","2021.77","24.57","9.69","2010 - 2021","20260922_2021_01_02_PROD","2026-10-10T15:05:43.529Z","2026-10-10T15:05:43.529Z","false","2026-10-10T15:05:42.520Z","2026-10-08","https://api.worldbank.org/pip/v1/pip?country=all&year=all&fill_gaps=false&reporting_level=national&welfare_type=all&version=20260922_2021_01_02_PROD&format=json","national","national","false","survey","micro","https://datacatalog.worldbank.org/int/public-licenses#cc-by"
"SLV","2000","39","3.2","consistent","EHPM","income","2000","38.97","3.2199999999999998","2000 - 2023","20260922_2021_01_02_PROD","2026-10-10T15:05:43.529Z","2026-10-10T15:05:43.529Z","false","2026-10-10T15:05:42.520Z","2026-10-08","https://api.worldbank.org/pip/v1/pip?country=all&year=all&fill_gaps=false&reporting_level=national&welfare_type=all&version=20260922_2021_01_02_PROD&format=json","national","national","false","survey","micro","https://datacatalog.worldbank.org/int/public-licenses#cc-by"
"SLV","2001","38.6","3.1","consistent","EHPM","income","2001","38.59","3.1","2000 - 2023","20260922_2021_01_02_PROD","2026-10-10T15:05:43.529Z","2026-10-10T15:05:43.529Z","false","2026-10-10T15:05:42.520Z","2026-10-08","https://api.worldbank.org/pip/v1/pip?country=all&year=all&fill_gaps=false&reporting_level=national&welfare_type=all&version=20260922_2021_01_02_PROD&format=json","national","national","false","survey","micro","https://datacatalog.worldbank.org/int/public-licenses#cc-by"
"SLV","2002","38.8","3","consistent","EHPM","income","2002","38.82","3","2000 - 2023","20260922_2021_01_02_PROD","2026-10-10T15:05:43.529Z","2026-10-10T15:05:43.529Z","false","2026-10-10T15:05:42.520Z","2026-10-08","https://api.worldbank.org/pip/v1/pip?country=all&year=all&fill_gaps=false&reporting_level=national&welfare_type=all&version=20260922_2021_01_02_PROD&format=json","national","national","false","survey","micro","https://datacatalog.worldbank.org/int/public-licenses#cc-by"
"SLV","2003","37.2","2.9","precision-limited","EHPM","income","2003","37.25","2.87","2000 - 2023","20260922_2021_01_02_PROD","2026-10-10T15:05:43.529Z","2026-10-10T15:05:43.529Z","false","2026-10-10T15:05:42.520Z","2026-10-08","https://api.worldbank.org/pip/v1/pip?country=all&year=all&fill_gaps=false&reporting_level=national&welfare_type=all&version=20260922_2021_01_02_PROD&format=json","national","national","false","survey","micro","https://datacatalog.worldbank.org/int/public-licenses#cc-by"
"SLV","2004","35.6","3.7","precision-limited","EHPM","income","2004","35.63","3.74","2000 - 2023","20260922_2021_01_02_PROD","2026-10-10T15:05:43.529Z","2026-10-10T15:05:43.529Z","false","2026-10-10T15:05:42.520Z","2026-10-08","https://api.worldbank.org/pip/v1/pip?country=all&year=all&fill_gaps=false&reporting_level=national&welfare_type=all&version=20260922_2021_01_02_PROD&format=json","national","national","false","survey","micro","https://datacatalog.worldbank.org/int/public-licenses#cc-by"
"SLV","2005","36.8","3.9","precision-limited","EHPM","income","2005","36.78","3.85","2000 - 2023","20260922_2021_01_02_PROD","2026-10-10T15:05:43.529Z","2026-10-10T15:05:43.529Z","false","2026-10-10T15:05:42.520Z","2026-10-08","https://api.worldbank.org/pip/v1/pip?country=all&year=all&fill_gaps=false&reporting_level=national&welfare_type=all&version=20260922_2021_01_02_PROD&format=json","national","national","false","survey","micro","https://datacatalog.worldbank.org/int/public-licenses#cc-by"
"SLV","2006","35.6","4.8","consistent","EHPM","income","2006","35.56","4.79","2000 - 2023","20260922_2021_01_02_PROD","2026-10-10T15:05:43.529Z","2026-10-10T15:05:43.529Z","false","2026-10-10T15:05:42.520Z","2026-10-08","https://api.worldbank.org/pip/v1/pip?country=all&year=all&fill_gaps=false&reporting_level=national&welfare_type=all&version=20260922_2021_01_02_PROD&format=json","national","national","false","survey","micro","https://datacatalog.worldbank.org/int/public-licenses#cc-by"
"SLV","2007","35.7","5.2","consistent","EHPM","income","2007","35.709999999999994","5.19","2000 - 2023","20260922_2021_01_02_PROD","2026-10-10T15:05:43.529Z","2026-10-10T15:05:43.529Z","false","2026-10-10T15:05:42.520Z","2026-10-08","https://api.worldbank.org/pip/v1/pip?country=all&year=all&fill_gaps=false&reporting_level=national&welfare_type=all&version=20260922_2021_01_02_PROD&format=json","national","national","false","survey","micro","https://datacatalog.worldbank.org/int/public-licenses#cc-by"
"SLV","2008","36.1","4.6","consistent","EHPM","income","2008","36.120000000000005","4.63","2000 - 2023","20260922_2021_01_02_PROD","2026-10-10T15:05:43.529Z","2026-10-10T15:05:43.529Z","false","2026-10-10T15:05:42.520Z","2026-10-08","https://api.worldbank.org/pip/v1/pip?country=all&year=all&fill_gaps=false&reporting_level=national&welfare_type=all&version=20260922_2021_01_02_PROD&format=json","national","national","false","survey","micro","https://datacatalog.worldbank.org/int/public-licenses#cc-by"
"SLV","2009","36","4.9","consistent","EHPM","income","2009","35.980000000000004","4.87","2000 - 2023","20260922_2021_01_02_PROD","2026-10-10T15:05:43.529Z","2026-10-10T15:05:43.529Z","false","2026-10-10T15:05:42.520Z","2026-10-08","https://api.worldbank.org/pip/v1/pip?country=all&year=all&fill_gaps=false&reporting_level=national&welfare_type=all&version=20260922_2021_01_02_PROD&format=json","national","national","false","survey","micro","https://datacatalog.worldbank.org/int/public-licenses#cc-by"
"SLV","2010","33.2","5.1","precision-limited","EHPM","income","2010","33.23","5.140000000000001","2000 - 2023","20260922_2021_01_02_PROD","2026-10-10T15:05:43.529Z","2026-10-10T15:05:43.529Z","false","2026-10-10T15:05:42.520Z","2026-10-08","https://api.worldbank.org/pip/v1/pip?country=all&year=all&fill_gaps=false&reporting_level=national&welfare_type=all&version=20260922_2021_01_02_PROD&format=json","national","national","false","survey","micro","https://datacatalog.worldbank.org/int/public-licenses#cc-by"
"SLV","2011","32.7","5.6","precision-limited","EHPM","income","2011","32.75","5.590000000000001","2000 - 2023","20260922_2021_01_02_PROD","2026-10-10T15:05:43.529Z","2026-10-10T15:05:43.529Z","false","2026-10-10T15:05:42.520Z","2026-10-08","https://api.worldbank.org/pip/v1/pip?country=all&year=all&fill_gaps=false&reporting_level=national&welfare_type=all&version=20260922_2021_01_02_PROD&format=json","national","national","false","survey","micro","https://datacatalog.worldbank.org/int/public-licenses#cc-by"
"SLV","2012","32.6","5.7","consistent","EHPM","income","2012","32.58","5.72","2000 - 2023","20260922_2021_01_02_PROD","2026-10-10T15:05:43.529Z","2026-10-10T15:05:43.529Z","false","2026-10-10T15:05:42.520Z","2026-10-08","https://api.worldbank.org/pip/v1/pip?country=all&year=all&fill_gaps=false&reporting_level=national&welfare_type=all&version=20260922_2021_01_02_PROD&format=json","national","national","false","survey","micro","https://datacatalog.worldbank.org/int/public-licenses#cc-by"
"SLV","2013","34.2","5.5","precision-limited","EHPM","income","2013","34.23","5.549999999999999","2000 - 2023","20260922_2021_01_02_PROD","2026-10-10T15:05:43.529Z","2026-10-10T15:05:43.529Z","false","2026-10-10T15:05:42.520Z","2026-10-08","https://api.worldbank.org/pip/v1/pip?country=all&year=all&fill_gaps=false&reporting_level=national&welfare_type=all&version=20260922_2021_01_02_PROD&format=json","national","national","false","survey","micro","https://datacatalog.worldbank.org/int/public-licenses#cc-by"
"SLV","2014","32.1","5.8","consistent","EHPM","income","2014","32.14","5.7700000000000005","2000 - 2023","20260922_2021_01_02_PROD","2026-10-10T15:05:43.529Z","2026-10-10T15:05:43.529Z","false","2026-10-10T15:05:42.520Z","2026-10-08","https://api.worldbank.org/pip/v1/pip?country=all&year=all&fill_gaps=false&reporting_level=national&welfare_type=all&version=20260922_2021_01_02_PROD&format=json","national","national","false","survey","micro","https://datacatalog.worldbank.org/int/public-licenses#cc-by"
"SLV","2015","31.8","6.1","consistent","EHPM","income","2015","31.819999999999997","6.11","2000 - 2023","20260922_2021_01_02_PROD","2026-10-10T15:05:43.529Z","2026-10-10T15:05:43.529Z","false","2026-10-10T15:05:42.520Z","2026-10-08","https://api.worldbank.org/pip/v1/pip?country=all&year=all&fill_gaps=false&reporting_level=national&welfare_type=all&version=20260922_2021_01_02_PROD&format=json","national","national","false","survey","micro","https://datacatalog.worldbank.org/int/public-licenses#cc-by"
"SLV","2016","30.6","5.9","precision-limited","EHPM","income","2016","30.65","5.94","2000 - 2023","20260922_2021_01_02_PROD","2026-10-10T15:05:43.529Z","2026-10-10T15:05:43.529Z","false","2026-10-10T15:05:42.520Z","2026-10-08","https://api.worldbank.org/pip/v1/pip?country=all&year=all&fill_gaps=false&reporting_level=national&welfare_type=all&version=20260922_2021_01_02_PROD&format=json","national","national","false","survey","micro","https://datacatalog.worldbank.org/int/public-licenses#cc-by"
"SLV","2017","29.1","6.4","consistent","EHPM","income","2017","29.14","6.4","2000 - 2023","20260922_2021_01_02_PROD","2026-10-10T15:05:43.529Z","2026-10-10T15:05:43.529Z","false","2026-10-10T15:05:42.520Z","2026-10-08","https://api.worldbank.org/pip/v1/pip?country=all&year=all&fill_gaps=false&reporting_level=national&welfare_type=all&version=20260922_2021_01_02_PROD&format=json","national","national","false","survey","micro","https://datacatalog.worldbank.org/int/public-licenses#cc-by"
"SLV","2018","29.4","6.2","consistent","EHPM","income","2018","29.38","6.21","2000 - 2023","20260922_2021_01_02_PROD","2026-10-10T15:05:43.529Z","2026-10-10T15:05:43.529Z","false","2026-10-10T15:05:42.520Z","2026-10-08","https://api.worldbank.org/pip/v1/pip?country=all&year=all&fill_gaps=false&reporting_level=national&welfare_type=all&version=20260922_2021_01_02_PROD&format=json","national","national","false","survey","micro","https://datacatalog.worldbank.org/int/public-licenses#cc-by"
"SLV","2019","29.8","6.3","consistent","EHPM","income","2019","29.799999999999997","6.3100000000000005","2000 - 2023","20260922_2021_01_02_PROD","2026-10-10T15:05:43.529Z","2026-10-10T15:05:43.529Z","false","2026-10-10T15:05:42.520Z","2026-10-08","https://api.worldbank.org/pip/v1/pip?country=all&year=all&fill_gaps=false&reporting_level=national&welfare_type=all&version=20260922_2021_01_02_PROD&format=json","national","national","false","survey","micro","https://datacatalog.worldbank.org/int/public-licenses#cc-by"
"SLV","2021","29","5.6","consistent","EHPM","income","2021","28.98","5.59","2000 - 2023","20260922_2021_01_02_PROD","2026-10-10T15:05:43.529Z","2026-10-10T15:05:43.529Z","false","2026-10-10T15:05:42.520Z","2026-10-08","https://api.worldbank.org/pip/v1/pip?country=all&year=all&fill_gaps=false&reporting_level=national&welfare_type=all&version=20260922_2021_01_02_PROD&format=json","national","national","false","survey","micro","https://datacatalog.worldbank.org/int/public-licenses#cc-by"
"SLV","2022","28.7","5.6","consistent","EHPM","income","2022","28.71","5.63","2000 - 2023","20260922_2021_01_02_PROD","2026-10-10T15:05:43.529Z","2026-10-10T15:05:43.529Z","false","2026-10-10T15:05:42.520Z","2026-10-08","https://api.worldbank.org/pip/v1/pip?country=all&year=all&fill_gaps=false&reporting_level=national&welfare_type=all&version=20260922_2021_01_02_PROD&format=json","national","national","false","survey","micro","https://datacatalog.worldbank.org/int/public-licenses#cc-by"
"SLV","2023","29.7","5.6","consistent","EHPM","income","2023","29.659999999999997","5.57","2000 - 2023","20260922_2021_01_02_PROD","2026-10-10T15:05:43.529Z","2026-10-10T15:05:43.529Z","false","2026-10-10T15:05:42.520Z","2026-10-08","https://api.worldbank.org/pip/v1/pip?country=all&year=all&fill_gaps=false&reporting_level=national&welfare_type=all&version=20260922_2021_01_02_PROD&format=json","national","national","false","survey","micro","https://datacatalog.worldbank.org/int/public-licenses#cc-by"
"GNQ","2022","29.1","6.4","consistent","ENH2","consumption","2022.61","29.14","6.43","2022","20260922_2021_01_02_PROD","2026-10-10T15:05:43.529Z","2026-10-10T15:05:43.529Z","false","2026-10-10T15:05:42.520Z","2026-10-08","https://api.worldbank.org/pip/v1/pip?country=all&year=all&fill_gaps=false&reporting_level=national&welfare_type=all&version=20260922_2021_01_02_PROD&format=json","national","national","false","survey","micro","https://datacatalog.worldbank.org/int/public-licenses#cc-by"
"EST","2000","27.6","6.9","consistent","HBS","consumption","2000","27.62","6.93","2000 - 2004","20260922_2021_01_02_PROD","2026-10-10T15:05:43.529Z","2026-10-10T15:05:43.529Z","false","2026-10-10T15:05:42.520Z","2026-10-08","https://api.worldbank.org/pip/v1/pip?country=all&year=all&fill_gaps=false&reporting_level=national&welfare_type=all&version=20260922_2021_01_02_PROD&format=json","national","national","false","survey","micro","https://datacatalog.worldbank.org/int/public-licenses#cc-by"
"EST","2001","27.9","7","precision-limited","HBS","consumption","2001","27.900000000000002","7.039999999999999","2000 - 2004","20260922_2021_01_02_PROD","2026-10-10T15:05:43.529Z","2026-10-10T15:05:43.529Z","false","2026-10-10T15:05:42.520Z","2026-10-08","https://api.worldbank.org/pip/v1/pip?country=all&year=all&fill_gaps=false&reporting_level=national&welfare_type=all&version=20260922_2021_01_02_PROD&format=json","national","national","false","survey","micro","https://datacatalog.worldbank.org/int/public-licenses#cc-by"
"EST","2002","27.3","6.9","consistent","HBS","consumption","2002","27.3","6.909999999999999","2000 - 2004","20260922_2021_01_02_PROD","2026-10-10T15:05:43.529Z","2026-10-10T15:05:43.529Z","false","2026-10-10T15:05:42.520Z","2026-10-08","https://api.worldbank.org/pip/v1/pip?country=all&year=all&fill_gaps=false&reporting_level=national&welfare_type=all&version=20260922_2021_01_02_PROD&format=json","national","national","false","survey","micro","https://datacatalog.worldbank.org/int/public-licenses#cc-by"
"EST","2003","28.4","6.2","precision-limited","EU-SILC","income","2003","28.38","6.16","2003 - 2023","20260922_2021_01_02_PROD","2026-10-10T15:05:43.529Z","2026-10-10T15:05:43.529Z","false","2026-10-10T15:05:42.520Z","2026-10-08","https://api.worldbank.org/pip/v1/pip?country=all&year=all&fill_gaps=false&reporting_level=national&welfare_type=all&version=20260922_2021_01_02_PROD&format=json","national","national","false","survey","micro","https://datacatalog.worldbank.org/int/public-licenses#cc-by"
"EST","2004","25.9","7.1","consistent","EU-SILC","income","2004","25.89","7.13","2003 - 2023","20260922_2021_01_02_PROD","2026-10-10T15:05:43.529Z","2026-10-10T15:05:43.529Z","false","2026-10-10T15:05:42.520Z","2026-10-08","https://api.worldbank.org/pip/v1/pip?country=all&year=all&fill_gaps=false&reporting_level=national&welfare_type=all&version=20260922_2021_01_02_PROD&format=json","national","national","false","survey","micro","https://datacatalog.worldbank.org/int/public-licenses#cc-by"
"EST","2005","26.1","7.4","precision-limited","EU-SILC","income","2005","26.090000000000003","7.359999999999999","2003 - 2023","20260922_2021_01_02_PROD","2026-10-10T15:05:43.529Z","2026-10-10T15:05:43.529Z","false","2026-10-10T15:05:42.520Z","2026-10-08","https://api.worldbank.org/pip/v1/pip?country=all&year=all&fill_gaps=false&reporting_level=national&welfare_type=all&version=20260922_2021_01_02_PROD&format=json","national","national","false","survey","micro","https://datacatalog.worldbank.org/int/public-licenses#cc-by"
"EST","2006","26.8","7.6","precision-limited","EU-SILC","income","2006","26.85","7.55","2003 - 2023","20260922_2021_01_02_PROD","2026-10-10T15:05:43.529Z","2026-10-10T15:05:43.529Z","false","2026-10-10T15:05:42.520Z","2026-10-08","https://api.worldbank.org/pip/v1/pip?country=all&year=all&fill_gaps=false&reporting_level=national&welfare_type=all&version=20260922_2021_01_02_PROD&format=json","national","national","false","survey","micro","https://datacatalog.worldbank.org/int/public-licenses#cc-by"
"EST","2007","24","8","precision-limited","EU-SILC","income","2007","24.02","7.960000000000001","2003 - 2023","20260922_2021_01_02_PROD","2026-10-10T15:05:43.529Z","2026-10-10T15:05:43.529Z","false","2026-10-10T15:05:42.520Z","2026-10-08","https://api.worldbank.org/pip/v1/pip?country=all&year=all&fill_gaps=false&reporting_level=national&welfare_type=all&version=20260922_2021_01_02_PROD&format=json","national","national","false","survey","micro","https://datacatalog.worldbank.org/int/public-licenses#cc-by"
"EST","2008","24.9","7.8","consistent","EU-SILC","income","2008","24.92","7.79","2003 - 2023","20260922_2021_01_02_PROD","2026-10-10T15:05:43.529Z","2026-10-10T15:05:43.529Z","false","2026-10-10T15:05:42.520Z","2026-10-08","https://api.worldbank.org/pip/v1/pip?country=all&year=all&fill_gaps=false&reporting_level=national&welfare_type=all&version=20260922_2021_01_02_PROD&format=json","national","national","false","survey","micro","https://datacatalog.worldbank.org/int/public-licenses#cc-by"
"EST","2009","24.4","7.7","consistent","EU-SILC","income","2009","24.42","7.68","2003 - 2023","20260922_2021_01_02_PROD","2026-10-10T15:05:43.529Z","2026-10-10T15:05:43.529Z","false","2026-10-10T15:05:42.520Z","2026-10-08","https://api.worldbank.org/pip/v1/pip?country=all&year=all&fill_gaps=false&reporting_level=national&welfare_type=all&version=20260922_2021_01_02_PROD&format=json","national","national","false","survey","micro","https://datacatalog.worldbank.org/int/public-licenses#cc-by"
"EST","2010","24.3","7.2","consistent","EU-SILC","income","2010","24.27","7.1899999999999995","2003 - 2023","20260922_2021_01_02_PROD","2026-10-10T15:05:43.529Z","2026-10-10T15:05:43.529Z","false","2026-10-10T15:05:42.520Z","2026-10-08","https://api.worldbank.org/pip/v1/pip?country=all&year=all&fill_gaps=false&reporting_level=national&welfare_type=all&version=20260922_2021_01_02_PROD&format=json","national","national","false","survey","micro","https://datacatalog.worldbank.org/int/public-licenses#cc-by"
"EST","2011","24.7","7.3","precision-limited","EU-SILC","income","2011","24.75","7.31","2003 - 2023","20260922_2021_01_02_PROD","2026-10-10T15:05:43.529Z","2026-10-10T15:05:43.529Z","false","2026-10-10T15:05:42.520Z","2026-10-08","https://api.worldbank.org/pip/v1/pip?country=all&year=all&fill_gaps=false&reporting_level=national&welfare_type=all&version=20260922_2021_01_02_PROD&format=json","national","national","false","survey","micro","https://datacatalog.worldbank.org/int/public-licenses#cc-by"
"EST","2012","25.2","7.3","consistent","EU-SILC","income","2012","25.169999999999998","7.33","2003 - 2023","20260922_2021_01_02_PROD","2026-10-10T15:05:43.529Z","2026-10-10T15:05:43.529Z","false","2026-10-10T15:05:42.520Z","2026-10-08","https://api.worldbank.org/pip/v1/pip?country=all&year=all&fill_gaps=false&reporting_level=national&welfare_type=all&version=20260922_2021_01_02_PROD&format=json","national","national","false","survey","micro","https://datacatalog.worldbank.org/int/public-licenses#cc-by"
"EST","2013","26.6","6.8","consistent","EU-SILC","income","2013","26.6","6.81","2003 - 2023","20260922_2021_01_02_PROD","2026-10-10T15:05:43.529Z","2026-10-10T15:05:43.529Z","false","2026-10-10T15:05:42.520Z","2026-10-08","https://api.worldbank.org/pip/v1/pip?country=all&year=all&fill_gaps=false&reporting_level=national&welfare_type=all&version=20260922_2021_01_02_PROD&format=json","national","national","false","survey","micro","https://datacatalog.worldbank.org/int/public-licenses#cc-by"
"EST","2014","26.3","7","precision-limited","EU-SILC","income","2014","26.27","6.959999999999999","2003 - 2023","20260922_2021_01_02_PROD","2026-10-10T15:05:43.529Z","2026-10-10T15:05:43.529Z","false","2026-10-10T15:05:42.520Z","2026-10-08","https://api.worldbank.org/pip/v1/pip?country=all&year=all&fill_gaps=false&reporting_level=national&welfare_type=all&version=20260922_2021_01_02_PROD&format=json","national","national","false","survey","micro","https://datacatalog.worldbank.org/int/public-licenses#cc-by"
"EST","2015","24.4","7.5","consistent","EU-SILC","income","2015","24.4","7.470000000000001","2003 - 2023","20260922_2021_01_02_PROD","2026-10-10T15:05:43.529Z","2026-10-10T15:05:43.529Z","false","2026-10-10T15:05:42.520Z","2026-10-08","https://api.worldbank.org/pip/v1/pip?country=all&year=all&fill_gaps=false&reporting_level=national&welfare_type=all&version=20260922_2021_01_02_PROD&format=json","national","national","false","survey","micro","https://datacatalog.worldbank.org/int/public-licenses#cc-by"
"EST","2016","23.1","7.8","precision-limited","EU-SILC","income","2016","23.1","7.84","2003 - 2023","20260922_2021_01_02_PROD","2026-10-10T15:05:43.529Z","2026-10-10T15:05:43.529Z","false","2026-10-10T15:05:42.520Z","2026-10-08","https://api.worldbank.org/pip/v1/pip?country=all&year=all&fill_gaps=false&reporting_level=national&welfare_type=all&version=20260922_2021_01_02_PROD&format=json","national","national","false","survey","micro","https://datacatalog.worldbank.org/int/public-licenses#cc-by"
"EST","2017","22.5","8.1","consistent","EU-SILC","income","2017","22.48","8.07","2003 - 2023","20260922_2021_01_02_PROD","2026-10-10T15:05:43.529Z","2026-10-10T15:05:43.529Z","false","2026-10-10T15:05:42.520Z","2026-10-08","https://api.worldbank.org/pip/v1/pip?country=all&year=all&fill_gaps=false&reporting_level=national&welfare_type=all&version=20260922_2021_01_02_PROD&format=json","national","national","false","survey","micro","https://datacatalog.worldbank.org/int/public-licenses#cc-by"
"EST","2018","22.4","8.1","precision-limited","EU-SILC","income","2018","22.439999999999998","8.06","2003 - 2023","20260922_2021_01_02_PROD","2026-10-10T15:05:43.529Z","2026-10-10T15:05:43.529Z","false","2026-10-10T15:05:42.520Z","2026-10-08","https://api.worldbank.org/pip/v1/pip?country=all&year=all&fill_gaps=false&reporting_level=national&welfare_type=all&version=20260922_2021_01_02_PROD&format=json","national","national","false","survey","micro","https://datacatalog.worldbank.org/int/public-licenses#cc-by"
"EST","2019","23.3","8.1","precision-limited","EU-SILC","income","2019","23.31","8.05","2003 - 2023","20260922_2021_01_02_PROD","2026-10-10T15:05:43.529Z","2026-10-10T15:05:43.529Z","false","2026-10-10T15:05:42.520Z","2026-10-08","https://api.worldbank.org/pip/v1/pip?country=all&year=all&fill_gaps=false&reporting_level=national&welfare_type=all&version=20260922_2021_01_02_PROD&format=json","national","national","false","survey","micro","https://datacatalog.worldbank.org/int/public-licenses#cc-by"
"EST","2020","23.5","8.1","consistent","EU-SILC","income","2020","23.47","8.08","2003 - 2023","20260922_2021_01_02_PROD","2026-10-10T15:05:43.529Z","2026-10-10T15:05:43.529Z","false","2026-10-10T15:05:42.520Z","2026-10-08","https://api.worldbank.org/pip/v1/pip?country=all&year=all&fill_gaps=false&reporting_level=national&welfare_type=all&version=20260922_2021_01_02_PROD&format=json","national","national","false","survey","micro","https://datacatalog.worldbank.org/int/public-licenses#cc-by"
"EST","2021","24.3","8.1","consistent","EU-SILC","income","2021","24.279999999999998","8.07","2003 - 2023","20260922_2021_01_02_PROD","2026-10-10T15:05:43.529Z","2026-10-10T15:05:43.529Z","false","2026-10-10T15:05:42.520Z","2026-10-08","https://api.worldbank.org/pip/v1/pip?country=all&year=all&fill_gaps=false&reporting_level=national&welfare_type=all&version=20260922_2021_01_02_PROD&format=json","national","national","false","survey","micro","https://datacatalog.worldbank.org/int/public-licenses#cc-by"
"EST","2022","24.4","7.7","consistent","EU-SILC","income","2022","24.41","7.6899999999999995","2003 - 2023","20260922_2021_01_02_PROD","2026-10-10T15:05:43.529Z","2026-10-10T15:05:43.529Z","false","2026-10-10T15:05:42.520Z","2026-10-08","https://api.worldbank.org/pip/v1/pip?country=all&year=all&fill_gaps=false&reporting_level=national&welfare_type=all&version=20260922_2021_01_02_PROD&format=json","national","national","false","survey","micro","https://datacatalog.worldbank.org/int/public-licenses#cc-by"
"EST","2023","23.7","8.3","precision-limited","EU-SILC","income","2023","23.65","8.26","2003 - 2023","20260922_2021_01_02_PROD","2026-10-10T15:05:43.529Z","2026-10-10T15:05:43.529Z","false","2026-10-10T15:05:42.520Z","2026-10-08","https://api.worldbank.org/pip/v1/pip?country=all&year=all&fill_gaps=false&reporting_level=national&welfare_type=all&version=20260922_2021_01_02_PROD&format=json","national","national","false","survey","micro","https://datacatalog.worldbank.org/int/public-licenses#cc-by"
"SWZ","2000","44.1","4.5","precision-limited","HIES","consumption","2000.92","44.1","4.539999999999999","2000 - 2016","20260922_2021_01_02_PROD","2026-10-10T15:05:43.529Z","2026-10-10T15:05:43.529Z","false","2026-10-10T15:05:42.520Z","2026-10-08","https://api.worldbank.org/pip/v1/pip?country=all&year=all&fill_gaps=false&reporting_level=national&welfare_type=all&version=20260922_2021_01_02_PROD&format=json","national","national","false","survey","micro","https://datacatalog.worldbank.org/int/public-licenses#cc-by"
"SWZ","2009","40","4","consistent","HIES","consumption","2009.25","39.97","4.01","2000 - 2016","20260922_2021_01_02_PROD","2026-10-10T15:05:43.529Z","2026-10-10T15:05:43.529Z","false","2026-10-10T15:05:42.520Z","2026-10-08","https://api.worldbank.org/pip/v1/pip?country=all&year=all&fill_gaps=false&reporting_level=national&welfare_type=all&version=20260922_2021_01_02_PROD&format=json","national","national","false","survey","micro","https://datacatalog.worldbank.org/int/public-licenses#cc-by"
"SWZ","2016","42.7","3.7","consistent","HIES","consumption","2016.17","42.72","3.6999999999999997","2000 - 2016","20260922_2021_01_02_PROD","2026-10-10T15:05:43.529Z","2026-10-10T15:05:43.529Z","false","2026-10-10T15:05:42.520Z","2026-10-08","https://api.worldbank.org/pip/v1/pip?country=all&year=all&fill_gaps=false&reporting_level=national&welfare_type=all&version=20260922_2021_01_02_PROD&format=json","national","national","false","survey","micro","https://datacatalog.worldbank.org/int/public-licenses#cc-by"
"ETH","2004","25.6","9.4","consistent","HICES","consumption","2004.5","25.629999999999995","9.379999999999999","1995 - 2021","20260922_2021_01_02_PROD","2026-10-10T15:05:43.529Z","2026-10-10T15:05:43.529Z","false","2026-10-10T15:05:42.520Z","2026-10-08","https://api.worldbank.org/pip/v1/pip?country=all&year=all&fill_gaps=false&reporting_level=national&welfare_type=all&version=20260922_2021_01_02_PROD&format=json","national","national","false","survey","micro","https://datacatalog.worldbank.org/int/public-licenses#cc-by"
"ETH","2010","27.4","8","consistent","HICES","consumption","2010.5","27.400000000000002","8.030000000000001","1995 - 2021","20260922_2021_01_02_PROD","2026-10-10T15:05:43.529Z","2026-10-10T15:05:43.529Z","false","2026-10-10T15:05:42.520Z","2026-10-08","https://api.worldbank.org/pip/v1/pip?country=all&year=all&fill_gaps=false&reporting_level=national&welfare_type=all&version=20260922_2021_01_02_PROD&format=json","national","national","false","survey","micro","https://datacatalog.worldbank.org/int/public-licenses#cc-by"
"ETH","2015","28.5","7.3","precision-limited","HICES","consumption","2015.5","28.46","7.35","1995 - 2021","20260922_2021_01_02_PROD","2026-10-10T15:05:43.529Z","2026-10-10T15:05:43.529Z","false","2026-10-10T15:05:42.520Z","2026-10-08","https://api.worldbank.org/pip/v1/pip?country=all&year=all&fill_gaps=false&reporting_level=national&welfare_type=all&version=20260922_2021_01_02_PROD&format=json","national","national","false","survey","micro","https://datacatalog.worldbank.org/int/public-licenses#cc-by"
"ETH","2021","24.8","8.3","consistent","HCES","consumption","2021","24.77","8.33","1995 - 2021","20260922_2021_01_02_PROD","2026-10-10T15:05:43.529Z","2026-10-10T15:05:43.529Z","false","2026-10-10T15:05:42.520Z","2026-10-08","https://api.worldbank.org/pip/v1/pip?country=all&year=all&fill_gaps=false&reporting_level=national&welfare_type=all&version=20260922_2021_01_02_PROD&format=json","national","national","false","survey","micro","https://datacatalog.worldbank.org/int/public-licenses#cc-by"
"FJI","2002","29.6","6.7","consistent","HIES","consumption","2002.5","29.62","6.69","2002 - 2013","20260922_2021_01_02_PROD","2026-10-10T15:05:43.529Z","2026-10-10T15:05:43.529Z","false","2026-10-10T15:05:42.520Z","2026-10-08","https://api.worldbank.org/pip/v1/pip?country=all&year=all&fill_gaps=false&reporting_level=national&welfare_type=all&version=20260922_2021_01_02_PROD&format=json","national","national","false","survey","micro","https://datacatalog.worldbank.org/int/public-licenses#cc-by"
"FJI","2008","32.9","6.6","precision-limited","HIES","consumption","2008.5","32.9","6.65","2002 - 2013","20260922_2021_01_02_PROD","2026-10-10T15:05:43.529Z","2026-10-10T15:05:43.529Z","false","2026-10-10T15:05:42.520Z","2026-10-08","https://api.worldbank.org/pip/v1/pip?country=all&year=all&fill_gaps=false&reporting_level=national&welfare_type=all&version=20260922_2021_01_02_PROD&format=json","national","national","false","survey","micro","https://datacatalog.worldbank.org/int/public-licenses#cc-by"
"FJI","2013","29.7","7.5","consistent","HIES","consumption","2013.24","29.7","7.519999999999999","2002 - 2013","20260922_2021_01_02_PROD","2026-10-10T15:05:43.529Z","2026-10-10T15:05:43.529Z","false","2026-10-10T15:05:42.520Z","2026-10-08","https://api.worldbank.org/pip/v1/pip?country=all&year=all&fill_gaps=false&reporting_level=national&welfare_type=all&version=20260922_2021_01_02_PROD&format=json","national","national","false","survey","micro","https://datacatalog.worldbank.org/int/public-licenses#cc-by"
"FJI","2019","24.2","8.4","consistent","HIES","consumption","2019.15","24.23","8.38","2019","20260922_2021_01_02_PROD","2026-10-10T15:05:43.529Z","2026-10-10T15:05:43.529Z","false","2026-10-10T15:05:42.520Z","2026-10-08","https://api.worldbank.org/pip/v1/pip?country=all&year=all&fill_gaps=false&reporting_level=national&welfare_type=all&version=20260922_2021_01_02_PROD&format=json","national","national","false","survey","micro","https://datacatalog.worldbank.org/int/public-licenses#cc-by"
"FIN","2000","22.8","9.6","precision-limited","IDS-LIS","income","2000","22.770000000000003","9.559999999999999","1987 - 2000","20260922_2021_01_02_PROD","2026-10-10T15:05:43.529Z","2026-10-10T15:05:43.529Z","false","2026-10-10T15:05:42.520Z","2026-10-08","https://api.worldbank.org/pip/v1/pip?country=all&year=all&fill_gaps=false&reporting_level=national&welfare_type=all&version=20260922_2021_01_02_PROD&format=json","national","national","false","survey","micro","https://datacatalog.worldbank.org/int/public-licenses#cc-by"
"FIN","2003","23","9.4","consistent","EU-SILC","income","2003","23.02","9.370000000000001","2003 - 2023","20260922_2021_01_02_PROD","2026-10-10T15:05:43.529Z","2026-10-10T15:05:43.529Z","false","2026-10-10T15:05:42.520Z","2026-10-08","https://api.worldbank.org/pip/v1/pip?country=all&year=all&fill_gaps=false&reporting_level=national&welfare_type=all&version=20260922_2021_01_02_PROD&format=json","national","national","false","survey","micro","https://datacatalog.worldbank.org/int/public-licenses#cc-by"
"FIN","2004","23.2","9.4","consistent","EU-SILC","income","2004","23.24","9.409999999999998","2003 - 2023","20260922_2021_01_02_PROD","2026-10-10T15:05:43.529Z","2026-10-10T15:05:43.529Z","false","2026-10-10T15:05:42.520Z","2026-10-08","https://api.worldbank.org/pip/v1/pip?country=all&year=all&fill_gaps=false&reporting_level=national&welfare_type=all&version=20260922_2021_01_02_PROD&format=json","national","national","false","survey","micro","https://datacatalog.worldbank.org/int/public-licenses#cc-by"
"FIN","2005","23","9.5","precision-limited","EU-SILC","income","2005","22.96","9.46","2003 - 2023","20260922_2021_01_02_PROD","2026-10-10T15:05:43.529Z","2026-10-10T15:05:43.529Z","false","2026-10-10T15:05:42.520Z","2026-10-08","https://api.worldbank.org/pip/v1/pip?country=all&year=all&fill_gaps=false&reporting_level=national&welfare_type=all&version=20260922_2021_01_02_PROD&format=json","national","national","false","survey","micro","https://datacatalog.worldbank.org/int/public-licenses#cc-by"
"FIN","2006","23","9.3","precision-limited","EU-SILC","income","2006","22.98","9.25","2003 - 2023","20260922_2021_01_02_PROD","2026-10-10T15:05:43.529Z","2026-10-10T15:05:43.529Z","false","2026-10-10T15:05:42.520Z","2026-10-08","https://api.worldbank.org/pip/v1/pip?country=all&year=all&fill_gaps=false&reporting_level=national&welfare_type=all&version=20260922_2021_01_02_PROD&format=json","national","national","false","survey","micro","https://datacatalog.worldbank.org/int/public-licenses#cc-by"
"FIN","2007","23.3","9.2","consistent","EU-SILC","income","2007","23.29","9.190000000000001","2003 - 2023","20260922_2021_01_02_PROD","2026-10-10T15:05:43.529Z","2026-10-10T15:05:43.529Z","false","2026-10-10T15:05:42.520Z","2026-10-08","https://api.worldbank.org/pip/v1/pip?country=all&year=all&fill_gaps=false&reporting_level=national&welfare_type=all&version=20260922_2021_01_02_PROD&format=json","national","national","false","survey","micro","https://datacatalog.worldbank.org/int/public-licenses#cc-by"
"FIN","2008","22.9","9.3","precision-limited","EU-SILC","income","2008","22.95","9.28","2003 - 2023","20260922_2021_01_02_PROD","2026-10-10T15:05:43.529Z","2026-10-10T15:05:43.529Z","false","2026-10-10T15:05:42.520Z","2026-10-08","https://api.worldbank.org/pip/v1/pip?country=all&year=all&fill_gaps=false&reporting_level=national&welfare_type=all&version=20260922_2021_01_02_PROD&format=json","national","national","false","survey","micro","https://datacatalog.worldbank.org/int/public-licenses#cc-by"
"FIN","2009","22.6","9.3","consistent","EU-SILC","income","2009","22.57","9.32","2003 - 2023","20260922_2021_01_02_PROD","2026-10-10T15:05:43.529Z","2026-10-10T15:05:43.529Z","false","2026-10-10T15:05:42.520Z","2026-10-08","https://api.worldbank.org/pip/v1/pip?country=all&year=all&fill_gaps=false&reporting_level=national&welfare_type=all&version=20260922_2021_01_02_PROD&format=json","national","national","false","survey","micro","https://datacatalog.worldbank.org/int/public-licenses#cc-by"
"FIN","2010","22.5","9.2","consistent","EU-SILC","income","2010","22.54","9.190000000000001","2003 - 2023","20260922_2021_01_02_PROD","2026-10-10T15:05:43.529Z","2026-10-10T15:05:43.529Z","false","2026-10-10T15:05:42.520Z","2026-10-08","https://api.worldbank.org/pip/v1/pip?country=all&year=all&fill_gaps=false&reporting_level=national&welfare_type=all&version=20260922_2021_01_02_PROD&format=json","national","national","false","survey","micro","https://datacatalog.worldbank.org/int/public-licenses#cc-by"
"FIN","2011","22.8","9.3","consistent","EU-SILC","income","2011","22.759999999999998","9.28","2003 - 2023","20260922_2021_01_02_PROD","2026-10-10T15:05:43.529Z","2026-10-10T15:05:43.529Z","false","2026-10-10T15:05:42.520Z","2026-10-08","https://api.worldbank.org/pip/v1/pip?country=all&year=all&fill_gaps=false&reporting_level=national&welfare_type=all&version=20260922_2021_01_02_PROD&format=json","national","national","false","survey","micro","https://datacatalog.worldbank.org/int/public-licenses#cc-by"
"FIN","2012","22.3","9.4","precision-limited","EU-SILC","income","2012","22.28","9.45","2003 - 2023","20260922_2021_01_02_PROD","2026-10-10T15:05:43.529Z","2026-10-10T15:05:43.529Z","false","2026-10-10T15:05:42.520Z","2026-10-08","https://api.worldbank.org/pip/v1/pip?country=all&year=all&fill_gaps=false&reporting_level=national&welfare_type=all&version=20260922_2021_01_02_PROD&format=json","national","national","false","survey","micro","https://datacatalog.worldbank.org/int/public-licenses#cc-by"
"FIN","2013","22.2","9.3","precision-limited","EU-SILC","income","2013","22.25","9.31","2003 - 2023","20260922_2021_01_02_PROD","2026-10-10T15:05:43.529Z","2026-10-10T15:05:43.529Z","false","2026-10-10T15:05:42.520Z","2026-10-08","https://api.worldbank.org/pip/v1/pip?country=all&year=all&fill_gaps=false&reporting_level=national&welfare_type=all&version=20260922_2021_01_02_PROD&format=json","national","national","false","survey","micro","https://datacatalog.worldbank.org/int/public-licenses#cc-by"
"FIN","2014","22","9.4","precision-limited","EU-SILC","income","2014","22.02","9.44","2003 - 2023","20260922_2021_01_02_PROD","2026-10-10T15:05:43.529Z","2026-10-10T15:05:43.529Z","false","2026-10-10T15:05:42.520Z","2026-10-08","https://api.worldbank.org/pip/v1/pip?country=all&year=all&fill_gaps=false&reporting_level=national&welfare_type=all&version=20260922_2021_01_02_PROD&format=json","national","national","false","survey","micro","https://datacatalog.worldbank.org/int/public-licenses#cc-by"
"FIN","2015","22.4","9.4","consistent","EU-SILC","income","2015","22.400000000000002","9.409999999999998","2003 - 2023","20260922_2021_01_02_PROD","2026-10-10T15:05:43.529Z","2026-10-10T15:05:43.529Z","false","2026-10-10T15:05:42.520Z","2026-10-08","https://api.worldbank.org/pip/v1/pip?country=all&year=all&fill_gaps=false&reporting_level=national&welfare_type=all&version=20260922_2021_01_02_PROD&format=json","national","national","false","survey","micro","https://datacatalog.worldbank.org/int/public-licenses#cc-by"
"FIN","2016","22.4","9.4","precision-limited","EU-SILC","income","2016","22.43","9.44","2003 - 2023","20260922_2021_01_02_PROD","2026-10-10T15:05:43.529Z","2026-10-10T15:05:43.529Z","false","2026-10-10T15:05:42.520Z","2026-10-08","https://api.worldbank.org/pip/v1/pip?country=all&year=all&fill_gaps=false&reporting_level=national&welfare_type=all&version=20260922_2021_01_02_PROD&format=json","national","national","false","survey","micro","https://datacatalog.worldbank.org/int/public-licenses#cc-by"
"FIN","2017","22.6","9.4","precision-limited","EU-SILC","income","2017","22.650000000000002","9.370000000000001","2003 - 2023","20260922_2021_01_02_PROD","2026-10-10T15:05:43.529Z","2026-10-10T15:05:43.529Z","false","2026-10-10T15:05:42.520Z","2026-10-08","https://api.worldbank.org/pip/v1/pip?country=all&year=all&fill_gaps=false&reporting_level=national&welfare_type=all&version=20260922_2021_01_02_PROD&format=json","national","national","false","survey","micro","https://datacatalog.worldbank.org/int/public-licenses#cc-by"
"FIN","2018","22.6","9.3","precision-limited","EU-SILC","income","2018","22.59","9.340000000000002","2003 - 2023","20260922_2021_01_02_PROD","2026-10-10T15:05:43.529Z","2026-10-10T15:05:43.529Z","false","2026-10-10T15:05:42.520Z","2026-10-08","https://api.worldbank.org/pip/v1/pip?country=all&year=all&fill_gaps=false&reporting_level=national&welfare_type=all&version=20260922_2021_01_02_PROD&format=json","national","national","false","survey","micro","https://datacatalog.worldbank.org/int/public-licenses#cc-by"
"FIN","2019","23","9.2","precision-limited","EU-SILC","income","2019","22.97","9.25","2003 - 2023","20260922_2021_01_02_PROD","2026-10-10T15:05:43.529Z","2026-10-10T15:05:43.529Z","false","2026-10-10T15:05:42.520Z","2026-10-08","https://api.worldbank.org/pip/v1/pip?country=all&year=all&fill_gaps=false&reporting_level=national&welfare_type=all&version=20260922_2021_01_02_PROD&format=json","national","national","false","survey","micro","https://datacatalog.worldbank.org/int/public-licenses#cc-by"
"FIN","2020","22.6","9.5","precision-limited","EU-SILC","income","2020","22.62","9.55","2003 - 2023","20260922_2021_01_02_PROD","2026-10-10T15:05:43.529Z","2026-10-10T15:05:43.529Z","false","2026-10-10T15:05:42.520Z","2026-10-08","https://api.worldbank.org/pip/v1/pip?country=all&year=all&fill_gaps=false&reporting_level=national&welfare_type=all&version=20260922_2021_01_02_PROD&format=json","national","national","false","survey","micro","https://datacatalog.worldbank.org/int/public-licenses#cc-by"
"FIN","2021","22.9","9.3","consistent","EU-SILC","income","2021","22.939999999999998","9.3","2003 - 2023","20260922_2021_01_02_PROD","2026-10-10T15:05:43.529Z","2026-10-10T15:05:43.529Z","false","2026-10-10T15:05:42.520Z","2026-10-08","https://api.worldbank.org/pip/v1/pip?country=all&year=all&fill_gaps=false&reporting_level=national&welfare_type=all&version=20260922_2021_01_02_PROD&format=json","national","national","false","survey","micro","https://datacatalog.worldbank.org/int/public-licenses#cc-by"
"FIN","2022","23.1","9.3","consistent","EU-SILC","income","2022","23.09","9.27","2003 - 2023","20260922_2021_01_02_PROD","2026-10-10T15:05:43.529Z","2026-10-10T15:05:43.529Z","false","2026-10-10T15:05:42.520Z","2026-10-08","https://api.worldbank.org/pip/v1/pip?country=all&year=all&fill_gaps=false&reporting_level=national&welfare_type=all&version=20260922_2021_01_02_PROD&format=json","national","national","false","survey","micro","https://datacatalog.worldbank.org/int/public-licenses#cc-by"
"FIN","2023","22.5","9.2","consistent","EU-SILC","income","2023","22.48","9.190000000000001","2003 - 2023","20260922_2021_01_02_PROD","2026-10-10T15:05:43.529Z","2026-10-10T15:05:43.529Z","false","2026-10-10T15:05:42.520Z","2026-10-08","https://api.worldbank.org/pip/v1/pip?country=all&year=all&fill_gaps=false&reporting_level=national&welfare_type=all&version=20260922_2021_01_02_PROD&format=json","national","national","false","survey","micro","https://datacatalog.worldbank.org/int/public-licenses#cc-by"
"FRA","2000","25.4","7.6","precision-limited","TSIS-LIS","income","2000","25.39","7.64","1996 - 2002","20260922_2021_01_02_PROD","2026-10-10T15:05:43.529Z","2026-10-10T15:05:43.529Z","false","2026-10-10T15:05:42.520Z","2026-10-08","https://api.worldbank.org/pip/v1/pip?country=all&year=all&fill_gaps=false&reporting_level=national&welfare_type=all&version=20260922_2021_01_02_PROD&format=json","national","national","false","survey","micro","https://datacatalog.worldbank.org/int/public-licenses#cc-by"
"FRA","2001","25.5","7.7","consistent","TSIS-LIS","income","2001","25.46","7.680000000000001","1996 - 2002","20260922_2021_01_02_PROD","2026-10-10T15:05:43.529Z","2026-10-10T15:05:43.529Z","false","2026-10-10T15:05:42.520Z","2026-10-08","https://api.worldbank.org/pip/v1/pip?country=all&year=all&fill_gaps=false&reporting_level=national&welfare_type=all&version=20260922_2021_01_02_PROD&format=json","national","national","false","survey","micro","https://datacatalog.worldbank.org/int/public-licenses#cc-by"
"FRA","2002","25","8","consistent","TSIS-LIS","income","2002","25.009999999999998","7.99","1996 - 2002","20260922_2021_01_02_PROD","2026-10-10T15:05:43.529Z","2026-10-10T15:05:43.529Z","false","2026-10-10T15:05:42.520Z","2026-10-08","https://api.worldbank.org/pip/v1/pip?country=all&year=all&fill_gaps=false&reporting_level=national&welfare_type=all&version=20260922_2021_01_02_PROD&format=json","national","national","false","survey","micro","https://datacatalog.worldbank.org/int/public-licenses#cc-by"
"FRA","2003","25.2","8.2","precision-limited","EU-SILC","income","2003","25.169999999999998","8.25","2003 - 2007","20260922_2021_01_02_PROD","2026-10-10T15:05:43.529Z","2026-10-10T15:05:43.529Z","false","2026-10-10T15:05:42.520Z","2026-10-08","https://api.worldbank.org/pip/v1/pip?country=all&year=all&fill_gaps=false&reporting_level=national&welfare_type=all&version=20260922_2021_01_02_PROD&format=json","national","national","false","survey","micro","https://datacatalog.worldbank.org/int/public-licenses#cc-by"
"FRA","2004","24.5","8.4","precision-limited","EU-SILC","income","2004","24.5","8.450000000000001","2003 - 2007","20260922_2021_01_02_PROD","2026-10-10T15:05:43.529Z","2026-10-10T15:05:43.529Z","false","2026-10-10T15:05:42.520Z","2026-10-08","https://api.worldbank.org/pip/v1/pip?country=all&year=all&fill_gaps=false&reporting_level=national&welfare_type=all&version=20260922_2021_01_02_PROD&format=json","national","national","false","survey","micro","https://datacatalog.worldbank.org/int/public-licenses#cc-by"
"FRA","2005","23.9","8.6","consistent","EU-SILC","income","2005","23.93","8.57","2003 - 2007","20260922_2021_01_02_PROD","2026-10-10T15:05:43.529Z","2026-10-10T15:05:43.529Z","false","2026-10-10T15:05:42.520Z","2026-10-08","https://api.worldbank.org/pip/v1/pip?country=all&year=all&fill_gaps=false&reporting_level=national&welfare_type=all&version=20260922_2021_01_02_PROD&format=json","national","national","false","survey","micro","https://datacatalog.worldbank.org/int/public-licenses#cc-by"
"FRA","2006","23.5","8.5","precision-limited","EU-SILC","income","2006","23.5","8.45","2003 - 2007","20260922_2021_01_02_PROD","2026-10-10T15:05:43.529Z","2026-10-10T15:05:43.529Z","false","2026-10-10T15:05:42.520Z","2026-10-08","https://api.worldbank.org/pip/v1/pip?country=all&year=all&fill_gaps=false&reporting_level=national&welfare_type=all&version=20260922_2021_01_02_PROD&format=json","national","national","false","survey","micro","https://datacatalog.worldbank.org/int/public-licenses#cc-by"
"FRA","2007","26.2","8.1","consistent","EU-SILC","income","2007","26.240000000000002","8.07","2003 - 2007","20260922_2021_01_02_PROD","2026-10-10T15:05:43.529Z","2026-10-10T15:05:43.529Z","false","2026-10-10T15:05:42.520Z","2026-10-08","https://api.worldbank.org/pip/v1/pip?country=all&year=all&fill_gaps=false&reporting_level=national&welfare_type=all&version=20260922_2021_01_02_PROD&format=json","national","national","false","survey","micro","https://datacatalog.worldbank.org/int/public-licenses#cc-by"
"FRA","2008","26.7","7.9","consistent","EU-SILC","income","2008","26.68","7.91","2008 - 2019","20260922_2021_01_02_PROD","2026-10-10T15:05:43.529Z","2026-10-10T15:05:43.529Z","false","2026-10-10T15:05:42.520Z","2026-10-08","https://api.worldbank.org/pip/v1/pip?country=all&year=all&fill_gaps=false&reporting_level=national&welfare_type=all&version=20260922_2021_01_02_PROD&format=json","national","national","false","survey","micro","https://datacatalog.worldbank.org/int/public-licenses#cc-by"
"FRA","2009","26.1","7.7","precision-limited","EU-SILC","income","2009","26.11","7.739999999999999","2008 - 2019","20260922_2021_01_02_PROD","2026-10-10T15:05:43.529Z","2026-10-10T15:05:43.529Z","false","2026-10-10T15:05:42.520Z","2026-10-08","https://api.worldbank.org/pip/v1/pip?country=all&year=all&fill_gaps=false&reporting_level=national&welfare_type=all&version=20260922_2021_01_02_PROD&format=json","national","national","false","survey","micro","https://datacatalog.worldbank.org/int/public-licenses#cc-by"
"FRA","2010","27.1","7.7","consistent","EU-SILC","income","2010","27.13","7.680000000000001","2008 - 2019","20260922_2021_01_02_PROD","2026-10-10T15:05:43.529Z","2026-10-10T15:05:43.529Z","false","2026-10-10T15:05:42.520Z","2026-10-08","https://api.worldbank.org/pip/v1/pip?country=all&year=all&fill_gaps=false&reporting_level=national&welfare_type=all&version=20260922_2021_01_02_PROD&format=json","national","national","false","survey","micro","https://datacatalog.worldbank.org/int/public-licenses#cc-by"
"FRA","2011","26.9","7.8","consistent","EU-SILC","income","2011","26.93","7.8","2008 - 2019","20260922_2021_01_02_PROD","2026-10-10T15:05:43.529Z","2026-10-10T15:05:43.529Z","false","2026-10-10T15:05:42.520Z","2026-10-08","https://api.worldbank.org/pip/v1/pip?country=all&year=all&fill_gaps=false&reporting_level=national&welfare_type=all&version=20260922_2021_01_02_PROD&format=json","national","national","false","survey","micro","https://datacatalog.worldbank.org/int/public-licenses#cc-by"
"FRA","2012","26.9","7.9","precision-limited","EU-SILC","income","2012","26.87","7.85","2008 - 2019","20260922_2021_01_02_PROD","2026-10-10T15:05:43.529Z","2026-10-10T15:05:43.529Z","false","2026-10-10T15:05:42.520Z","2026-10-08","https://api.worldbank.org/pip/v1/pip?country=all&year=all&fill_gaps=false&reporting_level=national&welfare_type=all&version=20260922_2021_01_02_PROD&format=json","national","national","false","survey","micro","https://datacatalog.worldbank.org/int/public-licenses#cc-by"
"FRA","2013","26.4","8","consistent","EU-SILC","income","2013","26.38","8","2008 - 2019","20260922_2021_01_02_PROD","2026-10-10T15:05:43.529Z","2026-10-10T15:05:43.529Z","false","2026-10-10T15:05:42.520Z","2026-10-08","https://api.worldbank.org/pip/v1/pip?country=all&year=all&fill_gaps=false&reporting_level=national&welfare_type=all&version=20260922_2021_01_02_PROD&format=json","national","national","false","survey","micro","https://datacatalog.worldbank.org/int/public-licenses#cc-by"
"FRA","2014","26.1","8","consistent","EU-SILC","income","2014","26.08","8.02","2008 - 2019","20260922_2021_01_02_PROD","2026-10-10T15:05:43.529Z","2026-10-10T15:05:43.529Z","false","2026-10-10T15:05:42.520Z","2026-10-08","https://api.worldbank.org/pip/v1/pip?country=all&year=all&fill_gaps=false&reporting_level=national&welfare_type=all&version=20260922_2021_01_02_PROD&format=json","national","national","false","survey","micro","https://datacatalog.worldbank.org/int/public-licenses#cc-by"
"FRA","2015","26.6","7.9","consistent","EU-SILC","income","2015","26.63","7.88","2008 - 2019","20260922_2021_01_02_PROD","2026-10-10T15:05:43.529Z","2026-10-10T15:05:43.529Z","false","2026-10-10T15:05:42.520Z","2026-10-08","https://api.worldbank.org/pip/v1/pip?country=all&year=all&fill_gaps=false&reporting_level=national&welfare_type=all&version=20260922_2021_01_02_PROD&format=json","national","national","false","survey","micro","https://datacatalog.worldbank.org/int/public-licenses#cc-by"
"FRA","2016","25.9","8","consistent","EU-SILC","income","2016","25.919999999999998","8","2008 - 2019","20260922_2021_01_02_PROD","2026-10-10T15:05:43.529Z","2026-10-10T15:05:43.529Z","false","2026-10-10T15:05:42.520Z","2026-10-08","https://api.worldbank.org/pip/v1/pip?country=all&year=all&fill_gaps=false&reporting_level=national&welfare_type=all&version=20260922_2021_01_02_PROD&format=json","national","national","false","survey","micro","https://datacatalog.worldbank.org/int/public-licenses#cc-by"
"FRA","2017","25.8","8.1","consistent","EU-SILC","income","2017","25.8","8.110000000000001","2008 - 2019","20260922_2021_01_02_PROD","2026-10-10T15:05:43.529Z","2026-10-10T15:05:43.529Z","false","2026-10-10T15:05:42.520Z","2026-10-08","https://api.worldbank.org/pip/v1/pip?country=all&year=all&fill_gaps=false&reporting_level=national&welfare_type=all&version=20260922_2021_01_02_PROD&format=json","national","national","false","survey","micro","https://datacatalog.worldbank.org/int/public-licenses#cc-by"
"FRA","2018","26.7","8","precision-limited","EU-SILC","income","2018","26.69","8.04","2008 - 2019","20260922_2021_01_02_PROD","2026-10-10T15:05:43.529Z","2026-10-10T15:05:43.529Z","false","2026-10-10T15:05:42.520Z","2026-10-08","https://api.worldbank.org/pip/v1/pip?country=all&year=all&fill_gaps=false&reporting_level=national&welfare_type=all&version=20260922_2021_01_02_PROD&format=json","national","national","false","survey","micro","https://datacatalog.worldbank.org/int/public-licenses#cc-by"
"FRA","2019","24.8","7.8","consistent","EU-SILC","income","2019","24.84","7.829999999999999","2008 - 2019","20260922_2021_01_02_PROD","2026-10-10T15:05:43.529Z","2026-10-10T15:05:43.529Z","false","2026-10-10T15:05:42.520Z","2026-10-08","https://api.worldbank.org/pip/v1/pip?country=all&year=all&fill_gaps=false&reporting_level=national&welfare_type=all&version=20260922_2021_01_02_PROD&format=json","national","national","false","survey","micro","https://datacatalog.worldbank.org/int/public-licenses#cc-by"
"FRA","2020","24.5","8","consistent","EU-SILC","income","2020","24.54","8.02","2020 - 2021","20260922_2021_01_02_PROD","2026-10-10T15:05:43.529Z","2026-10-10T15:05:43.529Z","false","2026-10-10T15:05:42.520Z","2026-10-08","https://api.worldbank.org/pip/v1/pip?country=all&year=all&fill_gaps=false&reporting_level=national&welfare_type=all&version=20260922_2021_01_02_PROD&format=json","national","national","false","survey","micro","https://datacatalog.worldbank.org/int/public-licenses#cc-by"
"FRA","2021","24.9","7.7","consistent","EU-SILC","income","2021","24.89","7.669999999999999","2020 - 2021","20260922_2021_01_02_PROD","2026-10-10T15:05:43.529Z","2026-10-10T15:05:43.529Z","false","2026-10-10T15:05:42.520Z","2026-10-08","https://api.worldbank.org/pip/v1/pip?country=all&year=all&fill_gaps=false&reporting_level=national&welfare_type=all&version=20260922_2021_01_02_PROD&format=json","national","national","false","survey","micro","https://datacatalog.worldbank.org/int/public-licenses#cc-by"
"FRA","2022","24.6","7.8","consistent","EU-SILC","income","2022","24.6","7.780000000000001","2022 - 2023","20260922_2021_01_02_PROD","2026-10-10T15:05:43.529Z","2026-10-10T15:05:43.529Z","false","2026-10-10T15:05:42.520Z","2026-10-08","https://api.worldbank.org/pip/v1/pip?country=all&year=all&fill_gaps=false&reporting_level=national&welfare_type=all&version=20260922_2021_01_02_PROD&format=json","national","national","false","survey","micro","https://datacatalog.worldbank.org/int/public-licenses#cc-by"
"FRA","2023","25","7.7","consistent","EU-SILC","income","2023","25","7.6899999999999995","2022 - 2023","20260922_2021_01_02_PROD","2026-10-10T15:05:43.529Z","2026-10-10T15:05:43.529Z","false","2026-10-10T15:05:42.520Z","2026-10-08","https://api.worldbank.org/pip/v1/pip?country=all&year=all&fill_gaps=false&reporting_level=national&welfare_type=all&version=20260922_2021_01_02_PROD&format=json","national","national","false","survey","micro","https://datacatalog.worldbank.org/int/public-licenses#cc-by"
"GAB","2005","33.1","5.8","consistent","EGEP","consumption","2005","33.14","5.82","2005","20260922_2021_01_02_PROD","2026-10-10T15:05:43.529Z","2026-10-10T15:05:43.529Z","false","2026-10-10T15:05:42.520Z","2026-10-08","https://api.worldbank.org/pip/v1/pip?country=all&year=all&fill_gaps=false&reporting_level=national&welfare_type=all&version=20260922_2021_01_02_PROD&format=json","national","national","false","survey","micro","https://datacatalog.worldbank.org/int/public-licenses#cc-by"
"GAB","2017","27.7","6","precision-limited","EGEP","consumption","2017","27.72","6.05","2017","20260922_2021_01_02_PROD","2026-10-10T15:05:43.529Z","2026-10-10T15:05:43.529Z","false","2026-10-10T15:05:42.520Z","2026-10-08","https://api.worldbank.org/pip/v1/pip?country=all&year=all&fill_gaps=false&reporting_level=national&welfare_type=all&version=20260922_2021_01_02_PROD&format=json","national","national","false","survey","micro","https://datacatalog.worldbank.org/int/public-licenses#cc-by"
"GMB","2003","36.7","4.8","consistent","HIS","consumption","2003.29","36.720000000000006","4.78","2003","20260922_2021_01_02_PROD","2026-10-10T15:05:43.529Z","2026-10-10T15:05:43.529Z","false","2026-10-10T15:05:42.520Z","2026-10-08","https://api.worldbank.org/pip/v1/pip?country=all&year=all&fill_gaps=false&reporting_level=national&welfare_type=all&version=20260922_2021_01_02_PROD&format=json","national","national","false","survey","micro","https://datacatalog.worldbank.org/int/public-licenses#cc-by"
"GMB","2010","34.9","5.7","consistent","IHS","consumption","2010.08","34.88","5.699999999999999","2010","20260922_2021_01_02_PROD","2026-10-10T15:05:43.529Z","2026-10-10T15:05:43.529Z","false","2026-10-10T15:05:42.520Z","2026-10-08","https://api.worldbank.org/pip/v1/pip?country=all&year=all&fill_gaps=false&reporting_level=national&welfare_type=all&version=20260922_2021_01_02_PROD&format=json","national","national","false","survey","micro","https://datacatalog.worldbank.org/int/public-licenses#cc-by"
"GMB","2015","28.7","7.4","consistent","IHS","consumption","2015.31","28.720000000000002","7.39","2015 - 2020","20260922_2021_01_02_PROD","2026-10-10T15:05:43.529Z","2026-10-10T15:05:43.529Z","false","2026-10-10T15:05:42.520Z","2026-10-08","https://api.worldbank.org/pip/v1/pip?country=all&year=all&fill_gaps=false&reporting_level=national&welfare_type=all&version=20260922_2021_01_02_PROD&format=json","national","national","false","survey","micro","https://datacatalog.worldbank.org/int/public-licenses#cc-by"
"GMB","2020","30.5","6.6","consistent","IHS","consumption","2020.08","30.53","6.58","2015 - 2020","20260922_2021_01_02_PROD","2026-10-10T15:05:43.529Z","2026-10-10T15:05:43.529Z","false","2026-10-10T15:05:42.520Z","2026-10-08","https://api.worldbank.org/pip/v1/pip?country=all&year=all&fill_gaps=false&reporting_level=national&welfare_type=all&version=20260922_2021_01_02_PROD&format=json","national","national","false","survey","micro","https://datacatalog.worldbank.org/int/public-licenses#cc-by"
"GEO","2000","30.3","5.4","consistent","HIS","consumption","2000","30.31","5.38","1998 - 2024","20260922_2021_01_02_PROD","2026-10-10T15:05:43.529Z","2026-10-10T15:05:43.529Z","false","2026-10-10T15:05:42.520Z","2026-10-08","https://api.worldbank.org/pip/v1/pip?country=all&year=all&fill_gaps=false&reporting_level=national&welfare_type=all&version=20260922_2021_01_02_PROD&format=json","national","national","false","survey","micro","https://datacatalog.worldbank.org/int/public-licenses#cc-by"
"GEO","2001","30","5.8","consistent","HIS","consumption","2001","30.04","5.81","1998 - 2024","20260922_2021_01_02_PROD","2026-10-10T15:05:43.529Z","2026-10-10T15:05:43.529Z","false","2026-10-10T15:05:42.520Z","2026-10-08","https://api.worldbank.org/pip/v1/pip?country=all&year=all&fill_gaps=false&reporting_level=national&welfare_type=all&version=20260922_2021_01_02_PROD&format=json","national","national","false","survey","micro","https://datacatalog.worldbank.org/int/public-licenses#cc-by"
"GEO","2002","28.2","6.3","consistent","HIS","consumption","2002","28.18","6.329999999999999","1998 - 2024","20260922_2021_01_02_PROD","2026-10-10T15:05:43.529Z","2026-10-10T15:05:43.529Z","false","2026-10-10T15:05:42.520Z","2026-10-08","https://api.worldbank.org/pip/v1/pip?country=all&year=all&fill_gaps=false&reporting_level=national&welfare_type=all&version=20260922_2021_01_02_PROD&format=json","national","national","false","survey","micro","https://datacatalog.worldbank.org/int/public-licenses#cc-by"
"GEO","2003","27.1","6.3","consistent","HIS","consumption","2003","27.08","6.279999999999999","1998 - 2024","20260922_2021_01_02_PROD","2026-10-10T15:05:43.529Z","2026-10-10T15:05:43.529Z","false","2026-10-10T15:05:42.520Z","2026-10-08","https://api.worldbank.org/pip/v1/pip?country=all&year=all&fill_gaps=false&reporting_level=national&welfare_type=all&version=20260922_2021_01_02_PROD&format=json","national","national","false","survey","micro","https://datacatalog.worldbank.org/int/public-licenses#cc-by"
"GEO","2004","26.7","6.3","precision-limited","HIS","consumption","2004","26.71","6.25","1998 - 2024","20260922_2021_01_02_PROD","2026-10-10T15:05:43.529Z","2026-10-10T15:05:43.529Z","false","2026-10-10T15:05:42.520Z","2026-10-08","https://api.worldbank.org/pip/v1/pip?country=all&year=all&fill_gaps=false&reporting_level=national&welfare_type=all&version=20260922_2021_01_02_PROD&format=json","national","national","false","survey","micro","https://datacatalog.worldbank.org/int/public-licenses#cc-by"
"GEO","2005","27.7","6.2","precision-limited","HIS","consumption","2005","27.72","6.16","1998 - 2024","20260922_2021_01_02_PROD","2026-10-10T15:05:43.529Z","2026-10-10T15:05:43.529Z","false","2026-10-10T15:05:42.520Z","2026-10-08","https://api.worldbank.org/pip/v1/pip?country=all&year=all&fill_gaps=false&reporting_level=national&welfare_type=all&version=20260922_2021_01_02_PROD&format=json","national","national","false","survey","micro","https://datacatalog.worldbank.org/int/public-licenses#cc-by"
"GEO","2006","27.5","6.3","consistent","HIS","consumption","2006","27.47","6.329999999999999","1998 - 2024","20260922_2021_01_02_PROD","2026-10-10T15:05:43.529Z","2026-10-10T15:05:43.529Z","false","2026-10-10T15:05:42.520Z","2026-10-08","https://api.worldbank.org/pip/v1/pip?country=all&year=all&fill_gaps=false&reporting_level=national&welfare_type=all&version=20260922_2021_01_02_PROD&format=json","national","national","false","survey","micro","https://datacatalog.worldbank.org/int/public-licenses#cc-by"
"GEO","2007","28.9","6.2","consistent","HIS","consumption","2007","28.910000000000004","6.17","1998 - 2024","20260922_2021_01_02_PROD","2026-10-10T15:05:43.529Z","2026-10-10T15:05:43.529Z","false","2026-10-10T15:05:42.520Z","2026-10-08","https://api.worldbank.org/pip/v1/pip?country=all&year=all&fill_gaps=false&reporting_level=national&welfare_type=all&version=20260922_2021_01_02_PROD&format=json","national","national","false","survey","micro","https://datacatalog.worldbank.org/int/public-licenses#cc-by"
"GEO","2008","29.1","6.1","precision-limited","HIS","consumption","2008","29.13","6.0600000000000005","1998 - 2024","20260922_2021_01_02_PROD","2026-10-10T15:05:43.529Z","2026-10-10T15:05:43.529Z","false","2026-10-10T15:05:42.520Z","2026-10-08","https://api.worldbank.org/pip/v1/pip?country=all&year=all&fill_gaps=false&reporting_level=national&welfare_type=all&version=20260922_2021_01_02_PROD&format=json","national","national","false","survey","micro","https://datacatalog.worldbank.org/int/public-licenses#cc-by"
"GEO","2009","28.9","6.1","precision-limited","HIS","consumption","2009","28.849999999999998","6.129999999999999","1998 - 2024","20260922_2021_01_02_PROD","2026-10-10T15:05:43.529Z","2026-10-10T15:05:43.529Z","false","2026-10-10T15:05:42.520Z","2026-10-08","https://api.worldbank.org/pip/v1/pip?country=all&year=all&fill_gaps=false&reporting_level=national&welfare_type=all&version=20260922_2021_01_02_PROD&format=json","national","national","false","survey","micro","https://datacatalog.worldbank.org/int/public-licenses#cc-by"
"GEO","2010","29.5","5.7","consistent","HIS","consumption","2010","29.53","5.699999999999999","1998 - 2024","20260922_2021_01_02_PROD","2026-10-10T15:05:43.529Z","2026-10-10T15:05:43.529Z","false","2026-10-10T15:05:42.520Z","2026-10-08","https://api.worldbank.org/pip/v1/pip?country=all&year=all&fill_gaps=false&reporting_level=national&welfare_type=all&version=20260922_2021_01_02_PROD&format=json","national","national","false","survey","micro","https://datacatalog.worldbank.org/int/public-licenses#cc-by"
"GEO","2011","29.8","5.6","precision-limited","HIS","consumption","2011","29.770000000000003","5.64","1998 - 2024","20260922_2021_01_02_PROD","2026-10-10T15:05:43.529Z","2026-10-10T15:05:43.529Z","false","2026-10-10T15:05:42.520Z","2026-10-08","https://api.worldbank.org/pip/v1/pip?country=all&year=all&fill_gaps=false&reporting_level=national&welfare_type=all&version=20260922_2021_01_02_PROD&format=json","national","national","false","survey","micro","https://datacatalog.worldbank.org/int/public-licenses#cc-by"
"GEO","2012","29.3","5.9","consistent","HIS","consumption","2012","29.29","5.93","1998 - 2024","20260922_2021_01_02_PROD","2026-10-10T15:05:43.529Z","2026-10-10T15:05:43.529Z","false","2026-10-10T15:05:42.520Z","2026-10-08","https://api.worldbank.org/pip/v1/pip?country=all&year=all&fill_gaps=false&reporting_level=national&welfare_type=all&version=20260922_2021_01_02_PROD&format=json","national","national","false","survey","micro","https://datacatalog.worldbank.org/int/public-licenses#cc-by"
"GEO","2013","29.1","6.1","consistent","HIS","consumption","2013","29.099999999999998","6.11","1998 - 2024","20260922_2021_01_02_PROD","2026-10-10T15:05:43.529Z","2026-10-10T15:05:43.529Z","false","2026-10-10T15:05:42.520Z","2026-10-08","https://api.worldbank.org/pip/v1/pip?country=all&year=all&fill_gaps=false&reporting_level=national&welfare_type=all&version=20260922_2021_01_02_PROD&format=json","national","national","false","survey","micro","https://datacatalog.worldbank.org/int/public-licenses#cc-by"
"GEO","2014","28.6","6.4","consistent","HIS","consumption","2014","28.560000000000002","6.4","1998 - 2024","20260922_2021_01_02_PROD","2026-10-10T15:05:43.529Z","2026-10-10T15:05:43.529Z","false","2026-10-10T15:05:42.520Z","2026-10-08","https://api.worldbank.org/pip/v1/pip?country=all&year=all&fill_gaps=false&reporting_level=national&welfare_type=all&version=20260922_2021_01_02_PROD&format=json","national","national","false","survey","micro","https://datacatalog.worldbank.org/int/public-licenses#cc-by"
"GEO","2015","27.8","6.7","precision-limited","HIS","consumption","2015","27.79","6.75","1998 - 2024","20260922_2021_01_02_PROD","2026-10-10T15:05:43.529Z","2026-10-10T15:05:43.529Z","false","2026-10-10T15:05:42.520Z","2026-10-08","https://api.worldbank.org/pip/v1/pip?country=all&year=all&fill_gaps=false&reporting_level=national&welfare_type=all&version=20260922_2021_01_02_PROD&format=json","national","national","false","survey","micro","https://datacatalog.worldbank.org/int/public-licenses#cc-by"
"GEO","2016","28.1","6.7","consistent","HIS","consumption","2016","28.139999999999997","6.68","1998 - 2024","20260922_2021_01_02_PROD","2026-10-10T15:05:43.529Z","2026-10-10T15:05:43.529Z","false","2026-10-10T15:05:42.520Z","2026-10-08","https://api.worldbank.org/pip/v1/pip?country=all&year=all&fill_gaps=false&reporting_level=national&welfare_type=all&version=20260922_2021_01_02_PROD&format=json","national","national","false","survey","micro","https://datacatalog.worldbank.org/int/public-licenses#cc-by"
"GEO","2017","28.9","6.3","precision-limited","HIS","consumption","2017","28.9","6.260000000000001","1998 - 2024","20260922_2021_01_02_PROD","2026-10-10T15:05:43.529Z","2026-10-10T15:05:43.529Z","false","2026-10-10T15:05:42.520Z","2026-10-08","https://api.worldbank.org/pip/v1/pip?country=all&year=all&fill_gaps=false&reporting_level=national&welfare_type=all&version=20260922_2021_01_02_PROD&format=json","national","national","false","survey","micro","https://datacatalog.worldbank.org/int/public-licenses#cc-by"
"GEO","2018","27.5","6.5","precision-limited","HIS","consumption","2018","27.450000000000003","6.5","1998 - 2024","20260922_2021_01_02_PROD","2026-10-10T15:05:43.529Z","2026-10-10T15:05:43.529Z","false","2026-10-10T15:05:42.520Z","2026-10-08","https://api.worldbank.org/pip/v1/pip?country=all&year=all&fill_gaps=false&reporting_level=national&welfare_type=all&version=20260922_2021_01_02_PROD&format=json","national","national","false","survey","micro","https://datacatalog.worldbank.org/int/public-licenses#cc-by"
"GEO","2019","27.6","6.8","consistent","HIS","consumption","2019","27.57","6.800000000000001","1998 - 2024","20260922_2021_01_02_PROD","2026-10-10T15:05:43.529Z","2026-10-10T15:05:43.529Z","false","2026-10-10T15:05:42.520Z","2026-10-08","https://api.worldbank.org/pip/v1/pip?country=all&year=all&fill_gaps=false&reporting_level=national&welfare_type=all&version=20260922_2021_01_02_PROD&format=json","national","national","false","survey","micro","https://datacatalog.worldbank.org/int/public-licenses#cc-by"
"GEO","2020","26.2","7","precision-limited","HIS","consumption","2020","26.200000000000003","6.959999999999999","1998 - 2024","20260922_2021_01_02_PROD","2026-10-10T15:05:43.529Z","2026-10-10T15:05:43.529Z","false","2026-10-10T15:05:42.520Z","2026-10-08","https://api.worldbank.org/pip/v1/pip?country=all&year=all&fill_gaps=false&reporting_level=national&welfare_type=all&version=20260922_2021_01_02_PROD&format=json","national","national","false","survey","micro","https://datacatalog.worldbank.org/int/public-licenses#cc-by"
"GEO","2021","26.2","7","consistent","HIS","consumption","2021","26.21","6.999999999999999","1998 - 2024","20260922_2021_01_02_PROD","2026-10-10T15:05:43.529Z","2026-10-10T15:05:43.529Z","false","2026-10-10T15:05:42.520Z","2026-10-08","https://api.worldbank.org/pip/v1/pip?country=all&year=all&fill_gaps=false&reporting_level=national&welfare_type=all&version=20260922_2021_01_02_PROD&format=json","national","national","false","survey","micro","https://datacatalog.worldbank.org/int/public-licenses#cc-by"
"GEO","2022","25.2","7","consistent","HIS","consumption","2022","25.2","6.989999999999999","1998 - 2024","20260922_2021_01_02_PROD","2026-10-10T15:05:43.529Z","2026-10-10T15:05:43.529Z","false","2026-10-10T15:05:42.520Z","2026-10-08","https://api.worldbank.org/pip/v1/pip?country=all&year=all&fill_gaps=false&reporting_level=national&welfare_type=all&version=20260922_2021_01_02_PROD&format=json","national","national","false","survey","micro","https://datacatalog.worldbank.org/int/public-licenses#cc-by"
"GEO","2023","26.9","7","consistent","HIS","consumption","2023","26.900000000000002","6.98","1998 - 2024","20260922_2021_01_02_PROD","2026-10-10T15:05:43.529Z","2026-10-10T15:05:43.529Z","false","2026-10-10T15:05:42.520Z","2026-10-08","https://api.worldbank.org/pip/v1/pip?country=all&year=all&fill_gaps=false&reporting_level=national&welfare_type=all&version=20260922_2021_01_02_PROD&format=json","national","national","false","survey","micro","https://datacatalog.worldbank.org/int/public-licenses#cc-by"
"GEO","2024","26.2","7.3","consistent","HIS","consumption","2024","26.200000000000003","7.289999999999999","1998 - 2024","20260922_2021_01_02_PROD","2026-10-10T15:05:43.529Z","2026-10-10T15:05:43.529Z","false","2026-10-10T15:05:42.520Z","2026-10-08","https://api.worldbank.org/pip/v1/pip?country=all&year=all&fill_gaps=false&reporting_level=national&welfare_type=all&version=20260922_2021_01_02_PROD&format=json","national","national","false","survey","micro","https://datacatalog.worldbank.org/int/public-licenses#cc-by"
"DEU","2000","22.9","8.8","precision-limited","GSOEP-LIS","income","2000","22.85","8.799999999999999","1991 - 2022","20260922_2021_01_02_PROD","2026-10-10T15:05:43.529Z","2026-10-10T15:05:43.529Z","false","2026-10-10T15:05:42.520Z","2026-10-08","https://api.worldbank.org/pip/v1/pip?country=all&year=all&fill_gaps=false&reporting_level=national&welfare_type=all&version=20260922_2021_01_02_PROD&format=json","national","national","false","survey","micro","https://datacatalog.worldbank.org/int/public-licenses#cc-by"
"DEU","2001","23.9","8.7","precision-limited","GSOEP-LIS","income","2001","23.94","8.66","1991 - 2022","20260922_2021_01_02_PROD","2026-10-10T15:05:43.529Z","2026-10-10T15:05:43.529Z","false","2026-10-10T15:05:42.520Z","2026-10-08","https://api.worldbank.org/pip/v1/pip?country=all&year=all&fill_gaps=false&reporting_level=national&welfare_type=all&version=20260922_2021_01_02_PROD&format=json","national","national","false","survey","micro","https://datacatalog.worldbank.org/int/public-licenses#cc-by"
"DEU","2002","23.7","8.6","precision-limited","GSOEP-LIS","income","2002","23.75","8.6","1991 - 2022","20260922_2021_01_02_PROD","2026-10-10T15:05:43.529Z","2026-10-10T15:05:43.529Z","false","2026-10-10T15:05:42.520Z","2026-10-08","https://api.worldbank.org/pip/v1/pip?country=all&year=all&fill_gaps=false&reporting_level=national&welfare_type=all&version=20260922_2021_01_02_PROD&format=json","national","national","false","survey","micro","https://datacatalog.worldbank.org/int/public-licenses#cc-by"
"DEU","2003","23.9","8.6","consistent","GSOEP-LIS","income","2003","23.89","8.57","1991 - 2022","20260922_2021_01_02_PROD","2026-10-10T15:05:43.529Z","2026-10-10T15:05:43.529Z","false","2026-10-10T15:05:42.520Z","2026-10-08","https://api.worldbank.org/pip/v1/pip?country=all&year=all&fill_gaps=false&reporting_level=national&welfare_type=all&version=20260922_2021_01_02_PROD&format=json","national","national","false","survey","micro","https://datacatalog.worldbank.org/int/public-licenses#cc-by"
"DEU","2004","24","8.5","precision-limited","GSOEP-LIS","income","2004","24.03","8.540000000000001","1991 - 2022","20260922_2021_01_02_PROD","2026-10-10T15:05:43.529Z","2026-10-10T15:05:43.529Z","false","2026-10-10T15:05:42.520Z","2026-10-08","https://api.worldbank.org/pip/v1/pip?country=all&year=all&fill_gaps=false&reporting_level=national&welfare_type=all&version=20260922_2021_01_02_PROD&format=json","national","national","false","survey","micro","https://datacatalog.worldbank.org/int/public-licenses#cc-by"
"DEU","2005","25.2","8.2","consistent","GSOEP-LIS","income","2005","25.180000000000003","8.18","1991 - 2022","20260922_2021_01_02_PROD","2026-10-10T15:05:43.529Z","2026-10-10T15:05:43.529Z","false","2026-10-10T15:05:42.520Z","2026-10-08","https://api.worldbank.org/pip/v1/pip?country=all&year=all&fill_gaps=false&reporting_level=national&welfare_type=all&version=20260922_2021_01_02_PROD&format=json","national","national","false","survey","micro","https://datacatalog.worldbank.org/int/public-licenses#cc-by"
"DEU","2006","24.7","8.3","precision-limited","GSOEP-LIS","income","2006","24.72","8.34","1991 - 2022","20260922_2021_01_02_PROD","2026-10-10T15:05:43.529Z","2026-10-10T15:05:43.529Z","false","2026-10-10T15:05:42.520Z","2026-10-08","https://api.worldbank.org/pip/v1/pip?country=all&year=all&fill_gaps=false&reporting_level=national&welfare_type=all&version=20260922_2021_01_02_PROD&format=json","national","national","false","survey","micro","https://datacatalog.worldbank.org/int/public-licenses#cc-by"
"DEU","2007","25.2","8.4","consistent","GSOEP-LIS","income","2007","25.19","8.42","1991 - 2022","20260922_2021_01_02_PROD","2026-10-10T15:05:43.529Z","2026-10-10T15:05:43.529Z","false","2026-10-10T15:05:42.520Z","2026-10-08","https://api.worldbank.org/pip/v1/pip?country=all&year=all&fill_gaps=false&reporting_level=national&welfare_type=all&version=20260922_2021_01_02_PROD&format=json","national","national","false","survey","micro","https://datacatalog.worldbank.org/int/public-licenses#cc-by"
"DEU","2008","24.5","8.5","consistent","GSOEP-LIS","income","2008","24.51","8.469999999999999","1991 - 2022","20260922_2021_01_02_PROD","2026-10-10T15:05:43.529Z","2026-10-10T15:05:43.529Z","false","2026-10-10T15:05:42.520Z","2026-10-08","https://api.worldbank.org/pip/v1/pip?country=all&year=all&fill_gaps=false&reporting_level=national&welfare_type=all&version=20260922_2021_01_02_PROD&format=json","national","national","false","survey","micro","https://datacatalog.worldbank.org/int/public-licenses#cc-by"
"DEU","2009","24.1","8.4","precision-limited","GSOEP-LIS","income","2009","24.14","8.360000000000001","1991 - 2022","20260922_2021_01_02_PROD","2026-10-10T15:05:43.529Z","2026-10-10T15:05:43.529Z","false","2026-10-10T15:05:42.520Z","2026-10-08","https://api.worldbank.org/pip/v1/pip?country=all&year=all&fill_gaps=false&reporting_level=national&welfare_type=all&version=20260922_2021_01_02_PROD&format=json","national","national","false","survey","micro","https://datacatalog.worldbank.org/int/public-licenses#cc-by"
"DEU","2010","24.1","8.4","consistent","GSOEP-LIS","income","2010","24.060000000000002","8.42","1991 - 2022","20260922_2021_01_02_PROD","2026-10-10T15:05:43.529Z","2026-10-10T15:05:43.529Z","false","2026-10-10T15:05:42.520Z","2026-10-08","https://api.worldbank.org/pip/v1/pip?country=all&year=all&fill_gaps=false&reporting_level=national&welfare_type=all&version=20260922_2021_01_02_PROD&format=json","national","national","false","survey","micro","https://datacatalog.worldbank.org/int/public-licenses#cc-by"
"DEU","2011","24.4","8.5","consistent","GSOEP-LIS","income","2011","24.36","8.469999999999999","1991 - 2022","20260922_2021_01_02_PROD","2026-10-10T15:05:43.529Z","2026-10-10T15:05:43.529Z","false","2026-10-10T15:05:42.520Z","2026-10-08","https://api.worldbank.org/pip/v1/pip?country=all&year=all&fill_gaps=false&reporting_level=national&welfare_type=all&version=20260922_2021_01_02_PROD&format=json","national","national","false","survey","micro","https://datacatalog.worldbank.org/int/public-licenses#cc-by"
"DEU","2012","24.4","8.2","consistent","GSOEP-LIS","income","2012","24.38","8.21","1991 - 2022","20260922_2021_01_02_PROD","2026-10-10T15:05:43.529Z","2026-10-10T15:05:43.529Z","false","2026-10-10T15:05:42.520Z","2026-10-08","https://api.worldbank.org/pip/v1/pip?country=all&year=all&fill_gaps=false&reporting_level=national&welfare_type=all&version=20260922_2021_01_02_PROD&format=json","national","national","false","survey","micro","https://datacatalog.worldbank.org/int/public-licenses#cc-by"
"DEU","2013","24.9","8.2","precision-limited","GSOEP-LIS","income","2013","24.91","8.16","1991 - 2022","20260922_2021_01_02_PROD","2026-10-10T15:05:43.529Z","2026-10-10T15:05:43.529Z","false","2026-10-10T15:05:42.520Z","2026-10-08","https://api.worldbank.org/pip/v1/pip?country=all&year=all&fill_gaps=false&reporting_level=national&welfare_type=all&version=20260922_2021_01_02_PROD&format=json","national","national","false","survey","micro","https://datacatalog.worldbank.org/int/public-licenses#cc-by"
"DEU","2014","24","8.1","precision-limited","GSOEP-LIS","income","2014","24","8.05","1991 - 2022","20260922_2021_01_02_PROD","2026-10-10T15:05:43.529Z","2026-10-10T15:05:43.529Z","false","2026-10-10T15:05:42.520Z","2026-10-08","https://api.worldbank.org/pip/v1/pip?country=all&year=all&fill_gaps=false&reporting_level=national&welfare_type=all&version=20260922_2021_01_02_PROD&format=json","national","national","false","survey","micro","https://datacatalog.worldbank.org/int/public-licenses#cc-by"
"DEU","2015","24.8","8","precision-limited","GSOEP-LIS","income","2015","24.75","7.9799999999999995","1991 - 2022","20260922_2021_01_02_PROD","2026-10-10T15:05:43.529Z","2026-10-10T15:05:43.529Z","false","2026-10-10T15:05:42.520Z","2026-10-08","https://api.worldbank.org/pip/v1/pip?country=all&year=all&fill_gaps=false&reporting_level=national&welfare_type=all&version=20260922_2021_01_02_PROD&format=json","national","national","false","survey","micro","https://datacatalog.worldbank.org/int/public-licenses#cc-by"
"DEU","2016","24.5","7.9","consistent","GSOEP-LIS","income","2016","24.51","7.91","1991 - 2022","20260922_2021_01_02_PROD","2026-10-10T15:05:43.529Z","2026-10-10T15:05:43.529Z","false","2026-10-10T15:05:42.520Z","2026-10-08","https://api.worldbank.org/pip/v1/pip?country=all&year=all&fill_gaps=false&reporting_level=national&welfare_type=all&version=20260922_2021_01_02_PROD&format=json","national","national","false","survey","micro","https://datacatalog.worldbank.org/int/public-licenses#cc-by"
"DEU","2017","24.7","7.9","precision-limited","GSOEP-LIS","income","2017","24.65","7.9","1991 - 2022","20260922_2021_01_02_PROD","2026-10-10T15:05:43.529Z","2026-10-10T15:05:43.529Z","false","2026-10-10T15:05:42.520Z","2026-10-08","https://api.worldbank.org/pip/v1/pip?country=all&year=all&fill_gaps=false&reporting_level=national&welfare_type=all&version=20260922_2021_01_02_PROD&format=json","national","national","false","survey","micro","https://datacatalog.worldbank.org/int/public-licenses#cc-by"
"DEU","2018","25.3","7.9","precision-limited","GSOEP-LIS","income","2018","25.330000000000002","7.86","1991 - 2022","20260922_2021_01_02_PROD","2026-10-10T15:05:43.529Z","2026-10-10T15:05:43.529Z","false","2026-10-10T15:05:42.520Z","2026-10-08","https://api.worldbank.org/pip/v1/pip?country=all&year=all&fill_gaps=false&reporting_level=national&welfare_type=all&version=20260922_2021_01_02_PROD&format=json","national","national","false","survey","micro","https://datacatalog.worldbank.org/int/public-licenses#cc-by"
"DEU","2019","25.7","7.7","precision-limited","GSOEP-LIS","income","2019","25.66","7.739999999999999","1991 - 2022","20260922_2021_01_02_PROD","2026-10-10T15:05:43.529Z","2026-10-10T15:05:43.529Z","false","2026-10-10T15:05:42.520Z","2026-10-08","https://api.worldbank.org/pip/v1/pip?country=all&year=all&fill_gaps=false&reporting_level=national&welfare_type=all&version=20260922_2021_01_02_PROD&format=json","national","national","false","survey","micro","https://datacatalog.worldbank.org/int/public-licenses#cc-by"
"DEU","2020","25.6","7.6","precision-limited","GSOEP-LIS","income","2020","25.6","7.64","1991 - 2022","20260922_2021_01_02_PROD","2026-10-10T15:05:43.529Z","2026-10-10T15:05:43.529Z","false","2026-10-10T15:05:42.520Z","2026-10-08","https://api.worldbank.org/pip/v1/pip?country=all&year=all&fill_gaps=false&reporting_level=national&welfare_type=all&version=20260922_2021_01_02_PROD&format=json","national","national","false","survey","micro","https://datacatalog.worldbank.org/int/public-licenses#cc-by"
"DEU","2021","26.3","7.2","consistent","GSOEP-LIS","income","2021","26.31","7.23","1991 - 2022","20260922_2021_01_02_PROD","2026-10-10T15:05:43.529Z","2026-10-10T15:05:43.529Z","false","2026-10-10T15:05:42.520Z","2026-10-08","https://api.worldbank.org/pip/v1/pip?country=all&year=all&fill_gaps=false&reporting_level=national&welfare_type=all&version=20260922_2021_01_02_PROD&format=json","national","national","false","survey","micro","https://datacatalog.worldbank.org/int/public-licenses#cc-by"
"DEU","2022","26.2","6.9","consistent","GSOEP-LIS","income","2022","26.21","6.92","1991 - 2022","20260922_2021_01_02_PROD","2026-10-10T15:05:43.529Z","2026-10-10T15:05:43.529Z","false","2026-10-10T15:05:42.520Z","2026-10-08","https://api.worldbank.org/pip/v1/pip?country=all&year=all&fill_gaps=false&reporting_level=national&welfare_type=all&version=20260922_2021_01_02_PROD&format=json","national","national","false","survey","micro","https://datacatalog.worldbank.org/int/public-licenses#cc-by"
"GHA","2005","32.7","5.2","precision-limited","GLSS-V","consumption","2005.67","32.68","5.25","1991 - 2016","20260922_2021_01_02_PROD","2026-10-10T15:05:43.529Z","2026-10-10T15:05:43.529Z","false","2026-10-10T15:05:42.520Z","2026-10-08","https://api.worldbank.org/pip/v1/pip?country=all&year=all&fill_gaps=false&reporting_level=national&welfare_type=all&version=20260922_2021_01_02_PROD&format=json","national","national","false","survey","micro","https://datacatalog.worldbank.org/int/public-licenses#cc-by"
"GHA","2012","31.7","5.4","precision-limited","GLSS-VI","consumption","2012.8","31.740000000000002","5.35","1991 - 2016","20260922_2021_01_02_PROD","2026-10-10T15:05:43.529Z","2026-10-10T15:05:43.529Z","false","2026-10-10T15:05:42.520Z","2026-10-08","https://api.worldbank.org/pip/v1/pip?country=all&year=all&fill_gaps=false&reporting_level=national&welfare_type=all&version=20260922_2021_01_02_PROD&format=json","national","national","false","survey","micro","https://datacatalog.worldbank.org/int/public-licenses#cc-by"
"GHA","2016","32.2","4.7","consistent","GLSS-VII","consumption","2016.75","32.21","4.67","1991 - 2016","20260922_2021_01_02_PROD","2026-10-10T15:05:43.529Z","2026-10-10T15:05:43.529Z","false","2026-10-10T15:05:42.520Z","2026-10-08","https://api.worldbank.org/pip/v1/pip?country=all&year=all&fill_gaps=false&reporting_level=national&welfare_type=all&version=20260922_2021_01_02_PROD&format=json","national","national","false","survey","micro","https://datacatalog.worldbank.org/int/public-licenses#cc-by"
"GRC","2000","26","6.8","consistent","ECHP-LIS","income","2000","25.96","6.83","1995 - 2000","20260922_2021_01_02_PROD","2026-10-10T15:05:43.529Z","2026-10-10T15:05:43.529Z","false","2026-10-10T15:05:42.520Z","2026-10-08","https://api.worldbank.org/pip/v1/pip?country=all&year=all&fill_gaps=false&reporting_level=national&welfare_type=all&version=20260922_2021_01_02_PROD&format=json","national","national","false","survey","micro","https://datacatalog.worldbank.org/int/public-licenses#cc-by"
"GRC","2002","27.1","6.7","consistent","SILC-LIS","income","2002","27.1","6.69","2002","20260922_2021_01_02_PROD","2026-10-10T15:05:43.529Z","2026-10-10T15:05:43.529Z","false","2026-10-10T15:05:42.520Z","2026-10-08","https://api.worldbank.org/pip/v1/pip?country=all&year=all&fill_gaps=false&reporting_level=national&welfare_type=all&version=20260922_2021_01_02_PROD&format=json","national","national","false","survey","micro","https://datacatalog.worldbank.org/int/public-licenses#cc-by"
"GRC","2003","24.6","7.2","consistent","EU-SILC","income","2003","24.57","7.23","2003 - 2023","20260922_2021_01_02_PROD","2026-10-10T15:05:43.529Z","2026-10-10T15:05:43.529Z","false","2026-10-10T15:05:42.520Z","2026-10-08","https://api.worldbank.org/pip/v1/pip?country=all&year=all&fill_gaps=false&reporting_level=national&welfare_type=all&version=20260922_2021_01_02_PROD&format=json","national","national","false","survey","micro","https://datacatalog.worldbank.org/int/public-licenses#cc-by"
"GRC","2004","25.5","7.1","precision-limited","EU-SILC","income","2004","25.490000000000002","7.050000000000001","2003 - 2023","20260922_2021_01_02_PROD","2026-10-10T15:05:43.529Z","2026-10-10T15:05:43.529Z","false","2026-10-10T15:05:42.520Z","2026-10-08","https://api.worldbank.org/pip/v1/pip?country=all&year=all&fill_gaps=false&reporting_level=national&welfare_type=all&version=20260922_2021_01_02_PROD&format=json","national","national","false","survey","micro","https://datacatalog.worldbank.org/int/public-licenses#cc-by"
"GRC","2005","26.3","6.9","precision-limited","EU-SILC","income","2005","26.32","6.859999999999999","2003 - 2023","20260922_2021_01_02_PROD","2026-10-10T15:05:43.529Z","2026-10-10T15:05:43.529Z","false","2026-10-10T15:05:42.520Z","2026-10-08","https://api.worldbank.org/pip/v1/pip?country=all&year=all&fill_gaps=false&reporting_level=national&welfare_type=all&version=20260922_2021_01_02_PROD&format=json","national","national","false","survey","micro","https://datacatalog.worldbank.org/int/public-licenses#cc-by"
"GRC","2006","26.7","6.7","consistent","EU-SILC","income","2006","26.71","6.7299999999999995","2003 - 2023","20260922_2021_01_02_PROD","2026-10-10T15:05:43.529Z","2026-10-10T15:05:43.529Z","false","2026-10-10T15:05:42.520Z","2026-10-08","https://api.worldbank.org/pip/v1/pip?country=all&year=all&fill_gaps=false&reporting_level=national&welfare_type=all&version=20260922_2021_01_02_PROD&format=json","national","national","false","survey","micro","https://datacatalog.worldbank.org/int/public-licenses#cc-by"
"GRC","2007","26","7","consistent","EU-SILC","income","2007","26.02","6.97","2003 - 2023","20260922_2021_01_02_PROD","2026-10-10T15:05:43.529Z","2026-10-10T15:05:43.529Z","false","2026-10-10T15:05:42.520Z","2026-10-08","https://api.worldbank.org/pip/v1/pip?country=all&year=all&fill_gaps=false&reporting_level=national&welfare_type=all&version=20260922_2021_01_02_PROD&format=json","national","national","false","survey","micro","https://datacatalog.worldbank.org/int/public-licenses#cc-by"
"GRC","2008","26","7.1","precision-limited","EU-SILC","income","2008","26.040000000000003","7.140000000000001","2003 - 2023","20260922_2021_01_02_PROD","2026-10-10T15:05:43.529Z","2026-10-10T15:05:43.529Z","false","2026-10-10T15:05:42.520Z","2026-10-08","https://api.worldbank.org/pip/v1/pip?country=all&year=all&fill_gaps=false&reporting_level=national&welfare_type=all&version=20260922_2021_01_02_PROD&format=json","national","national","false","survey","micro","https://datacatalog.worldbank.org/int/public-licenses#cc-by"
"GRC","2009","26","7","consistent","EU-SILC","income","2009","26.02","7.02","2003 - 2023","20260922_2021_01_02_PROD","2026-10-10T15:05:43.529Z","2026-10-10T15:05:43.529Z","false","2026-10-10T15:05:42.520Z","2026-10-08","https://api.worldbank.org/pip/v1/pip?country=all&year=all&fill_gaps=false&reporting_level=national&welfare_type=all&version=20260922_2021_01_02_PROD&format=json","national","national","false","survey","micro","https://datacatalog.worldbank.org/int/public-licenses#cc-by"
"GRC","2010","25.6","6.7","consistent","EU-SILC","income","2010","25.629999999999995","6.709999999999999","2003 - 2023","20260922_2021_01_02_PROD","2026-10-10T15:05:43.529Z","2026-10-10T15:05:43.529Z","false","2026-10-10T15:05:42.520Z","2026-10-08","https://api.worldbank.org/pip/v1/pip?country=all&year=all&fill_gaps=false&reporting_level=national&welfare_type=all&version=20260922_2021_01_02_PROD&format=json","national","national","false","survey","micro","https://datacatalog.worldbank.org/int/public-licenses#cc-by"
"GRC","2011","25.6","6.1","precision-limited","EU-SILC","income","2011","25.61","6.14","2003 - 2023","20260922_2021_01_02_PROD","2026-10-10T15:05:43.529Z","2026-10-10T15:05:43.529Z","false","2026-10-10T15:05:42.520Z","2026-10-08","https://api.worldbank.org/pip/v1/pip?country=all&year=all&fill_gaps=false&reporting_level=national&welfare_type=all&version=20260922_2021_01_02_PROD&format=json","national","national","false","survey","micro","https://datacatalog.worldbank.org/int/public-licenses#cc-by"
"GRC","2012","26.6","5.8","consistent","EU-SILC","income","2012","26.61","5.81","2003 - 2023","20260922_2021_01_02_PROD","2026-10-10T15:05:43.529Z","2026-10-10T15:05:43.529Z","false","2026-10-10T15:05:42.520Z","2026-10-08","https://api.worldbank.org/pip/v1/pip?country=all&year=all&fill_gaps=false&reporting_level=national&welfare_type=all&version=20260922_2021_01_02_PROD&format=json","national","national","false","survey","micro","https://datacatalog.worldbank.org/int/public-licenses#cc-by"
"GRC","2013","26.4","5.9","consistent","EU-SILC","income","2013","26.43","5.92","2003 - 2023","20260922_2021_01_02_PROD","2026-10-10T15:05:43.529Z","2026-10-10T15:05:43.529Z","false","2026-10-10T15:05:42.520Z","2026-10-08","https://api.worldbank.org/pip/v1/pip?country=all&year=all&fill_gaps=false&reporting_level=national&welfare_type=all&version=20260922_2021_01_02_PROD&format=json","national","national","false","survey","micro","https://datacatalog.worldbank.org/int/public-licenses#cc-by"
"GRC","2014","26.1","5.9","precision-limited","EU-SILC","income","2014","26.13","5.94","2003 - 2023","20260922_2021_01_02_PROD","2026-10-10T15:05:43.529Z","2026-10-10T15:05:43.529Z","false","2026-10-10T15:05:42.520Z","2026-10-08","https://api.worldbank.org/pip/v1/pip?country=all&year=all&fill_gaps=false&reporting_level=national&welfare_type=all&version=20260922_2021_01_02_PROD&format=json","national","national","false","survey","micro","https://datacatalog.worldbank.org/int/public-licenses#cc-by"
"GRC","2015","26.2","5.8","precision-limited","EU-SILC","income","2015","26.229999999999997","5.8500000000000005","2003 - 2023","20260922_2021_01_02_PROD","2026-10-10T15:05:43.529Z","2026-10-10T15:05:43.529Z","false","2026-10-10T15:05:42.520Z","2026-10-08","https://api.worldbank.org/pip/v1/pip?country=all&year=all&fill_gaps=false&reporting_level=national&welfare_type=all&version=20260922_2021_01_02_PROD&format=json","national","national","false","survey","micro","https://datacatalog.worldbank.org/int/public-licenses#cc-by"
"GRC","2016","25.9","6.3","precision-limited","EU-SILC","income","2016","25.869999999999997","6.260000000000001","2003 - 2023","20260922_2021_01_02_PROD","2026-10-10T15:05:43.529Z","2026-10-10T15:05:43.529Z","false","2026-10-10T15:05:42.520Z","2026-10-08","https://api.worldbank.org/pip/v1/pip?country=all&year=all&fill_gaps=false&reporting_level=national&welfare_type=all&version=20260922_2021_01_02_PROD&format=json","national","national","false","survey","micro","https://datacatalog.worldbank.org/int/public-licenses#cc-by"
"GRC","2017","25.9","6.6","consistent","EU-SILC","income","2017","25.869999999999997","6.63","2003 - 2023","20260922_2021_01_02_PROD","2026-10-10T15:05:43.529Z","2026-10-10T15:05:43.529Z","false","2026-10-10T15:05:42.520Z","2026-10-08","https://api.worldbank.org/pip/v1/pip?country=all&year=all&fill_gaps=false&reporting_level=national&welfare_type=all&version=20260922_2021_01_02_PROD&format=json","national","national","false","survey","micro","https://datacatalog.worldbank.org/int/public-licenses#cc-by"
"GRC","2018","24.9","7.2","consistent","EU-SILC","income","2018","24.87","7.180000000000001","2003 - 2023","20260922_2021_01_02_PROD","2026-10-10T15:05:43.529Z","2026-10-10T15:05:43.529Z","false","2026-10-10T15:05:42.520Z","2026-10-08","https://api.worldbank.org/pip/v1/pip?country=all&year=all&fill_gaps=false&reporting_level=national&welfare_type=all&version=20260922_2021_01_02_PROD&format=json","national","national","false","survey","micro","https://datacatalog.worldbank.org/int/public-licenses#cc-by"
"GRC","2019","24.9","7","precision-limited","EU-SILC","income","2019","24.9","6.959999999999999","2003 - 2023","20260922_2021_01_02_PROD","2026-10-10T15:05:43.529Z","2026-10-10T15:05:43.529Z","false","2026-10-10T15:05:42.520Z","2026-10-08","https://api.worldbank.org/pip/v1/pip?country=all&year=all&fill_gaps=false&reporting_level=national&welfare_type=all&version=20260922_2021_01_02_PROD&format=json","national","national","false","survey","micro","https://datacatalog.worldbank.org/int/public-licenses#cc-by"
"GRC","2020","25.2","6.7","precision-limited","EU-SILC","income","2020","25.15","6.74","2003 - 2023","20260922_2021_01_02_PROD","2026-10-10T15:05:43.529Z","2026-10-10T15:05:43.529Z","false","2026-10-10T15:05:42.520Z","2026-10-08","https://api.worldbank.org/pip/v1/pip?country=all&year=all&fill_gaps=false&reporting_level=national&welfare_type=all&version=20260922_2021_01_02_PROD&format=json","national","national","false","survey","micro","https://datacatalog.worldbank.org/int/public-licenses#cc-by"
"GRC","2021","24.8","7.1","consistent","EU-SILC","income","2021","24.759999999999998","7.07","2003 - 2023","20260922_2021_01_02_PROD","2026-10-10T15:05:43.529Z","2026-10-10T15:05:43.529Z","false","2026-10-10T15:05:42.520Z","2026-10-08","https://api.worldbank.org/pip/v1/pip?country=all&year=all&fill_gaps=false&reporting_level=national&welfare_type=all&version=20260922_2021_01_02_PROD&format=json","national","national","false","survey","micro","https://datacatalog.worldbank.org/int/public-licenses#cc-by"
"GRC","2022","25.7","7.2","consistent","EU-SILC","income","2022","25.729999999999997","7.22","2003 - 2023","20260922_2021_01_02_PROD","2026-10-10T15:05:43.529Z","2026-10-10T15:05:43.529Z","false","2026-10-10T15:05:42.520Z","2026-10-08","https://api.worldbank.org/pip/v1/pip?country=all&year=all&fill_gaps=false&reporting_level=national&welfare_type=all&version=20260922_2021_01_02_PROD&format=json","national","national","false","survey","micro","https://datacatalog.worldbank.org/int/public-licenses#cc-by"
"GRC","2023","26","7.2","precision-limited","EU-SILC","income","2023","25.979999999999997","7.16","2003 - 2023","20260922_2021_01_02_PROD","2026-10-10T15:05:43.529Z","2026-10-10T15:05:43.529Z","false","2026-10-10T15:05:42.520Z","2026-10-08","https://api.worldbank.org/pip/v1/pip?country=all&year=all&fill_gaps=false&reporting_level=national&welfare_type=all&version=20260922_2021_01_02_PROD&format=json","national","national","false","survey","micro","https://datacatalog.worldbank.org/int/public-licenses#cc-by"
"GRD","2018","33.7","5.5","consistent","SLCHB","consumption","2018.36","33.67","5.47","2018","20260922_2021_01_02_PROD","2026-10-10T15:05:43.529Z","2026-10-10T15:05:43.529Z","false","2026-10-10T15:05:42.520Z","2026-10-08","https://api.worldbank.org/pip/v1/pip?country=all&year=all&fill_gaps=false&reporting_level=national&welfare_type=all&version=20260922_2021_01_02_PROD&format=json","national","national","false","survey","micro","https://datacatalog.worldbank.org/int/public-licenses#cc-by"
"GTM","2000","43.9","3.5","consistent","ENCOVI","income","2000","43.86","3.51","2000 - 2023","20260922_2021_01_02_PROD","2026-10-10T15:05:43.529Z","2026-10-10T15:05:43.529Z","false","2026-10-10T15:05:42.520Z","2026-10-08","https://api.worldbank.org/pip/v1/pip?country=all&year=all&fill_gaps=false&reporting_level=national&welfare_type=all&version=20260922_2021_01_02_PROD&format=json","national","national","false","survey","micro","https://datacatalog.worldbank.org/int/public-licenses#cc-by"
"GTM","2006","43","3.1","consistent","ENCOVI","income","2006","43.03","3.1300000000000003","2000 - 2023","20260922_2021_01_02_PROD","2026-10-10T15:05:43.529Z","2026-10-10T15:05:43.529Z","false","2026-10-10T15:05:42.520Z","2026-10-08","https://api.worldbank.org/pip/v1/pip?country=all&year=all&fill_gaps=false&reporting_level=national&welfare_type=all&version=20260922_2021_01_02_PROD&format=json","national","national","false","survey","micro","https://datacatalog.worldbank.org/int/public-licenses#cc-by"
"GTM","2014","38","4.5","consistent","ENCOVI","income","2014","38.019999999999996","4.489999999999999","2000 - 2023","20260922_2021_01_02_PROD","2026-10-10T15:05:43.529Z","2026-10-10T15:05:43.529Z","false","2026-10-10T15:05:42.520Z","2026-10-08","https://api.worldbank.org/pip/v1/pip?country=all&year=all&fill_gaps=false&reporting_level=national&welfare_type=all&version=20260922_2021_01_02_PROD&format=json","national","national","false","survey","micro","https://datacatalog.worldbank.org/int/public-licenses#cc-by"
"GTM","2023","34.1","4.6","consistent","ENCOVI","income","2023","34.11","4.61","2000 - 2023","20260922_2021_01_02_PROD","2026-10-10T15:05:43.529Z","2026-10-10T15:05:43.529Z","false","2026-10-10T15:05:42.520Z","2026-10-08","https://api.worldbank.org/pip/v1/pip?country=all&year=all&fill_gaps=false&reporting_level=national&welfare_type=all&version=20260922_2021_01_02_PROD&format=json","national","national","false","survey","micro","https://datacatalog.worldbank.org/int/public-licenses#cc-by"
"GIN","2002","34","5.8","consistent","EIBEP","consumption","2002.25","33.96","5.800000000000001","2002","20260922_2021_01_02_PROD","2026-10-10T15:05:43.529Z","2026-10-10T15:05:43.529Z","false","2026-10-10T15:05:42.520Z","2026-10-08","https://api.worldbank.org/pip/v1/pip?country=all&year=all&fill_gaps=false&reporting_level=national&welfare_type=all&version=20260922_2021_01_02_PROD&format=json","national","national","false","survey","micro","https://datacatalog.worldbank.org/int/public-licenses#cc-by"
"GIN","2007","30.1","6.3","precision-limited","ELEP","consumption","2007","30.049999999999997","6.3","2007 - 2012","20260922_2021_01_02_PROD","2026-10-10T15:05:43.529Z","2026-10-10T15:05:43.529Z","false","2026-10-10T15:05:42.520Z","2026-10-08","https://api.worldbank.org/pip/v1/pip?country=all&year=all&fill_gaps=false&reporting_level=national&welfare_type=all&version=20260922_2021_01_02_PROD&format=json","national","national","false","survey","micro","https://datacatalog.worldbank.org/int/public-licenses#cc-by"
"GIN","2012","26.4","7.6","precision-limited","ELEP","consumption","2012","26.41","7.5600000000000005","2007 - 2012","20260922_2021_01_02_PROD","2026-10-10T15:05:43.529Z","2026-10-10T15:05:43.529Z","false","2026-10-10T15:05:42.520Z","2026-10-08","https://api.worldbank.org/pip/v1/pip?country=all&year=all&fill_gaps=false&reporting_level=national&welfare_type=all&version=20260922_2021_01_02_PROD&format=json","national","national","false","survey","micro","https://datacatalog.worldbank.org/int/public-licenses#cc-by"
"GIN","2018","23.1","8.5","consistent","EHCVM","consumption","2018.5","23.080000000000002","8.5","2018","20260922_2021_01_02_PROD","2026-10-10T15:05:43.529Z","2026-10-10T15:05:43.529Z","false","2026-10-10T15:05:42.520Z","2026-10-08","https://api.worldbank.org/pip/v1/pip?country=all&year=all&fill_gaps=false&reporting_level=national&welfare_type=all&version=20260922_2021_01_02_PROD&format=json","national","national","false","survey","micro","https://datacatalog.worldbank.org/int/public-licenses#cc-by"
"GNB","2002","28","7.3","precision-limited","ILAP-I","consumption","2002","28.03","7.26","2002","20260922_2021_01_02_PROD","2026-10-10T15:05:43.529Z","2026-10-10T15:05:43.529Z","false","2026-10-10T15:05:42.520Z","2026-10-08","https://api.worldbank.org/pip/v1/pip?country=all&year=all&fill_gaps=false&reporting_level=national&welfare_type=all&version=20260922_2021_01_02_PROD&format=json","national","national","false","survey","micro","https://datacatalog.worldbank.org/int/public-licenses#cc-by"
"GNB","2010","42","4.5","consistent","ILAP-II","consumption","2010","41.959999999999994","4.53","2010","20260922_2021_01_02_PROD","2026-10-10T15:05:43.529Z","2026-10-10T15:05:43.529Z","false","2026-10-10T15:05:42.520Z","2026-10-08","https://api.worldbank.org/pip/v1/pip?country=all&year=all&fill_gaps=false&reporting_level=national&welfare_type=all&version=20260922_2021_01_02_PROD&format=json","national","national","false","survey","micro","https://datacatalog.worldbank.org/int/public-licenses#cc-by"
"GNB","2018","27.6","7.8","precision-limited","EHCVM","consumption","2018.43","27.6","7.84","2018 - 2021","20260922_2021_01_02_PROD","2026-10-10T15:05:43.529Z","2026-10-10T15:05:43.529Z","false","2026-10-10T15:05:42.520Z","2026-10-08","https://api.worldbank.org/pip/v1/pip?country=all&year=all&fill_gaps=false&reporting_level=national&welfare_type=all&version=20260922_2021_01_02_PROD&format=json","national","national","false","survey","micro","https://datacatalog.worldbank.org/int/public-licenses#cc-by"
"GNB","2021","26.1","7.9","consistent","EHCVM","consumption","2021.75","26.13","7.930000000000001","2018 - 2021","20260922_2021_01_02_PROD","2026-10-10T15:05:43.529Z","2026-10-10T15:05:43.529Z","false","2026-10-10T15:05:42.520Z","2026-10-08","https://api.worldbank.org/pip/v1/pip?country=all&year=all&fill_gaps=false&reporting_level=national&welfare_type=all&version=20260922_2021_01_02_PROD&format=json","national","national","false","survey","micro","https://datacatalog.worldbank.org/int/public-licenses#cc-by"
"HTI","2001","47.7","2.6","precision-limited","ECVH","income","2001","47.67","2.64","2001","20260922_2021_01_02_PROD","2026-10-10T15:05:43.529Z","2026-10-10T15:05:43.529Z","false","2026-10-10T15:05:42.520Z","2026-10-08","https://api.worldbank.org/pip/v1/pip?country=all&year=all&fill_gaps=false&reporting_level=national&welfare_type=all&version=20260922_2021_01_02_PROD&format=json","national","national","false","survey","micro","https://datacatalog.worldbank.org/int/public-licenses#cc-by"
"HTI","2012","31.2","5.5","precision-limited","ECVMAS","consumption","2012","31.2","5.540000000000001","2012 - 2012","20260922_2021_01_02_PROD","2026-10-10T15:05:43.529Z","2026-10-10T15:05:43.529Z","false","2026-10-10T15:05:42.520Z","2026-10-08","https://api.worldbank.org/pip/v1/pip?country=all&year=all&fill_gaps=false&reporting_level=national&welfare_type=all&version=20260922_2021_01_02_PROD&format=json","national","national","false","survey","micro","https://datacatalog.worldbank.org/int/public-licenses#cc-by"
"HND","2001","41.6","2.5","consistent","EPHPM","income","2001","41.56","2.52","2001 - 2010","20260922_2021_01_02_PROD","2026-10-10T15:05:43.529Z","2026-10-10T15:05:43.529Z","false","2026-10-10T15:05:42.520Z","2026-10-08","https://api.worldbank.org/pip/v1/pip?country=all&year=all&fill_gaps=false&reporting_level=national&welfare_type=all&version=20260922_2021_01_02_PROD&format=json","national","national","false","survey","micro","https://datacatalog.worldbank.org/int/public-licenses#cc-by"
"HND","2002","42.7","2.6","consistent","EPHPM","income","2002","42.71","2.63","2001 - 2010","20260922_2021_01_02_PROD","2026-10-10T15:05:43.529Z","2026-10-10T15:05:43.529Z","false","2026-10-10T15:05:42.520Z","2026-10-08","https://api.worldbank.org/pip/v1/pip?country=all&year=all&fill_gaps=false&reporting_level=national&welfare_type=all&version=20260922_2021_01_02_PROD&format=json","national","national","false","survey","micro","https://datacatalog.worldbank.org/int/public-licenses#cc-by"
"HND","2003","45","2.4","precision-limited","EPHPM","income","2003","45.04","2.36","2001 - 2010","20260922_2021_01_02_PROD","2026-10-10T15:05:43.529Z","2026-10-10T15:05:43.529Z","false","2026-10-10T15:05:42.520Z","2026-10-08","https://api.worldbank.org/pip/v1/pip?country=all&year=all&fill_gaps=false&reporting_level=national&welfare_type=all&version=20260922_2021_01_02_PROD&format=json","national","national","false","survey","micro","https://datacatalog.worldbank.org/int/public-licenses#cc-by"
"HND","2004","44.9","2.4","precision-limited","EPHPM","income","2004","44.86","2.3600000000000003","2001 - 2010","20260922_2021_01_02_PROD","2026-10-10T15:05:43.529Z","2026-10-10T15:05:43.529Z","false","2026-10-10T15:05:42.520Z","2026-10-08","https://api.worldbank.org/pip/v1/pip?country=all&year=all&fill_gaps=false&reporting_level=national&welfare_type=all&version=20260922_2021_01_02_PROD&format=json","national","national","false","survey","micro","https://datacatalog.worldbank.org/int/public-licenses#cc-by"
"HND","2005","46.1","1.9","consistent","EPHPM","income","2005","46.11","1.9200000000000002","2001 - 2010","20260922_2021_01_02_PROD","2026-10-10T15:05:43.529Z","2026-10-10T15:05:43.529Z","false","2026-10-10T15:05:42.520Z","2026-10-08","https://api.worldbank.org/pip/v1/pip?country=all&year=all&fill_gaps=false&reporting_level=national&welfare_type=all&version=20260922_2021_01_02_PROD&format=json","national","national","false","survey","micro","https://datacatalog.worldbank.org/int/public-licenses#cc-by"
"HND","2006","44","2.1","consistent","EPHPM","income","2006","43.980000000000004","2.13","2001 - 2010","20260922_2021_01_02_PROD","2026-10-10T15:05:43.529Z","2026-10-10T15:05:43.529Z","false","2026-10-10T15:05:42.520Z","2026-10-08","https://api.worldbank.org/pip/v1/pip?country=all&year=all&fill_gaps=false&reporting_level=national&welfare_type=all&version=20260922_2021_01_02_PROD&format=json","national","national","false","survey","micro","https://datacatalog.worldbank.org/int/public-licenses#cc-by"
"HND","2007","43.1","2.8","consistent","EPHPM","income","2007","43.08","2.81","2001 - 2010","20260922_2021_01_02_PROD","2026-10-10T15:05:43.529Z","2026-10-10T15:05:43.529Z","false","2026-10-10T15:05:42.520Z","2026-10-08","https://api.worldbank.org/pip/v1/pip?country=all&year=all&fill_gaps=false&reporting_level=national&welfare_type=all&version=20260922_2021_01_02_PROD&format=json","national","national","false","survey","micro","https://datacatalog.worldbank.org/int/public-licenses#cc-by"
"HND","2008","43","2.7","consistent","EPHPM","income","2008","43.03","2.73","2001 - 2010","20260922_2021_01_02_PROD","2026-10-10T15:05:43.529Z","2026-10-10T15:05:43.529Z","false","2026-10-10T15:05:42.520Z","2026-10-08","https://api.worldbank.org/pip/v1/pip?country=all&year=all&fill_gaps=false&reporting_level=national&welfare_type=all&version=20260922_2021_01_02_PROD&format=json","national","national","false","survey","micro","https://datacatalog.worldbank.org/int/public-licenses#cc-by"
"HND","2009","38.4","3.3","consistent","EPHPM","income","2009","38.41","3.2800000000000002","2001 - 2010","20260922_2021_01_02_PROD","2026-10-10T15:05:43.529Z","2026-10-10T15:05:43.529Z","false","2026-10-10T15:05:42.520Z","2026-10-08","https://api.worldbank.org/pip/v1/pip?country=all&year=all&fill_gaps=false&reporting_level=national&welfare_type=all&version=20260922_2021_01_02_PROD&format=json","national","national","false","survey","micro","https://datacatalog.worldbank.org/int/public-licenses#cc-by"
"HND","2010","40.2","3.1","consistent","EPHPM","income","2010","40.2","3.1199999999999997","2001 - 2010","20260922_2021_01_02_PROD","2026-10-10T15:05:43.529Z","2026-10-10T15:05:43.529Z","false","2026-10-10T15:05:42.520Z","2026-10-08","https://api.worldbank.org/pip/v1/pip?country=all&year=all&fill_gaps=false&reporting_level=national&welfare_type=all&version=20260922_2021_01_02_PROD&format=json","national","national","false","survey","micro","https://datacatalog.worldbank.org/int/public-licenses#cc-by"
"HND","2011","39.7","3.1","precision-limited","EPHPM","income","2011","39.739999999999995","3.05","2011 - 2024","20260922_2021_01_02_PROD","2026-10-10T15:05:43.529Z","2026-10-10T15:05:43.529Z","false","2026-10-10T15:05:42.520Z","2026-10-08","https://api.worldbank.org/pip/v1/pip?country=all&year=all&fill_gaps=false&reporting_level=national&welfare_type=all&version=20260922_2021_01_02_PROD&format=json","national","national","false","survey","micro","https://datacatalog.worldbank.org/int/public-licenses#cc-by"
"HND","2012","40.4","3","consistent","EPHPM","income","2012","40.39","3.0100000000000002","2011 - 2024","20260922_2021_01_02_PROD","2026-10-10T15:05:43.529Z","2026-10-10T15:05:43.529Z","false","2026-10-10T15:05:42.520Z","2026-10-08","https://api.worldbank.org/pip/v1/pip?country=all&year=all&fill_gaps=false&reporting_level=national&welfare_type=all&version=20260922_2021_01_02_PROD&format=json","national","national","false","survey","micro","https://datacatalog.worldbank.org/int/public-licenses#cc-by"
"HND","2013","36.9","3.5","precision-limited","EPHPM","income","2013","36.95","3.45","2011 - 2024","20260922_2021_01_02_PROD","2026-10-10T15:05:43.529Z","2026-10-10T15:05:43.529Z","false","2026-10-10T15:05:42.520Z","2026-10-08","https://api.worldbank.org/pip/v1/pip?country=all&year=all&fill_gaps=false&reporting_level=national&welfare_type=all&version=20260922_2021_01_02_PROD&format=json","national","national","false","survey","micro","https://datacatalog.worldbank.org/int/public-licenses#cc-by"
"HND","2014","37.4","3.7","precision-limited","EPHPM","income","2014","37.36","3.66","2011 - 2024","20260922_2021_01_02_PROD","2026-10-10T15:05:43.529Z","2026-10-10T15:05:43.529Z","false","2026-10-10T15:05:42.520Z","2026-10-08","https://api.worldbank.org/pip/v1/pip?country=all&year=all&fill_gaps=false&reporting_level=national&welfare_type=all&version=20260922_2021_01_02_PROD&format=json","national","national","false","survey","micro","https://datacatalog.worldbank.org/int/public-licenses#cc-by"
"HND","2015","36.6","3.7","consistent","EPHPM","income","2015","36.6","3.71","2011 - 2024","20260922_2021_01_02_PROD","2026-10-10T15:05:43.529Z","2026-10-10T15:05:43.529Z","false","2026-10-10T15:05:42.520Z","2026-10-08","https://api.worldbank.org/pip/v1/pip?country=all&year=all&fill_gaps=false&reporting_level=national&welfare_type=all&version=20260922_2021_01_02_PROD&format=json","national","national","false","survey","micro","https://datacatalog.worldbank.org/int/public-licenses#cc-by"
"HND","2016","36","3.2","consistent","EPHPM","income","2016","36.04","3.2300000000000004","2011 - 2024","20260922_2021_01_02_PROD","2026-10-10T15:05:43.529Z","2026-10-10T15:05:43.529Z","false","2026-10-10T15:05:42.520Z","2026-10-08","https://api.worldbank.org/pip/v1/pip?country=all&year=all&fill_gaps=false&reporting_level=national&welfare_type=all&version=20260922_2021_01_02_PROD&format=json","national","national","false","survey","micro","https://datacatalog.worldbank.org/int/public-licenses#cc-by"
"HND","2017","36.6","3.4","precision-limited","EPHPM","income","2017","36.55","3.42","2011 - 2024","20260922_2021_01_02_PROD","2026-10-10T15:05:43.529Z","2026-10-10T15:05:43.529Z","false","2026-10-10T15:05:42.520Z","2026-10-08","https://api.worldbank.org/pip/v1/pip?country=all&year=all&fill_gaps=false&reporting_level=national&welfare_type=all&version=20260922_2021_01_02_PROD&format=json","national","national","false","survey","micro","https://datacatalog.worldbank.org/int/public-licenses#cc-by"
"HND","2018","35.3","3.4","consistent","EPHPM","income","2018","35.33","3.38","2011 - 2024","20260922_2021_01_02_PROD","2026-10-10T15:05:43.529Z","2026-10-10T15:05:43.529Z","false","2026-10-10T15:05:42.520Z","2026-10-08","https://api.worldbank.org/pip/v1/pip?country=all&year=all&fill_gaps=false&reporting_level=national&welfare_type=all&version=20260922_2021_01_02_PROD&format=json","national","national","false","survey","micro","https://datacatalog.worldbank.org/int/public-licenses#cc-by"
"HND","2019","34.6","3.6","precision-limited","EPHPM","income","2019","34.65","3.58","2011 - 2024","20260922_2021_01_02_PROD","2026-10-10T15:05:43.529Z","2026-10-10T15:05:43.529Z","false","2026-10-10T15:05:42.520Z","2026-10-08","https://api.worldbank.org/pip/v1/pip?country=all&year=all&fill_gaps=false&reporting_level=national&welfare_type=all&version=20260922_2021_01_02_PROD&format=json","national","national","false","survey","micro","https://datacatalog.worldbank.org/int/public-licenses#cc-by"
"HND","2023","33","3.6","consistent","EPHPM","income","2023","33.019999999999996","3.6199999999999997","2011 - 2024","20260922_2021_01_02_PROD","2026-10-10T15:05:43.529Z","2026-10-10T15:05:43.529Z","false","2026-10-10T15:05:42.520Z","2026-10-08","https://api.worldbank.org/pip/v1/pip?country=all&year=all&fill_gaps=false&reporting_level=national&welfare_type=all&version=20260922_2021_01_02_PROD&format=json","national","national","false","survey","micro","https://datacatalog.worldbank.org/int/public-licenses#cc-by"
"HND","2024","32.3","3.7","precision-limited","EPHPM","income","2024","32.25","3.6799999999999997","2011 - 2024","20260922_2021_01_02_PROD","2026-10-10T15:05:43.529Z","2026-10-10T15:05:43.529Z","false","2026-10-10T15:05:42.520Z","2026-10-08","https://api.worldbank.org/pip/v1/pip?country=all&year=all&fill_gaps=false&reporting_level=national&welfare_type=all&version=20260922_2021_01_02_PROD&format=json","national","national","false","survey","micro","https://datacatalog.worldbank.org/int/public-licenses#cc-by"
"HUN","2000","22.8","9.5","precision-limited","HBS","consumption","2000","22.81","9.54","1998 - 2007","20260922_2021_01_02_PROD","2026-10-10T15:05:43.529Z","2026-10-10T15:05:43.529Z","false","2026-10-10T15:05:42.520Z","2026-10-08","https://api.worldbank.org/pip/v1/pip?country=all&year=all&fill_gaps=false&reporting_level=national&welfare_type=all&version=20260922_2021_01_02_PROD&format=json","national","national","false","survey","micro","https://datacatalog.worldbank.org/int/public-licenses#cc-by"
"HUN","2001","22.1","9.4","consistent","HBS","consumption","2001","22.11","9.39","1998 - 2007","20260922_2021_01_02_PROD","2026-10-10T15:05:43.529Z","2026-10-10T15:05:43.529Z","false","2026-10-10T15:05:42.520Z","2026-10-08","https://api.worldbank.org/pip/v1/pip?country=all&year=all&fill_gaps=false&reporting_level=national&welfare_type=all&version=20260922_2021_01_02_PROD&format=json","national","national","false","survey","micro","https://datacatalog.worldbank.org/int/public-licenses#cc-by"
"HUN","2002","22.2","9.5","consistent","HBS","consumption","2002","22.21","9.51","1998 - 2007","20260922_2021_01_02_PROD","2026-10-10T15:05:43.529Z","2026-10-10T15:05:43.529Z","false","2026-10-10T15:05:42.520Z","2026-10-08","https://api.worldbank.org/pip/v1/pip?country=all&year=all&fill_gaps=false&reporting_level=national&welfare_type=all&version=20260922_2021_01_02_PROD&format=json","national","national","false","survey","micro","https://datacatalog.worldbank.org/int/public-licenses#cc-by"
"HUN","2003","24.6","8.2","precision-limited","HBS","consumption","2003","24.65","8.219999999999999","1998 - 2007","20260922_2021_01_02_PROD","2026-10-10T15:05:43.529Z","2026-10-10T15:05:43.529Z","false","2026-10-10T15:05:42.520Z","2026-10-08","https://api.worldbank.org/pip/v1/pip?country=all&year=all&fill_gaps=false&reporting_level=national&welfare_type=all&version=20260922_2021_01_02_PROD&format=json","national","national","false","survey","micro","https://datacatalog.worldbank.org/int/public-licenses#cc-by"
"HUN","2004","24.2","8.3","consistent","EU-SILC","income","2004","24.19","8.33","2004 - 2017","20260922_2021_01_02_PROD","2026-10-10T15:05:43.529Z","2026-10-10T15:05:43.529Z","false","2026-10-10T15:05:42.520Z","2026-10-08","https://api.worldbank.org/pip/v1/pip?country=all&year=all&fill_gaps=false&reporting_level=national&welfare_type=all&version=20260922_2021_01_02_PROD&format=json","national","national","false","survey","micro","https://datacatalog.worldbank.org/int/public-licenses#cc-by"
"HUN","2005","28.1","7.1","consistent","EU-SILC","income","2005","28.07","7.07","2004 - 2017","20260922_2021_01_02_PROD","2026-10-10T15:05:43.529Z","2026-10-10T15:05:43.529Z","false","2026-10-10T15:05:42.520Z","2026-10-08","https://api.worldbank.org/pip/v1/pip?country=all&year=all&fill_gaps=false&reporting_level=national&welfare_type=all&version=20260922_2021_01_02_PROD&format=json","national","national","false","survey","micro","https://datacatalog.worldbank.org/int/public-licenses#cc-by"
"HUN","2006","22.8","8.7","consistent","EU-SILC","income","2006","22.8","8.67","2004 - 2017","20260922_2021_01_02_PROD","2026-10-10T15:05:43.529Z","2026-10-10T15:05:43.529Z","false","2026-10-10T15:05:42.520Z","2026-10-08","https://api.worldbank.org/pip/v1/pip?country=all&year=all&fill_gaps=false&reporting_level=national&welfare_type=all&version=20260922_2021_01_02_PROD&format=json","national","national","false","survey","micro","https://datacatalog.worldbank.org/int/public-licenses#cc-by"
"HUN","2007","22.3","8.7","precision-limited","EU-SILC","income","2007","22.33","8.74","2004 - 2017","20260922_2021_01_02_PROD","2026-10-10T15:05:43.529Z","2026-10-10T15:05:43.529Z","false","2026-10-10T15:05:42.520Z","2026-10-08","https://api.worldbank.org/pip/v1/pip?country=all&year=all&fill_gaps=false&reporting_level=national&welfare_type=all&version=20260922_2021_01_02_PROD&format=json","national","national","false","survey","micro","https://datacatalog.worldbank.org/int/public-licenses#cc-by"
"HUN","2008","22.1","8.8","precision-limited","EU-SILC","income","2008","22.05","8.780000000000001","2004 - 2017","20260922_2021_01_02_PROD","2026-10-10T15:05:43.529Z","2026-10-10T15:05:43.529Z","false","2026-10-10T15:05:42.520Z","2026-10-08","https://api.worldbank.org/pip/v1/pip?country=all&year=all&fill_gaps=false&reporting_level=national&welfare_type=all&version=20260922_2021_01_02_PROD&format=json","national","national","false","survey","micro","https://datacatalog.worldbank.org/int/public-licenses#cc-by"
"HUN","2009","21.5","8.9","precision-limited","EU-SILC","income","2009","21.47","8.85","2004 - 2017","20260922_2021_01_02_PROD","2026-10-10T15:05:43.529Z","2026-10-10T15:05:43.529Z","false","2026-10-10T15:05:42.520Z","2026-10-08","https://api.worldbank.org/pip/v1/pip?country=all&year=all&fill_gaps=false&reporting_level=national&welfare_type=all&version=20260922_2021_01_02_PROD&format=json","national","national","false","survey","micro","https://datacatalog.worldbank.org/int/public-licenses#cc-by"
"HUN","2010","23.1","8.2","consistent","EU-SILC","income","2010","23.1","8.17","2004 - 2017","20260922_2021_01_02_PROD","2026-10-10T15:05:43.529Z","2026-10-10T15:05:43.529Z","false","2026-10-10T15:05:42.520Z","2026-10-08","https://api.worldbank.org/pip/v1/pip?country=all&year=all&fill_gaps=false&reporting_level=national&welfare_type=all&version=20260922_2021_01_02_PROD&format=json","national","national","false","survey","micro","https://datacatalog.worldbank.org/int/public-licenses#cc-by"
"HUN","2011","23.2","8.1","precision-limited","EU-SILC","income","2011","23.16","8.14","2004 - 2017","20260922_2021_01_02_PROD","2026-10-10T15:05:43.529Z","2026-10-10T15:05:43.529Z","false","2026-10-10T15:05:42.520Z","2026-10-08","https://api.worldbank.org/pip/v1/pip?country=all&year=all&fill_gaps=false&reporting_level=national&welfare_type=all&version=20260922_2021_01_02_PROD&format=json","national","national","false","survey","micro","https://datacatalog.worldbank.org/int/public-licenses#cc-by"
"HUN","2012","23.9","7.6","consistent","EU-SILC","income","2012","23.89","7.630000000000001","2004 - 2017","20260922_2021_01_02_PROD","2026-10-10T15:05:43.529Z","2026-10-10T15:05:43.529Z","false","2026-10-10T15:05:42.520Z","2026-10-08","https://api.worldbank.org/pip/v1/pip?country=all&year=all&fill_gaps=false&reporting_level=national&welfare_type=all&version=20260922_2021_01_02_PROD&format=json","national","national","false","survey","micro","https://datacatalog.worldbank.org/int/public-licenses#cc-by"
"HUN","2013","24.4","7.6","precision-limited","EU-SILC","income","2013","24.43","7.55","2004 - 2017","20260922_2021_01_02_PROD","2026-10-10T15:05:43.529Z","2026-10-10T15:05:43.529Z","false","2026-10-10T15:05:42.520Z","2026-10-08","https://api.worldbank.org/pip/v1/pip?country=all&year=all&fill_gaps=false&reporting_level=national&welfare_type=all&version=20260922_2021_01_02_PROD&format=json","national","national","false","survey","micro","https://datacatalog.worldbank.org/int/public-licenses#cc-by"
"HUN","2014","24","7.6","consistent","EU-SILC","income","2014","24.02","7.61","2004 - 2017","20260922_2021_01_02_PROD","2026-10-10T15:05:43.529Z","2026-10-10T15:05:43.529Z","false","2026-10-10T15:05:42.520Z","2026-10-08","https://api.worldbank.org/pip/v1/pip?country=all&year=all&fill_gaps=false&reporting_level=national&welfare_type=all&version=20260922_2021_01_02_PROD&format=json","national","national","false","survey","micro","https://datacatalog.worldbank.org/int/public-licenses#cc-by"
"HUN","2015","23.8","7.8","consistent","EU-SILC","income","2015","23.78","7.830000000000001","2004 - 2017","20260922_2021_01_02_PROD","2026-10-10T15:05:43.529Z","2026-10-10T15:05:43.529Z","false","2026-10-10T15:05:42.520Z","2026-10-08","https://api.worldbank.org/pip/v1/pip?country=all&year=all&fill_gaps=false&reporting_level=national&welfare_type=all&version=20260922_2021_01_02_PROD&format=json","national","national","false","survey","micro","https://datacatalog.worldbank.org/int/public-licenses#cc-by"
"HUN","2016","23.8","8","consistent","EU-SILC","income","2016","23.810000000000002","7.980000000000001","2004 - 2017","20260922_2021_01_02_PROD","2026-10-10T15:05:43.529Z","2026-10-10T15:05:43.529Z","false","2026-10-10T15:05:42.520Z","2026-10-08","https://api.worldbank.org/pip/v1/pip?country=all&year=all&fill_gaps=false&reporting_level=national&welfare_type=all&version=20260922_2021_01_02_PROD&format=json","national","national","false","survey","micro","https://datacatalog.worldbank.org/int/public-licenses#cc-by"
"HUN","2017","23.9","7.9","consistent","EU-SILC","income","2017","23.89","7.930000000000001","2004 - 2017","20260922_2021_01_02_PROD","2026-10-10T15:05:43.529Z","2026-10-10T15:05:43.529Z","false","2026-10-10T15:05:42.520Z","2026-10-08","https://api.worldbank.org/pip/v1/pip?country=all&year=all&fill_gaps=false&reporting_level=national&welfare_type=all&version=20260922_2021_01_02_PROD&format=json","national","national","false","survey","micro","https://datacatalog.worldbank.org/int/public-licenses#cc-by"
"ISL","2003","22.6","9.5","consistent","EU-SILC","income","2003","22.63","9.490000000000002","2003 - 2019","20260922_2021_01_02_PROD","2026-10-10T15:05:43.529Z","2026-10-10T15:05:43.529Z","false","2026-10-10T15:05:42.520Z","2026-10-08","https://api.worldbank.org/pip/v1/pip?country=all&year=all&fill_gaps=false&reporting_level=national&welfare_type=all&version=20260922_2021_01_02_PROD&format=json","national","national","false","survey","micro","https://datacatalog.worldbank.org/int/public-licenses#cc-by"
"ISL","2004","23.7","9.4","consistent","EU-SILC","income","2004","23.73","9.43","2003 - 2019","20260922_2021_01_02_PROD","2026-10-10T15:05:43.529Z","2026-10-10T15:05:43.529Z","false","2026-10-10T15:05:42.520Z","2026-10-08","https://api.worldbank.org/pip/v1/pip?country=all&year=all&fill_gaps=false&reporting_level=national&welfare_type=all&version=20260922_2021_01_02_PROD&format=json","national","national","false","survey","micro","https://datacatalog.worldbank.org/int/public-licenses#cc-by"
"ISL","2005","24.3","9.2","consistent","EU-SILC","income","2005","24.34","9.17","2003 - 2019","20260922_2021_01_02_PROD","2026-10-10T15:05:43.529Z","2026-10-10T15:05:43.529Z","false","2026-10-10T15:05:42.520Z","2026-10-08","https://api.worldbank.org/pip/v1/pip?country=all&year=all&fill_gaps=false&reporting_level=national&welfare_type=all&version=20260922_2021_01_02_PROD&format=json","national","national","false","survey","micro","https://datacatalog.worldbank.org/int/public-licenses#cc-by"
"ISL","2006","25.4","8.9","consistent","EU-SILC","income","2006","25.380000000000003","8.9","2003 - 2019","20260922_2021_01_02_PROD","2026-10-10T15:05:43.529Z","2026-10-10T15:05:43.529Z","false","2026-10-10T15:05:42.520Z","2026-10-08","https://api.worldbank.org/pip/v1/pip?country=all&year=all&fill_gaps=false&reporting_level=national&welfare_type=all&version=20260922_2021_01_02_PROD&format=json","national","national","false","survey","micro","https://datacatalog.worldbank.org/int/public-licenses#cc-by"
"ISL","2007","24.8","9.1","consistent","EU-SILC","income","2007","24.779999999999998","9.07","2003 - 2019","20260922_2021_01_02_PROD","2026-10-10T15:05:43.529Z","2026-10-10T15:05:43.529Z","false","2026-10-10T15:05:42.520Z","2026-10-08","https://api.worldbank.org/pip/v1/pip?country=all&year=all&fill_gaps=false&reporting_level=national&welfare_type=all&version=20260922_2021_01_02_PROD&format=json","national","national","false","survey","micro","https://datacatalog.worldbank.org/int/public-licenses#cc-by"
"ISL","2008","27.1","8.6","precision-limited","EU-SILC","income","2008","27.060000000000002","8.64","2003 - 2019","20260922_2021_01_02_PROD","2026-10-10T15:05:43.529Z","2026-10-10T15:05:43.529Z","false","2026-10-10T15:05:42.520Z","2026-10-08","https://api.worldbank.org/pip/v1/pip?country=all&year=all&fill_gaps=false&reporting_level=national&welfare_type=all&version=20260922_2021_01_02_PROD&format=json","national","national","false","survey","micro","https://datacatalog.worldbank.org/int/public-licenses#cc-by"
"ISL","2009","24","9.1","consistent","EU-SILC","income","2009","23.97","9.07","2003 - 2019","20260922_2021_01_02_PROD","2026-10-10T15:05:43.529Z","2026-10-10T15:05:43.529Z","false","2026-10-10T15:05:42.520Z","2026-10-08","https://api.worldbank.org/pip/v1/pip?country=all&year=all&fill_gaps=false&reporting_level=national&welfare_type=all&version=20260922_2021_01_02_PROD&format=json","national","national","false","survey","micro","https://datacatalog.worldbank.org/int/public-licenses#cc-by"
"ISL","2010","22","9.5","precision-limited","EU-SILC","income","2010","22","9.55","2003 - 2019","20260922_2021_01_02_PROD","2026-10-10T15:05:43.529Z","2026-10-10T15:05:43.529Z","false","2026-10-10T15:05:42.520Z","2026-10-08","https://api.worldbank.org/pip/v1/pip?country=all&year=all&fill_gaps=false&reporting_level=national&welfare_type=all&version=20260922_2021_01_02_PROD&format=json","national","national","false","survey","micro","https://datacatalog.worldbank.org/int/public-licenses#cc-by"
"ISL","2011","22.1","9.3","consistent","EU-SILC","income","2011","22.13","9.27","2003 - 2019","20260922_2021_01_02_PROD","2026-10-10T15:05:43.529Z","2026-10-10T15:05:43.529Z","false","2026-10-10T15:05:42.520Z","2026-10-08","https://api.worldbank.org/pip/v1/pip?country=all&year=all&fill_gaps=false&reporting_level=national&welfare_type=all&version=20260922_2021_01_02_PROD&format=json","national","national","false","survey","micro","https://datacatalog.worldbank.org/int/public-licenses#cc-by"
"ISL","2012","22.1","9.3","consistent","EU-SILC","income","2012","22.07","9.3","2003 - 2019","20260922_2021_01_02_PROD","2026-10-10T15:05:43.529Z","2026-10-10T15:05:43.529Z","false","2026-10-10T15:05:42.520Z","2026-10-08","https://api.worldbank.org/pip/v1/pip?country=all&year=all&fill_gaps=false&reporting_level=national&welfare_type=all&version=20260922_2021_01_02_PROD&format=json","national","national","false","survey","micro","https://datacatalog.worldbank.org/int/public-licenses#cc-by"
"ISL","2013","21.3","9.9","consistent","EU-SILC","income","2013","21.32","9.870000000000001","2003 - 2019","20260922_2021_01_02_PROD","2026-10-10T15:05:43.529Z","2026-10-10T15:05:43.529Z","false","2026-10-10T15:05:42.520Z","2026-10-08","https://api.worldbank.org/pip/v1/pip?country=all&year=all&fill_gaps=false&reporting_level=national&welfare_type=all&version=20260922_2021_01_02_PROD&format=json","national","national","false","survey","micro","https://datacatalog.worldbank.org/int/public-licenses#cc-by"
"ISL","2014","23.5","9.4","consistent","EU-SILC","income","2014","23.48","9.409999999999998","2003 - 2019","20260922_2021_01_02_PROD","2026-10-10T15:05:43.529Z","2026-10-10T15:05:43.529Z","false","2026-10-10T15:05:42.520Z","2026-10-08","https://api.worldbank.org/pip/v1/pip?country=all&year=all&fill_gaps=false&reporting_level=national&welfare_type=all&version=20260922_2021_01_02_PROD&format=json","national","national","false","survey","micro","https://datacatalog.worldbank.org/int/public-licenses#cc-by"
"ISL","2015","22.5","9.5","consistent","EU-SILC","income","2015","22.5","9.51","2003 - 2019","20260922_2021_01_02_PROD","2026-10-10T15:05:43.529Z","2026-10-10T15:05:43.529Z","false","2026-10-10T15:05:42.520Z","2026-10-08","https://api.worldbank.org/pip/v1/pip?country=all&year=all&fill_gaps=false&reporting_level=national&welfare_type=all&version=20260922_2021_01_02_PROD&format=json","national","national","false","survey","micro","https://datacatalog.worldbank.org/int/public-licenses#cc-by"
"ISL","2016","22.8","9.4","consistent","EU-SILC","income","2016","22.759999999999998","9.370000000000001","2003 - 2019","20260922_2021_01_02_PROD","2026-10-10T15:05:43.529Z","2026-10-10T15:05:43.529Z","false","2026-10-10T15:05:42.520Z","2026-10-08","https://api.worldbank.org/pip/v1/pip?country=all&year=all&fill_gaps=false&reporting_level=national&welfare_type=all&version=20260922_2021_01_02_PROD&format=json","national","national","false","survey","micro","https://datacatalog.worldbank.org/int/public-licenses#cc-by"
"ISL","2017","22","9.7","precision-limited","EU-SILC","income","2017","22.05","9.700000000000001","2003 - 2019","20260922_2021_01_02_PROD","2026-10-10T15:05:43.529Z","2026-10-10T15:05:43.529Z","false","2026-10-10T15:05:42.520Z","2026-10-08","https://api.worldbank.org/pip/v1/pip?country=all&year=all&fill_gaps=false&reporting_level=national&welfare_type=all&version=20260922_2021_01_02_PROD&format=json","national","national","false","survey","micro","https://datacatalog.worldbank.org/int/public-licenses#cc-by"
"ISL","2018","21.7","9.2","precision-limited","EU-SILC","income","2018","21.709999999999997","9.16","2003 - 2019","20260922_2021_01_02_PROD","2026-10-10T15:05:43.529Z","2026-10-10T15:05:43.529Z","false","2026-10-10T15:05:42.520Z","2026-10-08","https://api.worldbank.org/pip/v1/pip?country=all&year=all&fill_gaps=false&reporting_level=national&welfare_type=all&version=20260922_2021_01_02_PROD&format=json","national","national","false","survey","micro","https://datacatalog.worldbank.org/int/public-licenses#cc-by"
"ISL","2019","22.4","9.4","precision-limited","EU-SILC","income","2019","22.41","9.36","2003 - 2019","20260922_2021_01_02_PROD","2026-10-10T15:05:43.529Z","2026-10-10T15:05:43.529Z","false","2026-10-10T15:05:42.520Z","2026-10-08","https://api.worldbank.org/pip/v1/pip?country=all&year=all&fill_gaps=false&reporting_level=national&welfare_type=all&version=20260922_2021_01_02_PROD&format=json","national","national","false","survey","micro","https://datacatalog.worldbank.org/int/public-licenses#cc-by"
"IND","2004","24.1","10","precision-limited","NSS-SCH1","consumption","2004.5","24.11","10.05","1993 - 2009","20260922_2021_01_02_PROD","2026-10-10T15:05:43.529Z","2026-10-10T15:05:43.529Z","false","2026-10-10T15:05:42.520Z","2026-10-08","https://api.worldbank.org/pip/v1/pip?country=all&year=all&fill_gaps=false&reporting_level=national&welfare_type=all&version=20260922_2021_01_02_PROD&format=json","national","national","false","survey","micro","https://datacatalog.worldbank.org/int/public-licenses#cc-by"
"IND","2009","24.2","10","consistent","NSS-SCH1","consumption","2009.5","24.2","9.97","1993 - 2009","20260922_2021_01_02_PROD","2026-10-10T15:05:43.529Z","2026-10-10T15:05:43.529Z","false","2026-10-10T15:05:42.520Z","2026-10-08","https://api.worldbank.org/pip/v1/pip?country=all&year=all&fill_gaps=false&reporting_level=national&welfare_type=all&version=20260922_2021_01_02_PROD&format=json","national","national","false","survey","micro","https://datacatalog.worldbank.org/int/public-licenses#cc-by"
"IND","2011","24.8","9.7","consistent","NSS-SCH2","consumption","2011.5","24.8","9.73","2011","20260922_2021_01_02_PROD","2026-10-10T15:05:43.529Z","2026-10-10T15:05:43.529Z","false","2026-10-10T15:05:42.520Z","2026-10-08","https://api.worldbank.org/pip/v1/pip?country=all&year=all&fill_gaps=false&reporting_level=national&welfare_type=all&version=20260922_2021_01_02_PROD&format=json","national","national","false","survey","micro","https://datacatalog.worldbank.org/int/public-licenses#cc-by"
"IND","2022","22.1","10.4","precision-limited","HCES","consumption","2022.58","22.13","10.36","2022 - 2023","20260922_2021_01_02_PROD","2026-10-10T15:05:43.529Z","2026-10-10T15:05:43.529Z","false","2026-10-10T15:05:42.520Z","2026-10-08","https://api.worldbank.org/pip/v1/pip?country=all&year=all&fill_gaps=false&reporting_level=national&welfare_type=all&version=20260922_2021_01_02_PROD&format=json","national","national","false","survey","micro","https://datacatalog.worldbank.org/int/public-licenses#cc-by"
"IND","2023","20.5","11.1","consistent","HCES","consumption","2023.58","20.52","11.069999999999999","2022 - 2023","20260922_2021_01_02_PROD","2026-10-10T15:05:43.529Z","2026-10-10T15:05:43.529Z","false","2026-10-10T15:05:42.520Z","2026-10-08","https://api.worldbank.org/pip/v1/pip?country=all&year=all&fill_gaps=false&reporting_level=national&welfare_type=all&version=20260922_2021_01_02_PROD&format=json","national","national","false","survey","micro","https://datacatalog.worldbank.org/int/public-licenses#cc-by"
"IDN","2000","25.6","9.2","consistent","SUSENAS","consumption","2000","25.590000000000003","9.22","2000 - 2001","20260922_2021_01_02_PROD","2026-10-10T15:05:43.529Z","2026-10-10T15:05:43.529Z","false","2026-10-10T15:05:42.520Z","2026-10-08","https://api.worldbank.org/pip/v1/pip?country=all&year=all&fill_gaps=false&reporting_level=national&welfare_type=all&version=20260922_2021_01_02_PROD&format=json","national","national","false","survey","micro","https://datacatalog.worldbank.org/int/public-licenses#cc-by"
"IDN","2001","26.3","9.1","consistent","SUSENAS","consumption","2001","26.3","9.07","2000 - 2001","20260922_2021_01_02_PROD","2026-10-10T15:05:43.529Z","2026-10-10T15:05:43.529Z","false","2026-10-10T15:05:42.520Z","2026-10-08","https://api.worldbank.org/pip/v1/pip?country=all&year=all&fill_gaps=false&reporting_level=national&welfare_type=all&version=20260922_2021_01_02_PROD&format=json","national","national","false","survey","micro","https://datacatalog.worldbank.org/int/public-licenses#cc-by"
"IDN","2002","25.9","9.5","consistent","SUSENAS","consumption","2002","25.919999999999998","9.47","2002 - 2004","20260922_2021_01_02_PROD","2026-10-10T15:05:43.529Z","2026-10-10T15:05:43.529Z","false","2026-10-10T15:05:42.520Z","2026-10-08","https://api.worldbank.org/pip/v1/pip?country=all&year=all&fill_gaps=false&reporting_level=national&welfare_type=all&version=20260922_2021_01_02_PROD&format=json","national","national","false","survey","micro","https://datacatalog.worldbank.org/int/public-licenses#cc-by"
"IDN","2003","24.6","9.4","consistent","SUSENAS","consumption","2003","24.610000000000003","9.42","2002 - 2004","20260922_2021_01_02_PROD","2026-10-10T15:05:43.529Z","2026-10-10T15:05:43.529Z","false","2026-10-10T15:05:42.520Z","2026-10-08","https://api.worldbank.org/pip/v1/pip?country=all&year=all&fill_gaps=false&reporting_level=national&welfare_type=all&version=20260922_2021_01_02_PROD&format=json","national","national","false","survey","micro","https://datacatalog.worldbank.org/int/public-licenses#cc-by"
"IDN","2004","25.3","9","consistent","SUSENAS","consumption","2004","25.34","9.03","2002 - 2004","20260922_2021_01_02_PROD","2026-10-10T15:05:43.529Z","2026-10-10T15:05:43.529Z","false","2026-10-10T15:05:42.520Z","2026-10-08","https://api.worldbank.org/pip/v1/pip?country=all&year=all&fill_gaps=false&reporting_level=national&welfare_type=all&version=20260922_2021_01_02_PROD&format=json","national","national","false","survey","micro","https://datacatalog.worldbank.org/int/public-licenses#cc-by"
"IDN","2005","25.1","9.2","consistent","SUSENAS","consumption","2005","25.1","9.17","2005 - 2010","20260922_2021_01_02_PROD","2026-10-10T15:05:43.529Z","2026-10-10T15:05:43.529Z","false","2026-10-10T15:05:42.520Z","2026-10-08","https://api.worldbank.org/pip/v1/pip?country=all&year=all&fill_gaps=false&reporting_level=national&welfare_type=all&version=20260922_2021_01_02_PROD&format=json","national","national","false","survey","micro","https://datacatalog.worldbank.org/int/public-licenses#cc-by"
"IDN","2006","26.1","8.7","precision-limited","SUSENAS","consumption","2006","26.05","8.690000000000001","2005 - 2010","20260922_2021_01_02_PROD","2026-10-10T15:05:43.529Z","2026-10-10T15:05:43.529Z","false","2026-10-10T15:05:42.520Z","2026-10-08","https://api.worldbank.org/pip/v1/pip?country=all&year=all&fill_gaps=false&reporting_level=national&welfare_type=all&version=20260922_2021_01_02_PROD&format=json","national","national","false","survey","micro","https://datacatalog.worldbank.org/int/public-licenses#cc-by"
"IDN","2007","27.3","8.4","consistent","SUSENAS","consumption","2007","27.29","8.42","2005 - 2010","20260922_2021_01_02_PROD","2026-10-10T15:05:43.529Z","2026-10-10T15:05:43.529Z","false","2026-10-10T15:05:42.520Z","2026-10-08","https://api.worldbank.org/pip/v1/pip?country=all&year=all&fill_gaps=false&reporting_level=national&welfare_type=all&version=20260922_2021_01_02_PROD&format=json","national","national","false","survey","micro","https://datacatalog.worldbank.org/int/public-licenses#cc-by"
"IDN","2008","26.9","8.5","precision-limited","SUSENAS","consumption","2008","26.88","8.549999999999999","2005 - 2010","20260922_2021_01_02_PROD","2026-10-10T15:05:43.529Z","2026-10-10T15:05:43.529Z","false","2026-10-10T15:05:42.520Z","2026-10-08","https://api.worldbank.org/pip/v1/pip?country=all&year=all&fill_gaps=false&reporting_level=national&welfare_type=all&version=20260922_2021_01_02_PROD&format=json","national","national","false","survey","micro","https://datacatalog.worldbank.org/int/public-licenses#cc-by"
"IDN","2009","27.8","8.4","consistent","SUSENAS","consumption","2009","27.79","8.43","2005 - 2010","20260922_2021_01_02_PROD","2026-10-10T15:05:43.529Z","2026-10-10T15:05:43.529Z","false","2026-10-10T15:05:42.520Z","2026-10-08","https://api.worldbank.org/pip/v1/pip?country=all&year=all&fill_gaps=false&reporting_level=national&welfare_type=all&version=20260922_2021_01_02_PROD&format=json","national","national","false","survey","micro","https://datacatalog.worldbank.org/int/public-licenses#cc-by"
"IDN","2010","27.8","8.1","precision-limited","SUSENAS","consumption","2010","27.800000000000004","8.05","2005 - 2010","20260922_2021_01_02_PROD","2026-10-10T15:05:43.529Z","2026-10-10T15:05:43.529Z","false","2026-10-10T15:05:42.520Z","2026-10-08","https://api.worldbank.org/pip/v1/pip?country=all&year=all&fill_gaps=false&reporting_level=national&welfare_type=all&version=20260922_2021_01_02_PROD&format=json","national","national","false","survey","micro","https://datacatalog.worldbank.org/int/public-licenses#cc-by"
"IDN","2011","30.9","7.5","consistent","SUSENAS","consumption","2011","30.919999999999998","7.51","2011 - 2014","20260922_2021_01_02_PROD","2026-10-10T15:05:43.529Z","2026-10-10T15:05:43.529Z","false","2026-10-10T15:05:42.520Z","2026-10-08","https://api.worldbank.org/pip/v1/pip?country=all&year=all&fill_gaps=false&reporting_level=national&welfare_type=all&version=20260922_2021_01_02_PROD&format=json","national","national","false","survey","micro","https://datacatalog.worldbank.org/int/public-licenses#cc-by"
"IDN","2012","30.5","7.7","consistent","SUSENAS","consumption","2012","30.470000000000002","7.73","2011 - 2014","20260922_2021_01_02_PROD","2026-10-10T15:05:43.529Z","2026-10-10T15:05:43.529Z","false","2026-10-10T15:05:42.520Z","2026-10-08","https://api.worldbank.org/pip/v1/pip?country=all&year=all&fill_gaps=false&reporting_level=national&welfare_type=all&version=20260922_2021_01_02_PROD&format=json","national","national","false","survey","micro","https://datacatalog.worldbank.org/int/public-licenses#cc-by"
"IDN","2013","31.5","7.4","consistent","SUSENAS","consumption","2013","31.540000000000003","7.37","2011 - 2014","20260922_2021_01_02_PROD","2026-10-10T15:05:43.529Z","2026-10-10T15:05:43.529Z","false","2026-10-10T15:05:42.520Z","2026-10-08","https://api.worldbank.org/pip/v1/pip?country=all&year=all&fill_gaps=false&reporting_level=national&welfare_type=all&version=20260922_2021_01_02_PROD&format=json","national","national","false","survey","micro","https://datacatalog.worldbank.org/int/public-licenses#cc-by"
"IDN","2014","31.5","7.4","consistent","SUSENAS","consumption","2014","31.480000000000004","7.37","2011 - 2014","20260922_2021_01_02_PROD","2026-10-10T15:05:43.529Z","2026-10-10T15:05:43.529Z","false","2026-10-10T15:05:42.520Z","2026-10-08","https://api.worldbank.org/pip/v1/pip?country=all&year=all&fill_gaps=false&reporting_level=national&welfare_type=all&version=20260922_2021_01_02_PROD&format=json","national","national","false","survey","micro","https://datacatalog.worldbank.org/int/public-licenses#cc-by"
"IDN","2015","31.5","7.4","precision-limited","SUSENAS","consumption","2015","31.55","7.3999999999999995","2015 - 2025","20260922_2021_01_02_PROD","2026-10-10T15:05:43.529Z","2026-10-10T15:05:43.529Z","false","2026-10-10T15:05:42.520Z","2026-10-08","https://api.worldbank.org/pip/v1/pip?country=all&year=all&fill_gaps=false&reporting_level=national&welfare_type=all&version=20260922_2021_01_02_PROD&format=json","national","national","false","survey","micro","https://datacatalog.worldbank.org/int/public-licenses#cc-by"
"IDN","2016","29.4","7.4","consistent","SUSENAS","consumption","2016","29.38","7.41","2015 - 2025","20260922_2021_01_02_PROD","2026-10-10T15:05:43.529Z","2026-10-10T15:05:43.529Z","false","2026-10-10T15:05:42.520Z","2026-10-08","https://api.worldbank.org/pip/v1/pip?country=all&year=all&fill_gaps=false&reporting_level=national&welfare_type=all&version=20260922_2021_01_02_PROD&format=json","national","national","false","survey","micro","https://datacatalog.worldbank.org/int/public-licenses#cc-by"
"IDN","2017","28.6","7.4","precision-limited","SUSENAS","consumption","2017","28.549999999999997","7.380000000000001","2015 - 2025","20260922_2021_01_02_PROD","2026-10-10T15:05:43.529Z","2026-10-10T15:05:43.529Z","false","2026-10-10T15:05:42.520Z","2026-10-08","https://api.worldbank.org/pip/v1/pip?country=all&year=all&fill_gaps=false&reporting_level=national&welfare_type=all&version=20260922_2021_01_02_PROD&format=json","national","national","false","survey","micro","https://datacatalog.worldbank.org/int/public-licenses#cc-by"
"IDN","2018","28.5","7.4","precision-limited","SUSENAS","consumption","2018","28.52","7.35","2015 - 2025","20260922_2021_01_02_PROD","2026-10-10T15:05:43.529Z","2026-10-10T15:05:43.529Z","false","2026-10-10T15:05:42.520Z","2026-10-08","https://api.worldbank.org/pip/v1/pip?country=all&year=all&fill_gaps=false&reporting_level=national&welfare_type=all&version=20260922_2021_01_02_PROD&format=json","national","national","false","survey","micro","https://datacatalog.worldbank.org/int/public-licenses#cc-by"
"IDN","2019","27.8","7.6","consistent","SUSENAS","consumption","2019","27.839999999999996","7.619999999999999","2015 - 2025","20260922_2021_01_02_PROD","2026-10-10T15:05:43.529Z","2026-10-10T15:05:43.529Z","false","2026-10-10T15:05:42.520Z","2026-10-08","https://api.worldbank.org/pip/v1/pip?country=all&year=all&fill_gaps=false&reporting_level=national&welfare_type=all&version=20260922_2021_01_02_PROD&format=json","national","national","false","survey","micro","https://datacatalog.worldbank.org/int/public-licenses#cc-by"
"IDN","2020","27.9","7.6","precision-limited","SUSENAS","consumption","2020","27.93","7.64","2015 - 2025","20260922_2021_01_02_PROD","2026-10-10T15:05:43.529Z","2026-10-10T15:05:43.529Z","false","2026-10-10T15:05:42.520Z","2026-10-08","https://api.worldbank.org/pip/v1/pip?country=all&year=all&fill_gaps=false&reporting_level=national&welfare_type=all&version=20260922_2021_01_02_PROD&format=json","national","national","false","survey","micro","https://datacatalog.worldbank.org/int/public-licenses#cc-by"
"IDN","2021","28.3","7.6","precision-limited","SUSENAS","consumption","2021","28.349999999999998","7.6499999999999995","2015 - 2025","20260922_2021_01_02_PROD","2026-10-10T15:05:43.529Z","2026-10-10T15:05:43.529Z","false","2026-10-10T15:05:42.520Z","2026-10-08","https://api.worldbank.org/pip/v1/pip?country=all&year=all&fill_gaps=false&reporting_level=national&welfare_type=all&version=20260922_2021_01_02_PROD&format=json","national","national","false","survey","micro","https://datacatalog.worldbank.org/int/public-licenses#cc-by"
"IDN","2022","29","7.8","precision-limited","SUSENAS","consumption","2022","29.020000000000003","7.84","2015 - 2025","20260922_2021_01_02_PROD","2026-10-10T15:05:43.529Z","2026-10-10T15:05:43.529Z","false","2026-10-10T15:05:42.520Z","2026-10-08","https://api.worldbank.org/pip/v1/pip?country=all&year=all&fill_gaps=false&reporting_level=national&welfare_type=all&version=20260922_2021_01_02_PROD&format=json","national","national","false","survey","micro","https://datacatalog.worldbank.org/int/public-licenses#cc-by"
"IDN","2023","29.9","7.9","precision-limited","SUSENAS","consumption","2023","29.86","7.86","2015 - 2025","20260922_2021_01_02_PROD","2026-10-10T15:05:43.529Z","2026-10-10T15:05:43.529Z","false","2026-10-10T15:05:42.520Z","2026-10-08","https://api.worldbank.org/pip/v1/pip?country=all&year=all&fill_gaps=false&reporting_level=national&welfare_type=all&version=20260922_2021_01_02_PROD&format=json","national","national","false","survey","micro","https://datacatalog.worldbank.org/int/public-licenses#cc-by"
"IDN","2024","28.8","8.1","precision-limited","SUSENAS","consumption","2024","28.849999999999998","8.12","2015 - 2025","20260922_2021_01_02_PROD","2026-10-10T15:05:43.529Z","2026-10-10T15:05:43.529Z","false","2026-10-10T15:05:42.520Z","2026-10-08","https://api.worldbank.org/pip/v1/pip?country=all&year=all&fill_gaps=false&reporting_level=national&welfare_type=all&version=20260922_2021_01_02_PROD&format=json","national","national","false","survey","micro","https://datacatalog.worldbank.org/int/public-licenses#cc-by"
"IDN","2025","28.7","8.3","precision-limited","SUSENAS","consumption","2025","28.68","8.249999999999998","2015 - 2025","20260922_2021_01_02_PROD","2026-10-10T15:05:43.529Z","2026-10-10T15:05:43.529Z","false","2026-10-10T15:05:42.520Z","2026-10-08","https://api.worldbank.org/pip/v1/pip?country=all&year=all&fill_gaps=false&reporting_level=national&welfare_type=all&version=20260922_2021_01_02_PROD&format=json","national","national","false","survey","micro","https://datacatalog.worldbank.org/int/public-licenses#cc-by"
"IRN","2005","33.3","5.3","consistent","HEIS","consumption","2005.23","33.31","5.28","2005 - 2009","20260922_2021_01_02_PROD","2026-10-10T15:05:43.529Z","2026-10-10T15:05:43.529Z","false","2026-10-10T15:05:42.520Z","2026-10-08","https://api.worldbank.org/pip/v1/pip?country=all&year=all&fill_gaps=false&reporting_level=national&welfare_type=all&version=20260922_2021_01_02_PROD&format=json","national","national","false","survey","micro","https://datacatalog.worldbank.org/int/public-licenses#cc-by"
"IRN","2006","34","5","precision-limited","HEIS","consumption","2006.23","33.989999999999995","5.04","2005 - 2009","20260922_2021_01_02_PROD","2026-10-10T15:05:43.529Z","2026-10-10T15:05:43.529Z","false","2026-10-10T15:05:42.520Z","2026-10-08","https://api.worldbank.org/pip/v1/pip?country=all&year=all&fill_gaps=false&reporting_level=national&welfare_type=all&version=20260922_2021_01_02_PROD&format=json","national","national","false","survey","micro","https://datacatalog.worldbank.org/int/public-licenses#cc-by"
"IRN","2009","31.3","5.3","precision-limited","HEIS","consumption","2009.23","31.25","5.319999999999999","2005 - 2009","20260922_2021_01_02_PROD","2026-10-10T15:05:43.529Z","2026-10-10T15:05:43.529Z","false","2026-10-10T15:05:42.520Z","2026-10-08","https://api.worldbank.org/pip/v1/pip?country=all&year=all&fill_gaps=false&reporting_level=national&welfare_type=all&version=20260922_2021_01_02_PROD&format=json","national","national","false","survey","micro","https://datacatalog.worldbank.org/int/public-licenses#cc-by"
"IRN","2011","26.7","7.3","consistent","HEIS","consumption","2011.23","26.71","7.28","2011 - 2023","20260922_2021_01_02_PROD","2026-10-10T15:05:43.529Z","2026-10-10T15:05:43.529Z","false","2026-10-10T15:05:42.520Z","2026-10-08","https://api.worldbank.org/pip/v1/pip?country=all&year=all&fill_gaps=false&reporting_level=national&welfare_type=all&version=20260922_2021_01_02_PROD&format=json","national","national","false","survey","micro","https://datacatalog.worldbank.org/int/public-licenses#cc-by"
"IRN","2012","26.9","7.5","consistent","HEIS","consumption","2012.23","26.919999999999998","7.48","2011 - 2023","20260922_2021_01_02_PROD","2026-10-10T15:05:43.529Z","2026-10-10T15:05:43.529Z","false","2026-10-10T15:05:42.520Z","2026-10-08","https://api.worldbank.org/pip/v1/pip?country=all&year=all&fill_gaps=false&reporting_level=national&welfare_type=all&version=20260922_2021_01_02_PROD&format=json","national","national","false","survey","micro","https://datacatalog.worldbank.org/int/public-licenses#cc-by"
"IRN","2013","26.7","7.6","precision-limited","HEIS","consumption","2013.23","26.68","7.64","2011 - 2023","20260922_2021_01_02_PROD","2026-10-10T15:05:43.529Z","2026-10-10T15:05:43.529Z","false","2026-10-10T15:05:42.520Z","2026-10-08","https://api.worldbank.org/pip/v1/pip?country=all&year=all&fill_gaps=false&reporting_level=national&welfare_type=all&version=20260922_2021_01_02_PROD&format=json","national","national","false","survey","micro","https://datacatalog.worldbank.org/int/public-licenses#cc-by"
"IRN","2014","27.1","7.2","precision-limited","HEIS","consumption","2014.23","27.1","7.24","2011 - 2023","20260922_2021_01_02_PROD","2026-10-10T15:05:43.529Z","2026-10-10T15:05:43.529Z","false","2026-10-10T15:05:42.520Z","2026-10-08","https://api.worldbank.org/pip/v1/pip?country=all&year=all&fill_gaps=false&reporting_level=national&welfare_type=all&version=20260922_2021_01_02_PROD&format=json","national","national","false","survey","micro","https://datacatalog.worldbank.org/int/public-licenses#cc-by"
"IRN","2015","27.6","7.2","precision-limited","HEIS","consumption","2015.23","27.589999999999996","7.24","2011 - 2023","20260922_2021_01_02_PROD","2026-10-10T15:05:43.529Z","2026-10-10T15:05:43.529Z","false","2026-10-10T15:05:42.520Z","2026-10-08","https://api.worldbank.org/pip/v1/pip?country=all&year=all&fill_gaps=false&reporting_level=national&welfare_type=all&version=20260922_2021_01_02_PROD&format=json","national","national","false","survey","micro","https://datacatalog.worldbank.org/int/public-licenses#cc-by"
"IRN","2016","28.1","7.1","consistent","HEIS","consumption","2016.23","28.139999999999997","7.13","2011 - 2023","20260922_2021_01_02_PROD","2026-10-10T15:05:43.529Z","2026-10-10T15:05:43.529Z","false","2026-10-10T15:05:42.520Z","2026-10-08","https://api.worldbank.org/pip/v1/pip?country=all&year=all&fill_gaps=false&reporting_level=national&welfare_type=all&version=20260922_2021_01_02_PROD&format=json","national","national","false","survey","micro","https://datacatalog.worldbank.org/int/public-licenses#cc-by"
"IRN","2017","28.3","6.9","consistent","HEIS","consumption","2017.23","28.33","6.88","2011 - 2023","20260922_2021_01_02_PROD","2026-10-10T15:05:43.529Z","2026-10-10T15:05:43.529Z","false","2026-10-10T15:05:42.520Z","2026-10-08","https://api.worldbank.org/pip/v1/pip?country=all&year=all&fill_gaps=false&reporting_level=national&welfare_type=all&version=20260922_2021_01_02_PROD&format=json","national","national","false","survey","micro","https://datacatalog.worldbank.org/int/public-licenses#cc-by"
"IRN","2018","29.1","6.8","consistent","HEIS","consumption","2018.23","29.110000000000003","6.800000000000001","2011 - 2023","20260922_2021_01_02_PROD","2026-10-10T15:05:43.529Z","2026-10-10T15:05:43.529Z","false","2026-10-10T15:05:42.520Z","2026-10-08","https://api.worldbank.org/pip/v1/pip?country=all&year=all&fill_gaps=false&reporting_level=national&welfare_type=all&version=20260922_2021_01_02_PROD&format=json","national","national","false","survey","micro","https://datacatalog.worldbank.org/int/public-licenses#cc-by"
"IRN","2019","28.3","6.9","consistent","HEIS","consumption","2019.23","28.29","6.909999999999999","2011 - 2023","20260922_2021_01_02_PROD","2026-10-10T15:05:43.529Z","2026-10-10T15:05:43.529Z","false","2026-10-10T15:05:42.520Z","2026-10-08","https://api.worldbank.org/pip/v1/pip?country=all&year=all&fill_gaps=false&reporting_level=national&welfare_type=all&version=20260922_2021_01_02_PROD&format=json","national","national","false","survey","micro","https://datacatalog.worldbank.org/int/public-licenses#cc-by"
"IRN","2020","27.6","7","consistent","HEIS","consumption","2020.23","27.6","6.98","2011 - 2023","20260922_2021_01_02_PROD","2026-10-10T15:05:43.529Z","2026-10-10T15:05:43.529Z","false","2026-10-10T15:05:42.520Z","2026-10-08","https://api.worldbank.org/pip/v1/pip?country=all&year=all&fill_gaps=false&reporting_level=national&welfare_type=all&version=20260922_2021_01_02_PROD&format=json","national","national","false","survey","micro","https://datacatalog.worldbank.org/int/public-licenses#cc-by"
"IRN","2021","27.2","7","precision-limited","HEIS","consumption","2021.23","27.150000000000002","6.959999999999999","2011 - 2023","20260922_2021_01_02_PROD","2026-10-10T15:05:43.529Z","2026-10-10T15:05:43.529Z","false","2026-10-10T15:05:42.520Z","2026-10-08","https://api.worldbank.org/pip/v1/pip?country=all&year=all&fill_gaps=false&reporting_level=national&welfare_type=all&version=20260922_2021_01_02_PROD&format=json","national","national","false","survey","micro","https://datacatalog.worldbank.org/int/public-licenses#cc-by"
"IRN","2022","26.8","7.2","precision-limited","HEIS","consumption","2022.23","26.840000000000003","7.16","2011 - 2023","20260922_2021_01_02_PROD","2026-10-10T15:05:43.529Z","2026-10-10T15:05:43.529Z","false","2026-10-10T15:05:42.520Z","2026-10-08","https://api.worldbank.org/pip/v1/pip?country=all&year=all&fill_gaps=false&reporting_level=national&welfare_type=all&version=20260922_2021_01_02_PROD&format=json","national","national","false","survey","micro","https://datacatalog.worldbank.org/int/public-licenses#cc-by"
"IRN","2023","28.2","7","consistent","HEIS","consumption","2023.23","28.16","7.02","2011 - 2023","20260922_2021_01_02_PROD","2026-10-10T15:05:43.529Z","2026-10-10T15:05:43.529Z","false","2026-10-10T15:05:42.520Z","2026-10-08","https://api.worldbank.org/pip/v1/pip?country=all&year=all&fill_gaps=false&reporting_level=national&welfare_type=all&version=20260922_2021_01_02_PROD&format=json","national","national","false","survey","micro","https://datacatalog.worldbank.org/int/public-licenses#cc-by"
"IRQ","2006","23.6","9.3","consistent","IHSES","consumption","2006.85","23.630000000000003","9.27","2006 - 2012","20260922_2021_01_02_PROD","2026-10-10T15:05:43.529Z","2026-10-10T15:05:43.529Z","false","2026-10-10T15:05:42.520Z","2026-10-08","https://api.worldbank.org/pip/v1/pip?country=all&year=all&fill_gaps=false&reporting_level=national&welfare_type=all&version=20260922_2021_01_02_PROD&format=json","national","national","false","survey","micro","https://datacatalog.worldbank.org/int/public-licenses#cc-by"
"IRQ","2012","23.7","8.8","consistent","IHSES","consumption","2012","23.7","8.799999999999999","2006 - 2012","20260922_2021_01_02_PROD","2026-10-10T15:05:43.529Z","2026-10-10T15:05:43.529Z","false","2026-10-10T15:05:42.520Z","2026-10-08","https://api.worldbank.org/pip/v1/pip?country=all&year=all&fill_gaps=false&reporting_level=national&welfare_type=all&version=20260922_2021_01_02_PROD&format=json","national","national","false","survey","micro","https://datacatalog.worldbank.org/int/public-licenses#cc-by"
"IRQ","2023","24.2","8.9","precision-limited","IHSES","consumption","2023","24.21","8.86","2023","20260922_2021_01_02_PROD","2026-10-10T15:05:43.529Z","2026-10-10T15:05:43.529Z","false","2026-10-10T15:05:42.520Z","2026-10-08","https://api.worldbank.org/pip/v1/pip?country=all&year=all&fill_gaps=false&reporting_level=national&welfare_type=all&version=20260922_2021_01_02_PROD&format=json","national","national","false","survey","micro","https://datacatalog.worldbank.org/int/public-licenses#cc-by"
"IRL","2000","26.2","7.7","precision-limited","LIS-ECHP-LIS","income","2000","26.16","7.75","1994 - 2000","20260922_2021_01_02_PROD","2026-10-10T15:05:43.529Z","2026-10-10T15:05:43.529Z","false","2026-10-10T15:05:42.520Z","2026-10-08","https://api.worldbank.org/pip/v1/pip?country=all&year=all&fill_gaps=false&reporting_level=national&welfare_type=all&version=20260922_2021_01_02_PROD&format=json","national","national","false","survey","micro","https://datacatalog.worldbank.org/int/public-licenses#cc-by"
"IRL","2002","25","7.6","consistent","SILC-LIS","income","2002","25","7.61","2002","20260922_2021_01_02_PROD","2026-10-10T15:05:43.529Z","2026-10-10T15:05:43.529Z","false","2026-10-10T15:05:42.520Z","2026-10-08","https://api.worldbank.org/pip/v1/pip?country=all&year=all&fill_gaps=false&reporting_level=national&welfare_type=all&version=20260922_2021_01_02_PROD&format=json","national","national","false","survey","micro","https://datacatalog.worldbank.org/int/public-licenses#cc-by"
"IRL","2003","25.9","7.7","consistent","EU-SILC","income","2003","25.900000000000002","7.680000000000001","2003 - 2018","20260922_2021_01_02_PROD","2026-10-10T15:05:43.529Z","2026-10-10T15:05:43.529Z","false","2026-10-10T15:05:42.520Z","2026-10-08","https://api.worldbank.org/pip/v1/pip?country=all&year=all&fill_gaps=false&reporting_level=national&welfare_type=all&version=20260922_2021_01_02_PROD&format=json","national","national","false","survey","micro","https://datacatalog.worldbank.org/int/public-licenses#cc-by"
"IRL","2004","26.6","7.6","consistent","EU-SILC","income","2004","26.63","7.57","2003 - 2018","20260922_2021_01_02_PROD","2026-10-10T15:05:43.529Z","2026-10-10T15:05:43.529Z","false","2026-10-10T15:05:42.520Z","2026-10-08","https://api.worldbank.org/pip/v1/pip?country=all&year=all&fill_gaps=false&reporting_level=national&welfare_type=all&version=20260922_2021_01_02_PROD&format=json","national","national","false","survey","micro","https://datacatalog.worldbank.org/int/public-licenses#cc-by"
"IRL","2005","26.9","7.7","consistent","EU-SILC","income","2005","26.88","7.71","2003 - 2018","20260922_2021_01_02_PROD","2026-10-10T15:05:43.529Z","2026-10-10T15:05:43.529Z","false","2026-10-10T15:05:42.520Z","2026-10-08","https://api.worldbank.org/pip/v1/pip?country=all&year=all&fill_gaps=false&reporting_level=national&welfare_type=all&version=20260922_2021_01_02_PROD&format=json","national","national","false","survey","micro","https://datacatalog.worldbank.org/int/public-licenses#cc-by"
"IRL","2006","25.6","7.9","consistent","EU-SILC","income","2006","25.6","7.870000000000001","2003 - 2018","20260922_2021_01_02_PROD","2026-10-10T15:05:43.529Z","2026-10-10T15:05:43.529Z","false","2026-10-10T15:05:42.520Z","2026-10-08","https://api.worldbank.org/pip/v1/pip?country=all&year=all&fill_gaps=false&reporting_level=national&welfare_type=all&version=20260922_2021_01_02_PROD&format=json","national","national","false","survey","micro","https://datacatalog.worldbank.org/int/public-licenses#cc-by"
"IRL","2007","25.5","8.2","consistent","EU-SILC","income","2007","25.490000000000002","8.17","2003 - 2018","20260922_2021_01_02_PROD","2026-10-10T15:05:43.529Z","2026-10-10T15:05:43.529Z","false","2026-10-10T15:05:42.520Z","2026-10-08","https://api.worldbank.org/pip/v1/pip?country=all&year=all&fill_gaps=false&reporting_level=national&welfare_type=all&version=20260922_2021_01_02_PROD&format=json","national","national","false","survey","micro","https://datacatalog.worldbank.org/int/public-licenses#cc-by"
"IRL","2008","24.6","8.2","consistent","EU-SILC","income","2008","24.57","8.21","2003 - 2018","20260922_2021_01_02_PROD","2026-10-10T15:05:43.529Z","2026-10-10T15:05:43.529Z","false","2026-10-10T15:05:42.520Z","2026-10-08","https://api.worldbank.org/pip/v1/pip?country=all&year=all&fill_gaps=false&reporting_level=national&welfare_type=all&version=20260922_2021_01_02_PROD&format=json","national","national","false","survey","micro","https://datacatalog.worldbank.org/int/public-licenses#cc-by"
"IRL","2009","25.6","7.7","precision-limited","EU-SILC","income","2009","25.55","7.6499999999999995","2003 - 2018","20260922_2021_01_02_PROD","2026-10-10T15:05:43.529Z","2026-10-10T15:05:43.529Z","false","2026-10-10T15:05:42.520Z","2026-10-08","https://api.worldbank.org/pip/v1/pip?country=all&year=all&fill_gaps=false&reporting_level=national&welfare_type=all&version=20260922_2021_01_02_PROD&format=json","national","national","false","survey","micro","https://datacatalog.worldbank.org/int/public-licenses#cc-by"
"IRL","2010","24.9","7.6","consistent","EU-SILC","income","2010","24.9","7.580000000000001","2003 - 2018","20260922_2021_01_02_PROD","2026-10-10T15:05:43.529Z","2026-10-10T15:05:43.529Z","false","2026-10-10T15:05:42.520Z","2026-10-08","https://api.worldbank.org/pip/v1/pip?country=all&year=all&fill_gaps=false&reporting_level=national&welfare_type=all&version=20260922_2021_01_02_PROD&format=json","national","national","false","survey","micro","https://datacatalog.worldbank.org/int/public-licenses#cc-by"
"IRL","2011","25.5","7.5","precision-limited","EU-SILC","income","2011","25.5","7.449999999999999","2003 - 2018","20260922_2021_01_02_PROD","2026-10-10T15:05:43.529Z","2026-10-10T15:05:43.529Z","false","2026-10-10T15:05:42.520Z","2026-10-08","https://api.worldbank.org/pip/v1/pip?country=all&year=all&fill_gaps=false&reporting_level=national&welfare_type=all&version=20260922_2021_01_02_PROD&format=json","national","national","false","survey","micro","https://datacatalog.worldbank.org/int/public-licenses#cc-by"
"IRL","2012","25.9","7.5","consistent","EU-SILC","income","2012","25.91","7.5200000000000005","2003 - 2018","20260922_2021_01_02_PROD","2026-10-10T15:05:43.529Z","2026-10-10T15:05:43.529Z","false","2026-10-10T15:05:42.520Z","2026-10-08","https://api.worldbank.org/pip/v1/pip?country=all&year=all&fill_gaps=false&reporting_level=national&welfare_type=all&version=20260922_2021_01_02_PROD&format=json","national","national","false","survey","micro","https://datacatalog.worldbank.org/int/public-licenses#cc-by"
"IRL","2013","26.1","7.3","precision-limited","EU-SILC","income","2013","26.07","7.339999999999999","2003 - 2018","20260922_2021_01_02_PROD","2026-10-10T15:05:43.529Z","2026-10-10T15:05:43.529Z","false","2026-10-10T15:05:42.520Z","2026-10-08","https://api.worldbank.org/pip/v1/pip?country=all&year=all&fill_gaps=false&reporting_level=national&welfare_type=all&version=20260922_2021_01_02_PROD&format=json","national","national","false","survey","micro","https://datacatalog.worldbank.org/int/public-licenses#cc-by"
"IRL","2014","24.9","7.9","consistent","EU-SILC","income","2014","24.91","7.91","2003 - 2018","20260922_2021_01_02_PROD","2026-10-10T15:05:43.529Z","2026-10-10T15:05:43.529Z","false","2026-10-10T15:05:42.520Z","2026-10-08","https://api.worldbank.org/pip/v1/pip?country=all&year=all&fill_gaps=false&reporting_level=national&welfare_type=all&version=20260922_2021_01_02_PROD&format=json","national","national","false","survey","micro","https://datacatalog.worldbank.org/int/public-licenses#cc-by"
"IRL","2015","25.4","8","consistent","EU-SILC","income","2015","25.39","7.999999999999999","2003 - 2018","20260922_2021_01_02_PROD","2026-10-10T15:05:43.529Z","2026-10-10T15:05:43.529Z","false","2026-10-10T15:05:42.520Z","2026-10-08","https://api.worldbank.org/pip/v1/pip?country=all&year=all&fill_gaps=false&reporting_level=national&welfare_type=all&version=20260922_2021_01_02_PROD&format=json","national","national","false","survey","micro","https://datacatalog.worldbank.org/int/public-licenses#cc-by"
"IRL","2016","25.9","7.9","consistent","EU-SILC","income","2016","25.900000000000002","7.89","2003 - 2018","20260922_2021_01_02_PROD","2026-10-10T15:05:43.529Z","2026-10-10T15:05:43.529Z","false","2026-10-10T15:05:42.520Z","2026-10-08","https://api.worldbank.org/pip/v1/pip?country=all&year=all&fill_gaps=false&reporting_level=national&welfare_type=all&version=20260922_2021_01_02_PROD&format=json","national","national","false","survey","micro","https://datacatalog.worldbank.org/int/public-licenses#cc-by"
"IRL","2017","25.4","8.4","consistent","EU-SILC","income","2017","25.380000000000003","8.37","2003 - 2018","20260922_2021_01_02_PROD","2026-10-10T15:05:43.529Z","2026-10-10T15:05:43.529Z","false","2026-10-10T15:05:42.520Z","2026-10-08","https://api.worldbank.org/pip/v1/pip?country=all&year=all&fill_gaps=false&reporting_level=national&welfare_type=all&version=20260922_2021_01_02_PROD&format=json","national","national","false","survey","micro","https://datacatalog.worldbank.org/int/public-licenses#cc-by"
"IRL","2018","25.1","8.7","consistent","EU-SILC","income","2018","25.09","8.73","2003 - 2018","20260922_2021_01_02_PROD","2026-10-10T15:05:43.529Z","2026-10-10T15:05:43.529Z","false","2026-10-10T15:05:42.520Z","2026-10-08","https://api.worldbank.org/pip/v1/pip?country=all&year=all&fill_gaps=false&reporting_level=national&welfare_type=all&version=20260922_2021_01_02_PROD&format=json","national","national","false","survey","micro","https://datacatalog.worldbank.org/int/public-licenses#cc-by"
"IRL","2019","24.6","8.8","consistent","EU-SILC","income","2019","24.6","8.790000000000001","2019 - 2023","20260922_2021_01_02_PROD","2026-10-10T15:05:43.529Z","2026-10-10T15:05:43.529Z","false","2026-10-10T15:05:42.520Z","2026-10-08","https://api.worldbank.org/pip/v1/pip?country=all&year=all&fill_gaps=false&reporting_level=national&welfare_type=all&version=20260922_2021_01_02_PROD&format=json","national","national","false","survey","micro","https://datacatalog.worldbank.org/int/public-licenses#cc-by"
"IRL","2020","23.8","9","consistent","EU-SILC","income","2020","23.799999999999997","9.01","2019 - 2023","20260922_2021_01_02_PROD","2026-10-10T15:05:43.529Z","2026-10-10T15:05:43.529Z","false","2026-10-10T15:05:42.520Z","2026-10-08","https://api.worldbank.org/pip/v1/pip?country=all&year=all&fill_gaps=false&reporting_level=national&welfare_type=all&version=20260922_2021_01_02_PROD&format=json","national","national","false","survey","micro","https://datacatalog.worldbank.org/int/public-licenses#cc-by"
"IRL","2021","24.1","9","consistent","EU-SILC","income","2021","24.13","8.99","2019 - 2023","20260922_2021_01_02_PROD","2026-10-10T15:05:43.529Z","2026-10-10T15:05:43.529Z","false","2026-10-10T15:05:42.520Z","2026-10-08","https://api.worldbank.org/pip/v1/pip?country=all&year=all&fill_gaps=false&reporting_level=national&welfare_type=all&version=20260922_2021_01_02_PROD&format=json","national","national","false","survey","micro","https://datacatalog.worldbank.org/int/public-licenses#cc-by"
"IRL","2022","24.5","8.9","consistent","EU-SILC","income","2022","24.52","8.88","2019 - 2023","20260922_2021_01_02_PROD","2026-10-10T15:05:43.529Z","2026-10-10T15:05:43.529Z","false","2026-10-10T15:05:42.520Z","2026-10-08","https://api.worldbank.org/pip/v1/pip?country=all&year=all&fill_gaps=false&reporting_level=national&welfare_type=all&version=20260922_2021_01_02_PROD&format=json","national","national","false","survey","micro","https://datacatalog.worldbank.org/int/public-licenses#cc-by"
"IRL","2023","24.1","9.2","consistent","EU-SILC","income","2023","24.060000000000002","9.17","2019 - 2023","20260922_2021_01_02_PROD","2026-10-10T15:05:43.529Z","2026-10-10T15:05:43.529Z","false","2026-10-10T15:05:42.520Z","2026-10-08","https://api.worldbank.org/pip/v1/pip?country=all&year=all&fill_gaps=false&reporting_level=national&welfare_type=all&version=20260922_2021_01_02_PROD&format=json","national","national","false","survey","micro","https://datacatalog.worldbank.org/int/public-licenses#cc-by"
"ISR","2001","28.8","5.9","consistent","HES-LIS","income","2001","28.78","5.89","1979 - 2022","20260922_2021_01_02_PROD","2026-10-10T15:05:43.529Z","2026-10-10T15:05:43.529Z","false","2026-10-10T15:05:42.520Z","2026-10-08","https://api.worldbank.org/pip/v1/pip?country=all&year=all&fill_gaps=false&reporting_level=national&welfare_type=all&version=20260922_2021_01_02_PROD&format=json","national","national","false","survey","micro","https://datacatalog.worldbank.org/int/public-licenses#cc-by"
"ISR","2002","28.7","5.5","precision-limited","HES-LIS","income","2002","28.74","5.46","1979 - 2022","20260922_2021_01_02_PROD","2026-10-10T15:05:43.529Z","2026-10-10T15:05:43.529Z","false","2026-10-10T15:05:42.520Z","2026-10-08","https://api.worldbank.org/pip/v1/pip?country=all&year=all&fill_gaps=false&reporting_level=national&welfare_type=all&version=20260922_2021_01_02_PROD&format=json","national","national","false","survey","micro","https://datacatalog.worldbank.org/int/public-licenses#cc-by"
"ISR","2003","29.5","5.2","consistent","HES-LIS","income","2003","29.48","5.2","1979 - 2022","20260922_2021_01_02_PROD","2026-10-10T15:05:43.529Z","2026-10-10T15:05:43.529Z","false","2026-10-10T15:05:42.520Z","2026-10-08","https://api.worldbank.org/pip/v1/pip?country=all&year=all&fill_gaps=false&reporting_level=national&welfare_type=all&version=20260922_2021_01_02_PROD&format=json","national","national","false","survey","micro","https://datacatalog.worldbank.org/int/public-licenses#cc-by"
"ISR","2004","29.4","4.8","consistent","HES-LIS","income","2004","29.37","4.78","1979 - 2022","20260922_2021_01_02_PROD","2026-10-10T15:05:43.529Z","2026-10-10T15:05:43.529Z","false","2026-10-10T15:05:42.520Z","2026-10-08","https://api.worldbank.org/pip/v1/pip?country=all&year=all&fill_gaps=false&reporting_level=national&welfare_type=all&version=20260922_2021_01_02_PROD&format=json","national","national","false","survey","micro","https://datacatalog.worldbank.org/int/public-licenses#cc-by"
"ISR","2005","30.5","4.8","consistent","HES-LIS","income","2005","30.470000000000002","4.79","1979 - 2022","20260922_2021_01_02_PROD","2026-10-10T15:05:43.529Z","2026-10-10T15:05:43.529Z","false","2026-10-10T15:05:42.520Z","2026-10-08","https://api.worldbank.org/pip/v1/pip?country=all&year=all&fill_gaps=false&reporting_level=national&welfare_type=all&version=20260922_2021_01_02_PROD&format=json","national","national","false","survey","micro","https://datacatalog.worldbank.org/int/public-licenses#cc-by"
"ISR","2006","29.7","4.8","consistent","HES-LIS","income","2006","29.7","4.8","1979 - 2022","20260922_2021_01_02_PROD","2026-10-10T15:05:43.529Z","2026-10-10T15:05:43.529Z","false","2026-10-10T15:05:42.520Z","2026-10-08","https://api.worldbank.org/pip/v1/pip?country=all&year=all&fill_gaps=false&reporting_level=national&welfare_type=all&version=20260922_2021_01_02_PROD&format=json","national","national","false","survey","micro","https://datacatalog.worldbank.org/int/public-licenses#cc-by"
"ISR","2007","29.5","4.9","precision-limited","HES-LIS","income","2007","29.509999999999998","4.9399999999999995","1979 - 2022","20260922_2021_01_02_PROD","2026-10-10T15:05:43.529Z","2026-10-10T15:05:43.529Z","false","2026-10-10T15:05:42.520Z","2026-10-08","https://api.worldbank.org/pip/v1/pip?country=all&year=all&fill_gaps=false&reporting_level=national&welfare_type=all&version=20260922_2021_01_02_PROD&format=json","national","national","false","survey","micro","https://datacatalog.worldbank.org/int/public-licenses#cc-by"
"ISR","2008","30","4.8","consistent","HES-LIS","income","2008","30.009999999999998","4.82","1979 - 2022","20260922_2021_01_02_PROD","2026-10-10T15:05:43.529Z","2026-10-10T15:05:43.529Z","false","2026-10-10T15:05:42.520Z","2026-10-08","https://api.worldbank.org/pip/v1/pip?country=all&year=all&fill_gaps=false&reporting_level=national&welfare_type=all&version=20260922_2021_01_02_PROD&format=json","national","national","false","survey","micro","https://datacatalog.worldbank.org/int/public-licenses#cc-by"
"ISR","2009","30.5","4.6","consistent","HES-LIS","income","2009","30.520000000000003","4.569999999999999","1979 - 2022","20260922_2021_01_02_PROD","2026-10-10T15:05:43.529Z","2026-10-10T15:05:43.529Z","false","2026-10-10T15:05:42.520Z","2026-10-08","https://api.worldbank.org/pip/v1/pip?country=all&year=all&fill_gaps=false&reporting_level=national&welfare_type=all&version=20260922_2021_01_02_PROD&format=json","national","national","false","survey","micro","https://datacatalog.worldbank.org/int/public-licenses#cc-by"
"ISR","2010","31.1","4.7","consistent","HES-LIS","income","2010","31.119999999999997","4.68","1979 - 2022","20260922_2021_01_02_PROD","2026-10-10T15:05:43.529Z","2026-10-10T15:05:43.529Z","false","2026-10-10T15:05:42.520Z","2026-10-08","https://api.worldbank.org/pip/v1/pip?country=all&year=all&fill_gaps=false&reporting_level=national&welfare_type=all&version=20260922_2021_01_02_PROD&format=json","national","national","false","survey","micro","https://datacatalog.worldbank.org/int/public-licenses#cc-by"
"ISR","2011","29.5","4.8","precision-limited","HES-LIS","income","2011","29.5","4.84","1979 - 2022","20260922_2021_01_02_PROD","2026-10-10T15:05:43.529Z","2026-10-10T15:05:43.529Z","false","2026-10-10T15:05:42.520Z","2026-10-08","https://api.worldbank.org/pip/v1/pip?country=all&year=all&fill_gaps=false&reporting_level=national&welfare_type=all&version=20260922_2021_01_02_PROD&format=json","national","national","false","survey","micro","https://datacatalog.worldbank.org/int/public-licenses#cc-by"
"ISR","2012","29.6","4.8","consistent","HES-LIS","income","2012","29.580000000000002","4.77","1979 - 2022","20260922_2021_01_02_PROD","2026-10-10T15:05:43.529Z","2026-10-10T15:05:43.529Z","false","2026-10-10T15:05:42.520Z","2026-10-08","https://api.worldbank.org/pip/v1/pip?country=all&year=all&fill_gaps=false&reporting_level=national&welfare_type=all&version=20260922_2021_01_02_PROD&format=json","national","national","false","survey","micro","https://datacatalog.worldbank.org/int/public-licenses#cc-by"
"ISR","2013","28.6","5.1","consistent","HES-LIS","income","2013","28.63","5.069999999999999","1979 - 2022","20260922_2021_01_02_PROD","2026-10-10T15:05:43.529Z","2026-10-10T15:05:43.529Z","false","2026-10-10T15:05:42.520Z","2026-10-08","https://api.worldbank.org/pip/v1/pip?country=all&year=all&fill_gaps=false&reporting_level=national&welfare_type=all&version=20260922_2021_01_02_PROD&format=json","national","national","false","survey","micro","https://datacatalog.worldbank.org/int/public-licenses#cc-by"
"ISR","2014","28.3","5","precision-limited","HES-LIS","income","2014","28.27","4.960000000000001","1979 - 2022","20260922_2021_01_02_PROD","2026-10-10T15:05:43.529Z","2026-10-10T15:05:43.529Z","false","2026-10-10T15:05:42.520Z","2026-10-08","https://api.worldbank.org/pip/v1/pip?country=all&year=all&fill_gaps=false&reporting_level=national&welfare_type=all&version=20260922_2021_01_02_PROD&format=json","national","national","false","survey","micro","https://datacatalog.worldbank.org/int/public-licenses#cc-by"
"ISR","2015","28.6","5","consistent","HES-LIS","income","2015","28.59","5.01","1979 - 2022","20260922_2021_01_02_PROD","2026-10-10T15:05:43.529Z","2026-10-10T15:05:43.529Z","false","2026-10-10T15:05:42.520Z","2026-10-08","https://api.worldbank.org/pip/v1/pip?country=all&year=all&fill_gaps=false&reporting_level=national&welfare_type=all&version=20260922_2021_01_02_PROD&format=json","national","national","false","survey","micro","https://datacatalog.worldbank.org/int/public-licenses#cc-by"
"ISR","2016","27.8","5.1","consistent","HES-LIS","income","2016","27.79","5.13","1979 - 2022","20260922_2021_01_02_PROD","2026-10-10T15:05:43.529Z","2026-10-10T15:05:43.529Z","false","2026-10-10T15:05:42.520Z","2026-10-08","https://api.worldbank.org/pip/v1/pip?country=all&year=all&fill_gaps=false&reporting_level=national&welfare_type=all&version=20260922_2021_01_02_PROD&format=json","national","national","false","survey","micro","https://datacatalog.worldbank.org/int/public-licenses#cc-by"
"ISR","2017","27","5.1","consistent","HES-LIS","income","2017","26.97","5.13","1979 - 2022","20260922_2021_01_02_PROD","2026-10-10T15:05:43.529Z","2026-10-10T15:05:43.529Z","false","2026-10-10T15:05:42.520Z","2026-10-08","https://api.worldbank.org/pip/v1/pip?country=all&year=all&fill_gaps=false&reporting_level=national&welfare_type=all&version=20260922_2021_01_02_PROD&format=json","national","national","false","survey","micro","https://datacatalog.worldbank.org/int/public-licenses#cc-by"
"ISR","2018","27.7","5.2","consistent","HES-LIS","income","2018","27.67","5.21","1979 - 2022","20260922_2021_01_02_PROD","2026-10-10T15:05:43.529Z","2026-10-10T15:05:43.529Z","false","2026-10-10T15:05:42.520Z","2026-10-08","https://api.worldbank.org/pip/v1/pip?country=all&year=all&fill_gaps=false&reporting_level=national&welfare_type=all&version=20260922_2021_01_02_PROD&format=json","national","national","false","survey","micro","https://datacatalog.worldbank.org/int/public-licenses#cc-by"
"ISR","2019","27.1","5.2","precision-limited","HES-LIS","income","2019","27.139999999999997","5.16","1979 - 2022","20260922_2021_01_02_PROD","2026-10-10T15:05:43.529Z","2026-10-10T15:05:43.529Z","false","2026-10-10T15:05:42.520Z","2026-10-08","https://api.worldbank.org/pip/v1/pip?country=all&year=all&fill_gaps=false&reporting_level=national&welfare_type=all&version=20260922_2021_01_02_PROD&format=json","national","national","false","survey","micro","https://datacatalog.worldbank.org/int/public-licenses#cc-by"
"ISR","2020","26.7","5.4","consistent","HES-LIS","income","2020","26.729999999999997","5.38","1979 - 2022","20260922_2021_01_02_PROD","2026-10-10T15:05:43.529Z","2026-10-10T15:05:43.529Z","false","2026-10-10T15:05:42.520Z","2026-10-08","https://api.worldbank.org/pip/v1/pip?country=all&year=all&fill_gaps=false&reporting_level=national&welfare_type=all&version=20260922_2021_01_02_PROD&format=json","national","national","false","survey","micro","https://datacatalog.worldbank.org/int/public-licenses#cc-by"
"ISR","2021","27.1","5.5","consistent","HES-LIS","income","2021","27.11","5.48","1979 - 2022","20260922_2021_01_02_PROD","2026-10-10T15:05:43.529Z","2026-10-10T15:05:43.529Z","false","2026-10-10T15:05:42.520Z","2026-10-08","https://api.worldbank.org/pip/v1/pip?country=all&year=all&fill_gaps=false&reporting_level=national&welfare_type=all&version=20260922_2021_01_02_PROD&format=json","national","national","false","survey","micro","https://datacatalog.worldbank.org/int/public-licenses#cc-by"
"ISR","2022","27","5.2","precision-limited","HES-LIS","income","2022","27.01","5.24","1979 - 2022","20260922_2021_01_02_PROD","2026-10-10T15:05:43.529Z","2026-10-10T15:05:43.529Z","false","2026-10-10T15:05:42.520Z","2026-10-08","https://api.worldbank.org/pip/v1/pip?country=all&year=all&fill_gaps=false&reporting_level=national&welfare_type=all&version=20260922_2021_01_02_PROD&format=json","national","national","false","survey","micro","https://datacatalog.worldbank.org/int/public-licenses#cc-by"
"ITA","2000","26.4","6.3","consistent","SHIW-LIS","income","2000","26.38","6.279999999999999","1977 - 2002","20260922_2021_01_02_PROD","2026-10-10T15:05:43.529Z","2026-10-10T15:05:43.529Z","false","2026-10-10T15:05:42.520Z","2026-10-08","https://api.worldbank.org/pip/v1/pip?country=all&year=all&fill_gaps=false&reporting_level=national&welfare_type=all&version=20260922_2021_01_02_PROD&format=json","national","national","false","survey","micro","https://datacatalog.worldbank.org/int/public-licenses#cc-by"
"ITA","2002","25.8","6.4","precision-limited","SHIW-LIS","income","2002","25.8","6.35","1977 - 2002","20260922_2021_01_02_PROD","2026-10-10T15:05:43.529Z","2026-10-10T15:05:43.529Z","false","2026-10-10T15:05:42.520Z","2026-10-08","https://api.worldbank.org/pip/v1/pip?country=all&year=all&fill_gaps=false&reporting_level=national&welfare_type=all&version=20260922_2021_01_02_PROD&format=json","national","national","false","survey","micro","https://datacatalog.worldbank.org/int/public-licenses#cc-by"
"ITA","2003","26.7","6.7","consistent","EU-SILC","income","2003","26.68","6.67","2003 - 2023","20260922_2021_01_02_PROD","2026-10-10T15:05:43.529Z","2026-10-10T15:05:43.529Z","false","2026-10-10T15:05:42.520Z","2026-10-08","https://api.worldbank.org/pip/v1/pip?country=all&year=all&fill_gaps=false&reporting_level=national&welfare_type=all&version=20260922_2021_01_02_PROD&format=json","national","national","false","survey","micro","https://datacatalog.worldbank.org/int/public-licenses#cc-by"
"ITA","2004","26.3","6.9","precision-limited","EU-SILC","income","2004","26.31","6.8500000000000005","2003 - 2023","20260922_2021_01_02_PROD","2026-10-10T15:05:43.529Z","2026-10-10T15:05:43.529Z","false","2026-10-10T15:05:42.520Z","2026-10-08","https://api.worldbank.org/pip/v1/pip?country=all&year=all&fill_gaps=false&reporting_level=national&welfare_type=all&version=20260922_2021_01_02_PROD&format=json","national","national","false","survey","micro","https://datacatalog.worldbank.org/int/public-licenses#cc-by"
"ITA","2005","25.5","6.8","consistent","EU-SILC","income","2005","25.480000000000004","6.770000000000001","2003 - 2023","20260922_2021_01_02_PROD","2026-10-10T15:05:43.529Z","2026-10-10T15:05:43.529Z","false","2026-10-10T15:05:42.520Z","2026-10-08","https://api.worldbank.org/pip/v1/pip?country=all&year=all&fill_gaps=false&reporting_level=national&welfare_type=all&version=20260922_2021_01_02_PROD&format=json","national","national","false","survey","micro","https://datacatalog.worldbank.org/int/public-licenses#cc-by"
"ITA","2006","25.6","6.9","consistent","EU-SILC","income","2006","25.619999999999997","6.93","2003 - 2023","20260922_2021_01_02_PROD","2026-10-10T15:05:43.529Z","2026-10-10T15:05:43.529Z","false","2026-10-10T15:05:42.520Z","2026-10-08","https://api.worldbank.org/pip/v1/pip?country=all&year=all&fill_gaps=false&reporting_level=national&welfare_type=all&version=20260922_2021_01_02_PROD&format=json","national","national","false","survey","micro","https://datacatalog.worldbank.org/int/public-licenses#cc-by"
"ITA","2007","24.9","7.1","consistent","EU-SILC","income","2007","24.92","7.07","2003 - 2023","20260922_2021_01_02_PROD","2026-10-10T15:05:43.529Z","2026-10-10T15:05:43.529Z","false","2026-10-10T15:05:42.520Z","2026-10-08","https://api.worldbank.org/pip/v1/pip?country=all&year=all&fill_gaps=false&reporting_level=national&welfare_type=all&version=20260922_2021_01_02_PROD&format=json","national","national","false","survey","micro","https://datacatalog.worldbank.org/int/public-licenses#cc-by"
"ITA","2008","25.7","6.9","consistent","EU-SILC","income","2008","25.669999999999998","6.88","2003 - 2023","20260922_2021_01_02_PROD","2026-10-10T15:05:43.529Z","2026-10-10T15:05:43.529Z","false","2026-10-10T15:05:42.520Z","2026-10-08","https://api.worldbank.org/pip/v1/pip?country=all&year=all&fill_gaps=false&reporting_level=national&welfare_type=all&version=20260922_2021_01_02_PROD&format=json","national","national","false","survey","micro","https://datacatalog.worldbank.org/int/public-licenses#cc-by"
"ITA","2009","25.4","6.7","consistent","EU-SILC","income","2009","25.430000000000003","6.7299999999999995","2003 - 2023","20260922_2021_01_02_PROD","2026-10-10T15:05:43.529Z","2026-10-10T15:05:43.529Z","false","2026-10-10T15:05:42.520Z","2026-10-08","https://api.worldbank.org/pip/v1/pip?country=all&year=all&fill_gaps=false&reporting_level=national&welfare_type=all&version=20260922_2021_01_02_PROD&format=json","national","national","false","survey","micro","https://datacatalog.worldbank.org/int/public-licenses#cc-by"
"ITA","2010","26.2","6.4","consistent","EU-SILC","income","2010","26.16","6.370000000000001","2003 - 2023","20260922_2021_01_02_PROD","2026-10-10T15:05:43.529Z","2026-10-10T15:05:43.529Z","false","2026-10-10T15:05:42.520Z","2026-10-08","https://api.worldbank.org/pip/v1/pip?country=all&year=all&fill_gaps=false&reporting_level=national&welfare_type=all&version=20260922_2021_01_02_PROD&format=json","national","national","false","survey","micro","https://datacatalog.worldbank.org/int/public-licenses#cc-by"
"ITA","2011","26.4","6.4","consistent","EU-SILC","income","2011","26.400000000000002","6.370000000000001","2003 - 2023","20260922_2021_01_02_PROD","2026-10-10T15:05:43.529Z","2026-10-10T15:05:43.529Z","false","2026-10-10T15:05:42.520Z","2026-10-08","https://api.worldbank.org/pip/v1/pip?country=all&year=all&fill_gaps=false&reporting_level=national&welfare_type=all&version=20260922_2021_01_02_PROD&format=json","national","national","false","survey","micro","https://datacatalog.worldbank.org/int/public-licenses#cc-by"
"ITA","2012","26.4","6.3","consistent","EU-SILC","income","2012","26.41","6.3100000000000005","2003 - 2023","20260922_2021_01_02_PROD","2026-10-10T15:05:43.529Z","2026-10-10T15:05:43.529Z","false","2026-10-10T15:05:42.520Z","2026-10-08","https://api.worldbank.org/pip/v1/pip?country=all&year=all&fill_gaps=false&reporting_level=national&welfare_type=all&version=20260922_2021_01_02_PROD&format=json","national","national","false","survey","micro","https://datacatalog.worldbank.org/int/public-licenses#cc-by"
"ITA","2013","25.9","6.2","precision-limited","EU-SILC","income","2013","25.919999999999998","6.239999999999999","2003 - 2023","20260922_2021_01_02_PROD","2026-10-10T15:05:43.529Z","2026-10-10T15:05:43.529Z","false","2026-10-10T15:05:42.520Z","2026-10-08","https://api.worldbank.org/pip/v1/pip?country=all&year=all&fill_gaps=false&reporting_level=national&welfare_type=all&version=20260922_2021_01_02_PROD&format=json","national","national","false","survey","micro","https://datacatalog.worldbank.org/int/public-licenses#cc-by"
"ITA","2014","25.5","6.2","consistent","EU-SILC","income","2014","25.53","6.2","2003 - 2023","20260922_2021_01_02_PROD","2026-10-10T15:05:43.529Z","2026-10-10T15:05:43.529Z","false","2026-10-10T15:05:42.520Z","2026-10-08","https://api.worldbank.org/pip/v1/pip?country=all&year=all&fill_gaps=false&reporting_level=national&welfare_type=all&version=20260922_2021_01_02_PROD&format=json","national","national","false","survey","micro","https://datacatalog.worldbank.org/int/public-licenses#cc-by"
"ITA","2015","25.8","5.9","consistent","EU-SILC","income","2015","25.759999999999998","5.87","2003 - 2023","20260922_2021_01_02_PROD","2026-10-10T15:05:43.529Z","2026-10-10T15:05:43.529Z","false","2026-10-10T15:05:42.520Z","2026-10-08","https://api.worldbank.org/pip/v1/pip?country=all&year=all&fill_gaps=false&reporting_level=national&welfare_type=all&version=20260922_2021_01_02_PROD&format=json","national","national","false","survey","micro","https://datacatalog.worldbank.org/int/public-licenses#cc-by"
"ITA","2016","26","6.1","consistent","EU-SILC","income","2016","25.96","6.069999999999999","2003 - 2023","20260922_2021_01_02_PROD","2026-10-10T15:05:43.529Z","2026-10-10T15:05:43.529Z","false","2026-10-10T15:05:42.520Z","2026-10-08","https://api.worldbank.org/pip/v1/pip?country=all&year=all&fill_gaps=false&reporting_level=national&welfare_type=all&version=20260922_2021_01_02_PROD&format=json","national","national","false","survey","micro","https://datacatalog.worldbank.org/int/public-licenses#cc-by"
"ITA","2017","26.7","6","precision-limited","EU-SILC","income","2017","26.66","5.96","2003 - 2023","20260922_2021_01_02_PROD","2026-10-10T15:05:43.529Z","2026-10-10T15:05:43.529Z","false","2026-10-10T15:05:42.520Z","2026-10-08","https://api.worldbank.org/pip/v1/pip?country=all&year=all&fill_gaps=false&reporting_level=national&welfare_type=all&version=20260922_2021_01_02_PROD&format=json","national","national","false","survey","micro","https://datacatalog.worldbank.org/int/public-licenses#cc-by"
"ITA","2018","25.9","6.1","consistent","EU-SILC","income","2018","25.919999999999998","6.09","2003 - 2023","20260922_2021_01_02_PROD","2026-10-10T15:05:43.529Z","2026-10-10T15:05:43.529Z","false","2026-10-10T15:05:42.520Z","2026-10-08","https://api.worldbank.org/pip/v1/pip?country=all&year=all&fill_gaps=false&reporting_level=national&welfare_type=all&version=20260922_2021_01_02_PROD&format=json","national","national","false","survey","micro","https://datacatalog.worldbank.org/int/public-licenses#cc-by"
"ITA","2019","25.8","6.3","precision-limited","EU-SILC","income","2019","25.75","6.35","2003 - 2023","20260922_2021_01_02_PROD","2026-10-10T15:05:43.529Z","2026-10-10T15:05:43.529Z","false","2026-10-10T15:05:42.520Z","2026-10-08","https://api.worldbank.org/pip/v1/pip?country=all&year=all&fill_gaps=false&reporting_level=national&welfare_type=all&version=20260922_2021_01_02_PROD&format=json","national","national","false","survey","micro","https://datacatalog.worldbank.org/int/public-licenses#cc-by"
"ITA","2020","26.1","6.3","precision-limited","EU-SILC","income","2020","26.07","6.260000000000001","2003 - 2023","20260922_2021_01_02_PROD","2026-10-10T15:05:43.529Z","2026-10-10T15:05:43.529Z","false","2026-10-10T15:05:42.520Z","2026-10-08","https://api.worldbank.org/pip/v1/pip?country=all&year=all&fill_gaps=false&reporting_level=national&welfare_type=all&version=20260922_2021_01_02_PROD&format=json","national","national","false","survey","micro","https://datacatalog.worldbank.org/int/public-licenses#cc-by"
"ITA","2021","26.2","6.5","consistent","EU-SILC","income","2021","26.200000000000003","6.5200000000000005","2003 - 2023","20260922_2021_01_02_PROD","2026-10-10T15:05:43.529Z","2026-10-10T15:05:43.529Z","false","2026-10-10T15:05:42.520Z","2026-10-08","https://api.worldbank.org/pip/v1/pip?country=all&year=all&fill_gaps=false&reporting_level=national&welfare_type=all&version=20260922_2021_01_02_PROD&format=json","national","national","false","survey","micro","https://datacatalog.worldbank.org/int/public-licenses#cc-by"
"ITA","2022","25.3","6.8","precision-limited","EU-SILC","income","2022","25.3","6.8500000000000005","2003 - 2023","20260922_2021_01_02_PROD","2026-10-10T15:05:43.529Z","2026-10-10T15:05:43.529Z","false","2026-10-10T15:05:42.520Z","2026-10-08","https://api.worldbank.org/pip/v1/pip?country=all&year=all&fill_gaps=false&reporting_level=national&welfare_type=all&version=20260922_2021_01_02_PROD&format=json","national","national","false","survey","micro","https://datacatalog.worldbank.org/int/public-licenses#cc-by"
"ITA","2023","25.8","6.6","consistent","EU-SILC","income","2023","25.8","6.609999999999999","2003 - 2023","20260922_2021_01_02_PROD","2026-10-10T15:05:43.529Z","2026-10-10T15:05:43.529Z","false","2026-10-10T15:05:42.520Z","2026-10-08","https://api.worldbank.org/pip/v1/pip?country=all&year=all&fill_gaps=false&reporting_level=national&welfare_type=all&version=20260922_2021_01_02_PROD&format=json","national","national","false","survey","micro","https://datacatalog.worldbank.org/int/public-licenses#cc-by"
"JAM","2002","38","4.8","consistent","SLC","consumption","2002","37.99","4.78","1990 - 2004","20260922_2021_01_02_PROD","2026-10-10T15:05:43.529Z","2026-10-10T15:05:43.529Z","false","2026-10-10T15:05:42.520Z","2026-10-08","https://api.worldbank.org/pip/v1/pip?country=all&year=all&fill_gaps=false&reporting_level=national&welfare_type=all&version=20260922_2021_01_02_PROD&format=json","national","national","false","survey","micro","https://datacatalog.worldbank.org/int/public-licenses#cc-by"
"JAM","2004","35.7","5.3","consistent","SLC","consumption","2004","35.69","5.29","1990 - 2004","20260922_2021_01_02_PROD","2026-10-10T15:05:43.529Z","2026-10-10T15:05:43.529Z","false","2026-10-10T15:05:42.520Z","2026-10-08","https://api.worldbank.org/pip/v1/pip?country=all&year=all&fill_gaps=false&reporting_level=national&welfare_type=all&version=20260922_2021_01_02_PROD&format=json","national","national","false","survey","micro","https://datacatalog.worldbank.org/int/public-licenses#cc-by"
"JAM","2018","27.4","7.3","precision-limited","JSLC","consumption","2018","27.389999999999997","7.26","2018 - 2021","20260922_2021_01_02_PROD","2026-10-10T15:05:43.529Z","2026-10-10T15:05:43.529Z","false","2026-10-10T15:05:42.520Z","2026-10-08","https://api.worldbank.org/pip/v1/pip?country=all&year=all&fill_gaps=false&reporting_level=national&welfare_type=all&version=20260922_2021_01_02_PROD&format=json","national","national","false","survey","micro","https://datacatalog.worldbank.org/int/public-licenses#cc-by"
"JAM","2021","29.6","5.7","precision-limited","JSLC","consumption","2021","29.549999999999997","5.72","2018 - 2021","20260922_2021_01_02_PROD","2026-10-10T15:05:43.529Z","2026-10-10T15:05:43.529Z","false","2026-10-10T15:05:42.520Z","2026-10-08","https://api.worldbank.org/pip/v1/pip?country=all&year=all&fill_gaps=false&reporting_level=national&welfare_type=all&version=20260922_2021_01_02_PROD&format=json","national","national","false","survey","micro","https://datacatalog.worldbank.org/int/public-licenses#cc-by"
"JPN","2008","25.9","6.2","consistent","JHPS-KHPS-LIS","income","2008","25.86","6.2","2008 - 2020","20260922_2021_01_02_PROD","2026-10-10T15:05:43.529Z","2026-10-10T15:05:43.529Z","false","2026-10-10T15:05:42.520Z","2026-10-08","https://api.worldbank.org/pip/v1/pip?country=all&year=all&fill_gaps=false&reporting_level=national&welfare_type=all&version=20260922_2021_01_02_PROD&format=json","national","national","false","survey","micro","https://datacatalog.worldbank.org/int/public-licenses#cc-by"
"JPN","2009","25","6.8","precision-limited","JHPS-KHPS-LIS","income","2009","24.959999999999997","6.8500000000000005","2008 - 2020","20260922_2021_01_02_PROD","2026-10-10T15:05:43.529Z","2026-10-10T15:05:43.529Z","false","2026-10-10T15:05:42.520Z","2026-10-08","https://api.worldbank.org/pip/v1/pip?country=all&year=all&fill_gaps=false&reporting_level=national&welfare_type=all&version=20260922_2021_01_02_PROD&format=json","national","national","false","survey","micro","https://datacatalog.worldbank.org/int/public-licenses#cc-by"
"JPN","2010","23.9","7.3","precision-limited","JHPS-KHPS-LIS","income","2010","23.89","7.35","2008 - 2020","20260922_2021_01_02_PROD","2026-10-10T15:05:43.529Z","2026-10-10T15:05:43.529Z","false","2026-10-10T15:05:42.520Z","2026-10-08","https://api.worldbank.org/pip/v1/pip?country=all&year=all&fill_gaps=false&reporting_level=national&welfare_type=all&version=20260922_2021_01_02_PROD&format=json","national","national","false","survey","micro","https://datacatalog.worldbank.org/int/public-licenses#cc-by"
"JPN","2011","24.6","6.9","consistent","JHPS-KHPS-LIS","income","2011","24.560000000000002","6.909999999999999","2008 - 2020","20260922_2021_01_02_PROD","2026-10-10T15:05:43.529Z","2026-10-10T15:05:43.529Z","false","2026-10-10T15:05:42.520Z","2026-10-08","https://api.worldbank.org/pip/v1/pip?country=all&year=all&fill_gaps=false&reporting_level=national&welfare_type=all&version=20260922_2021_01_02_PROD&format=json","national","national","false","survey","micro","https://datacatalog.worldbank.org/int/public-licenses#cc-by"
"JPN","2012","24.5","7.1","precision-limited","JHPS-KHPS-LIS","income","2012","24.51","7.06","2008 - 2020","20260922_2021_01_02_PROD","2026-10-10T15:05:43.529Z","2026-10-10T15:05:43.529Z","false","2026-10-10T15:05:42.520Z","2026-10-08","https://api.worldbank.org/pip/v1/pip?country=all&year=all&fill_gaps=false&reporting_level=national&welfare_type=all&version=20260922_2021_01_02_PROD&format=json","national","national","false","survey","micro","https://datacatalog.worldbank.org/int/public-licenses#cc-by"
"JPN","2013","23.7","7.1","consistent","JHPS-KHPS-LIS","income","2013","23.71","7.08","2008 - 2020","20260922_2021_01_02_PROD","2026-10-10T15:05:43.529Z","2026-10-10T15:05:43.529Z","false","2026-10-10T15:05:42.520Z","2026-10-08","https://api.worldbank.org/pip/v1/pip?country=all&year=all&fill_gaps=false&reporting_level=national&welfare_type=all&version=20260922_2021_01_02_PROD&format=json","national","national","false","survey","micro","https://datacatalog.worldbank.org/int/public-licenses#cc-by"
"JPN","2014","23.9","7.7","precision-limited","JHPS-KHPS-LIS","income","2014","23.95","7.680000000000001","2008 - 2020","20260922_2021_01_02_PROD","2026-10-10T15:05:43.529Z","2026-10-10T15:05:43.529Z","false","2026-10-10T15:05:42.520Z","2026-10-08","https://api.worldbank.org/pip/v1/pip?country=all&year=all&fill_gaps=false&reporting_level=national&welfare_type=all&version=20260922_2021_01_02_PROD&format=json","national","national","false","survey","micro","https://datacatalog.worldbank.org/int/public-licenses#cc-by"
"JPN","2015","23.7","7.8","consistent","JHPS-KHPS-LIS","income","2015","23.72","7.77","2008 - 2020","20260922_2021_01_02_PROD","2026-10-10T15:05:43.529Z","2026-10-10T15:05:43.529Z","false","2026-10-10T15:05:42.520Z","2026-10-08","https://api.worldbank.org/pip/v1/pip?country=all&year=all&fill_gaps=false&reporting_level=national&welfare_type=all&version=20260922_2021_01_02_PROD&format=json","national","national","false","survey","micro","https://datacatalog.worldbank.org/int/public-licenses#cc-by"
"JPN","2016","23.7","7.2","consistent","JHPS-KHPS-LIS","income","2016","23.74","7.17","2008 - 2020","20260922_2021_01_02_PROD","2026-10-10T15:05:43.529Z","2026-10-10T15:05:43.529Z","false","2026-10-10T15:05:42.520Z","2026-10-08","https://api.worldbank.org/pip/v1/pip?country=all&year=all&fill_gaps=false&reporting_level=national&welfare_type=all&version=20260922_2021_01_02_PROD&format=json","national","national","false","survey","micro","https://datacatalog.worldbank.org/int/public-licenses#cc-by"
"JPN","2017","24","7.3","consistent","JHPS-KHPS-LIS","income","2017","24.04","7.31","2008 - 2020","20260922_2021_01_02_PROD","2026-10-10T15:05:43.529Z","2026-10-10T15:05:43.529Z","false","2026-10-10T15:05:42.520Z","2026-10-08","https://api.worldbank.org/pip/v1/pip?country=all&year=all&fill_gaps=false&reporting_level=national&welfare_type=all&version=20260922_2021_01_02_PROD&format=json","national","national","false","survey","micro","https://datacatalog.worldbank.org/int/public-licenses#cc-by"
"JPN","2018","24.5","6.7","precision-limited","JHPS-KHPS-LIS","income","2018","24.55","6.68","2008 - 2020","20260922_2021_01_02_PROD","2026-10-10T15:05:43.529Z","2026-10-10T15:05:43.529Z","false","2026-10-10T15:05:42.520Z","2026-10-08","https://api.worldbank.org/pip/v1/pip?country=all&year=all&fill_gaps=false&reporting_level=national&welfare_type=all&version=20260922_2021_01_02_PROD&format=json","national","national","false","survey","micro","https://datacatalog.worldbank.org/int/public-licenses#cc-by"
"JPN","2019","24.7","6.7","precision-limited","JHPS-KHPS-LIS","income","2019","24.68","6.659999999999999","2008 - 2020","20260922_2021_01_02_PROD","2026-10-10T15:05:43.529Z","2026-10-10T15:05:43.529Z","false","2026-10-10T15:05:42.520Z","2026-10-08","https://api.worldbank.org/pip/v1/pip?country=all&year=all&fill_gaps=false&reporting_level=national&welfare_type=all&version=20260922_2021_01_02_PROD&format=json","national","national","false","survey","micro","https://datacatalog.worldbank.org/int/public-licenses#cc-by"
"JPN","2020","24.3","6.8","consistent","JHPS-KHPS-LIS","income","2020","24.29","6.83","2008 - 2020","20260922_2021_01_02_PROD","2026-10-10T15:05:43.529Z","2026-10-10T15:05:43.529Z","false","2026-10-10T15:05:42.520Z","2026-10-08","https://api.worldbank.org/pip/v1/pip?country=all&year=all&fill_gaps=false&reporting_level=national&welfare_type=all&version=20260922_2021_01_02_PROD&format=json","national","national","false","survey","micro","https://datacatalog.worldbank.org/int/public-licenses#cc-by"
"JOR","2002","29.5","7.2","consistent","HEIS","consumption","2002.5","29.509999999999998","7.23","2002","20260922_2021_01_02_PROD","2026-10-10T15:05:43.529Z","2026-10-10T15:05:43.529Z","false","2026-10-10T15:05:42.520Z","2026-10-08","https://api.worldbank.org/pip/v1/pip?country=all&year=all&fill_gaps=false&reporting_level=national&welfare_type=all&version=20260922_2021_01_02_PROD&format=json","national","national","false","survey","micro","https://datacatalog.worldbank.org/int/public-licenses#cc-by"
"JOR","2006","27.5","8","consistent","HEIS","consumption","2006.14","27.49","8.030000000000001","2006","20260922_2021_01_02_PROD","2026-10-10T15:05:43.529Z","2026-10-10T15:05:43.529Z","false","2026-10-10T15:05:42.520Z","2026-10-08","https://api.worldbank.org/pip/v1/pip?country=all&year=all&fill_gaps=false&reporting_level=national&welfare_type=all&version=20260922_2021_01_02_PROD&format=json","national","national","false","survey","micro","https://datacatalog.worldbank.org/int/public-licenses#cc-by"
"JOR","2008","26.6","8.4","consistent","HEIS","consumption","2008.16","26.57","8.42","2008 - 2010","20260922_2021_01_02_PROD","2026-10-10T15:05:43.529Z","2026-10-10T15:05:43.529Z","false","2026-10-10T15:05:42.520Z","2026-10-08","https://api.worldbank.org/pip/v1/pip?country=all&year=all&fill_gaps=false&reporting_level=national&welfare_type=all&version=20260922_2021_01_02_PROD&format=json","national","national","false","survey","micro","https://datacatalog.worldbank.org/int/public-licenses#cc-by"
"JOR","2010","27.4","8.2","precision-limited","HEIS","consumption","2010.24","27.450000000000003","8.19","2008 - 2010","20260922_2021_01_02_PROD","2026-10-10T15:05:43.529Z","2026-10-10T15:05:43.529Z","false","2026-10-10T15:05:42.520Z","2026-10-08","https://api.worldbank.org/pip/v1/pip?country=all&year=all&fill_gaps=false&reporting_level=national&welfare_type=all&version=20260922_2021_01_02_PROD&format=json","national","national","false","survey","micro","https://datacatalog.worldbank.org/int/public-licenses#cc-by"
"KAZ","2001","27.1","6.7","precision-limited","HBS","consumption","2001","27.139999999999997","6.74","2001 - 2004","20260922_2021_01_02_PROD","2026-10-10T15:05:43.529Z","2026-10-10T15:05:43.529Z","false","2026-10-10T15:05:42.520Z","2026-10-08","https://api.worldbank.org/pip/v1/pip?country=all&year=all&fill_gaps=false&reporting_level=national&welfare_type=all&version=20260922_2021_01_02_PROD&format=json","national","national","false","survey","micro","https://datacatalog.worldbank.org/int/public-licenses#cc-by"
"KAZ","2002","26.8","7.3","consistent","HBS","consumption","2002","26.790000000000003","7.300000000000001","2001 - 2004","20260922_2021_01_02_PROD","2026-10-10T15:05:43.529Z","2026-10-10T15:05:43.529Z","false","2026-10-10T15:05:42.520Z","2026-10-08","https://api.worldbank.org/pip/v1/pip?country=all&year=all&fill_gaps=false&reporting_level=national&welfare_type=all&version=20260922_2021_01_02_PROD&format=json","national","national","false","survey","micro","https://datacatalog.worldbank.org/int/public-licenses#cc-by"
"KAZ","2003","25.8","7.5","consistent","HBS","consumption","2003","25.790000000000003","7.5200000000000005","2001 - 2004","20260922_2021_01_02_PROD","2026-10-10T15:05:43.529Z","2026-10-10T15:05:43.529Z","false","2026-10-10T15:05:42.520Z","2026-10-08","https://api.worldbank.org/pip/v1/pip?country=all&year=all&fill_gaps=false&reporting_level=national&welfare_type=all&version=20260922_2021_01_02_PROD&format=json","national","national","false","survey","micro","https://datacatalog.worldbank.org/int/public-licenses#cc-by"
"KAZ","2004","25.1","8.2","consistent","HBS","consumption","2004","25.1","8.2","2001 - 2004","20260922_2021_01_02_PROD","2026-10-10T15:05:43.529Z","2026-10-10T15:05:43.529Z","false","2026-10-10T15:05:42.520Z","2026-10-08","https://api.worldbank.org/pip/v1/pip?country=all&year=all&fill_gaps=false&reporting_level=national&welfare_type=all&version=20260922_2021_01_02_PROD&format=json","national","national","false","survey","micro","https://datacatalog.worldbank.org/int/public-licenses#cc-by"
"KAZ","2005","29.7","5.9","precision-limited","HBS","consumption","2005","29.720000000000002","5.95","2005 - 2021","20260922_2021_01_02_PROD","2026-10-10T15:05:43.529Z","2026-10-10T15:05:43.529Z","false","2026-10-10T15:05:42.520Z","2026-10-08","https://api.worldbank.org/pip/v1/pip?country=all&year=all&fill_gaps=false&reporting_level=national&welfare_type=all&version=20260922_2021_01_02_PROD&format=json","national","national","false","survey","micro","https://datacatalog.worldbank.org/int/public-licenses#cc-by"
"KAZ","2006","24.9","8.9","consistent","HBS","consumption","2006","24.91","8.93","2005 - 2021","20260922_2021_01_02_PROD","2026-10-10T15:05:43.529Z","2026-10-10T15:05:43.529Z","false","2026-10-10T15:05:42.520Z","2026-10-08","https://api.worldbank.org/pip/v1/pip?country=all&year=all&fill_gaps=false&reporting_level=national&welfare_type=all&version=20260922_2021_01_02_PROD&format=json","national","national","false","survey","micro","https://datacatalog.worldbank.org/int/public-licenses#cc-by"
"KAZ","2007","24.6","8.9","precision-limited","HBS","consumption","2007","24.62","8.940000000000001","2005 - 2021","20260922_2021_01_02_PROD","2026-10-10T15:05:43.529Z","2026-10-10T15:05:43.529Z","false","2026-10-10T15:05:42.520Z","2026-10-08","https://api.worldbank.org/pip/v1/pip?country=all&year=all&fill_gaps=false&reporting_level=national&welfare_type=all&version=20260922_2021_01_02_PROD&format=json","national","national","false","survey","micro","https://datacatalog.worldbank.org/int/public-licenses#cc-by"
"KAZ","2008","23.6","9.5","precision-limited","HBS","consumption","2008","23.64","9.459999999999999","2005 - 2021","20260922_2021_01_02_PROD","2026-10-10T15:05:43.529Z","2026-10-10T15:05:43.529Z","false","2026-10-10T15:05:42.520Z","2026-10-08","https://api.worldbank.org/pip/v1/pip?country=all&year=all&fill_gaps=false&reporting_level=national&welfare_type=all&version=20260922_2021_01_02_PROD&format=json","national","national","false","survey","micro","https://datacatalog.worldbank.org/int/public-licenses#cc-by"
"KAZ","2009","23.1","9.4","consistent","HBS","consumption","2009","23.13","9.4","2005 - 2021","20260922_2021_01_02_PROD","2026-10-10T15:05:43.529Z","2026-10-10T15:05:43.529Z","false","2026-10-10T15:05:42.520Z","2026-10-08","https://api.worldbank.org/pip/v1/pip?country=all&year=all&fill_gaps=false&reporting_level=national&welfare_type=all&version=20260922_2021_01_02_PROD&format=json","national","national","false","survey","micro","https://datacatalog.worldbank.org/int/public-licenses#cc-by"
"KAZ","2010","23.1","9.5","precision-limited","HBS","consumption","2010","23.09","9.54","2005 - 2021","20260922_2021_01_02_PROD","2026-10-10T15:05:43.529Z","2026-10-10T15:05:43.529Z","false","2026-10-10T15:05:42.520Z","2026-10-08","https://api.worldbank.org/pip/v1/pip?country=all&year=all&fill_gaps=false&reporting_level=national&welfare_type=all&version=20260922_2021_01_02_PROD&format=json","national","national","false","survey","micro","https://datacatalog.worldbank.org/int/public-licenses#cc-by"
"KAZ","2011","23","9.5","precision-limited","HBS","consumption","2011","22.95","9.520000000000001","2005 - 2021","20260922_2021_01_02_PROD","2026-10-10T15:05:43.529Z","2026-10-10T15:05:43.529Z","false","2026-10-10T15:05:42.520Z","2026-10-08","https://api.worldbank.org/pip/v1/pip?country=all&year=all&fill_gaps=false&reporting_level=national&welfare_type=all&version=20260922_2021_01_02_PROD&format=json","national","national","false","survey","micro","https://datacatalog.worldbank.org/int/public-licenses#cc-by"
"KAZ","2012","22.9","9.4","consistent","HBS","consumption","2012","22.939999999999998","9.43","2005 - 2021","20260922_2021_01_02_PROD","2026-10-10T15:05:43.529Z","2026-10-10T15:05:43.529Z","false","2026-10-10T15:05:42.520Z","2026-10-08","https://api.worldbank.org/pip/v1/pip?country=all&year=all&fill_gaps=false&reporting_level=national&welfare_type=all&version=20260922_2021_01_02_PROD&format=json","national","national","false","survey","micro","https://datacatalog.worldbank.org/int/public-licenses#cc-by"
"KAZ","2013","22.5","9.8","consistent","HBS","consumption","2013","22.509999999999998","9.82","2005 - 2021","20260922_2021_01_02_PROD","2026-10-10T15:05:43.529Z","2026-10-10T15:05:43.529Z","false","2026-10-10T15:05:42.520Z","2026-10-08","https://api.worldbank.org/pip/v1/pip?country=all&year=all&fill_gaps=false&reporting_level=national&welfare_type=all&version=20260922_2021_01_02_PROD&format=json","national","national","false","survey","micro","https://datacatalog.worldbank.org/int/public-licenses#cc-by"
"KAZ","2014","22.6","9.9","precision-limited","HBS","consumption","2014","22.62","9.85","2005 - 2021","20260922_2021_01_02_PROD","2026-10-10T15:05:43.529Z","2026-10-10T15:05:43.529Z","false","2026-10-10T15:05:42.520Z","2026-10-08","https://api.worldbank.org/pip/v1/pip?country=all&year=all&fill_gaps=false&reporting_level=national&welfare_type=all&version=20260922_2021_01_02_PROD&format=json","national","national","false","survey","micro","https://datacatalog.worldbank.org/int/public-licenses#cc-by"
"KAZ","2015","22.6","10","consistent","HBS","consumption","2015","22.58","9.97","2005 - 2021","20260922_2021_01_02_PROD","2026-10-10T15:05:43.529Z","2026-10-10T15:05:43.529Z","false","2026-10-10T15:05:42.520Z","2026-10-08","https://api.worldbank.org/pip/v1/pip?country=all&year=all&fill_gaps=false&reporting_level=national&welfare_type=all&version=20260922_2021_01_02_PROD&format=json","national","national","false","survey","micro","https://datacatalog.worldbank.org/int/public-licenses#cc-by"
"KAZ","2016","22.7","9.8","consistent","HBS","consumption","2016","22.720000000000002","9.77","2005 - 2021","20260922_2021_01_02_PROD","2026-10-10T15:05:43.529Z","2026-10-10T15:05:43.529Z","false","2026-10-10T15:05:42.520Z","2026-10-08","https://api.worldbank.org/pip/v1/pip?country=all&year=all&fill_gaps=false&reporting_level=national&welfare_type=all&version=20260922_2021_01_02_PROD&format=json","national","national","false","survey","micro","https://datacatalog.worldbank.org/int/public-licenses#cc-by"
"KAZ","2017","23","9.8","consistent","HBS","consumption","2017","22.98","9.8","2005 - 2021","20260922_2021_01_02_PROD","2026-10-10T15:05:43.529Z","2026-10-10T15:05:43.529Z","false","2026-10-10T15:05:42.520Z","2026-10-08","https://api.worldbank.org/pip/v1/pip?country=all&year=all&fill_gaps=false&reporting_level=national&welfare_type=all&version=20260922_2021_01_02_PROD&format=json","national","national","false","survey","micro","https://datacatalog.worldbank.org/int/public-licenses#cc-by"
"KAZ","2018","23.4","9.8","precision-limited","HBS","consumption","2018","23.45","9.85","2005 - 2021","20260922_2021_01_02_PROD","2026-10-10T15:05:43.529Z","2026-10-10T15:05:43.529Z","false","2026-10-10T15:05:42.520Z","2026-10-08","https://api.worldbank.org/pip/v1/pip?country=all&year=all&fill_gaps=false&reporting_level=national&welfare_type=all&version=20260922_2021_01_02_PROD&format=json","national","national","false","survey","micro","https://datacatalog.worldbank.org/int/public-licenses#cc-by"
"KAZ","2019","23.6","9.8","consistent","HBS","consumption","2019","23.62","9.82","2005 - 2021","20260922_2021_01_02_PROD","2026-10-10T15:05:43.529Z","2026-10-10T15:05:43.529Z","false","2026-10-10T15:05:42.520Z","2026-10-08","https://api.worldbank.org/pip/v1/pip?country=all&year=all&fill_gaps=false&reporting_level=national&welfare_type=all&version=20260922_2021_01_02_PROD&format=json","national","national","false","survey","micro","https://datacatalog.worldbank.org/int/public-licenses#cc-by"
"KAZ","2020","24.2","9.8","precision-limited","HBS","consumption","2020","24.21","9.76","2005 - 2021","20260922_2021_01_02_PROD","2026-10-10T15:05:43.529Z","2026-10-10T15:05:43.529Z","false","2026-10-10T15:05:42.520Z","2026-10-08","https://api.worldbank.org/pip/v1/pip?country=all&year=all&fill_gaps=false&reporting_level=national&welfare_type=all&version=20260922_2021_01_02_PROD&format=json","national","national","false","survey","micro","https://datacatalog.worldbank.org/int/public-licenses#cc-by"
"KAZ","2021","24.8","9.8","consistent","HBS","consumption","2021","24.8","9.78","2005 - 2021","20260922_2021_01_02_PROD","2026-10-10T15:05:43.529Z","2026-10-10T15:05:43.529Z","false","2026-10-10T15:05:42.520Z","2026-10-08","https://api.worldbank.org/pip/v1/pip?country=all&year=all&fill_gaps=false&reporting_level=national&welfare_type=all&version=20260922_2021_01_02_PROD&format=json","national","national","false","survey","micro","https://datacatalog.worldbank.org/int/public-licenses#cc-by"
"KEN","2005","36.8","5","precision-limited","IHBS","consumption","2005.38","36.809999999999995","4.96","2005 - 2022","20260922_2021_01_02_PROD","2026-10-10T15:05:43.529Z","2026-10-10T15:05:43.529Z","false","2026-10-10T15:05:42.520Z","2026-10-08","https://api.worldbank.org/pip/v1/pip?country=all&year=all&fill_gaps=false&reporting_level=national&welfare_type=all&version=20260922_2021_01_02_PROD&format=json","national","national","false","survey","micro","https://datacatalog.worldbank.org/int/public-licenses#cc-by"
"KEN","2015","31.6","6.2","precision-limited","IHBS","consumption","2015.67","31.56","6.15","2005 - 2022","20260922_2021_01_02_PROD","2026-10-10T15:05:43.529Z","2026-10-10T15:05:43.529Z","false","2026-10-10T15:05:42.520Z","2026-10-08","https://api.worldbank.org/pip/v1/pip?country=all&year=all&fill_gaps=false&reporting_level=national&welfare_type=all&version=20260922_2021_01_02_PROD&format=json","national","national","false","survey","micro","https://datacatalog.worldbank.org/int/public-licenses#cc-by"
"KEN","2020","28.4","7.3","consistent","KCHS","consumption","2020","28.42","7.3","2005 - 2022","20260922_2021_01_02_PROD","2026-10-10T15:05:43.529Z","2026-10-10T15:05:43.529Z","false","2026-10-10T15:05:42.520Z","2026-10-08","https://api.worldbank.org/pip/v1/pip?country=all&year=all&fill_gaps=false&reporting_level=national&welfare_type=all&version=20260922_2021_01_02_PROD&format=json","national","national","false","survey","micro","https://datacatalog.worldbank.org/int/public-licenses#cc-by"
"KEN","2021","31.8","7.2","consistent","KCHS","consumption","2021","31.790000000000003","7.199999999999999","2005 - 2022","20260922_2021_01_02_PROD","2026-10-10T15:05:43.529Z","2026-10-10T15:05:43.529Z","false","2026-10-10T15:05:42.520Z","2026-10-08","https://api.worldbank.org/pip/v1/pip?country=all&year=all&fill_gaps=false&reporting_level=national&welfare_type=all&version=20260922_2021_01_02_PROD&format=json","national","national","false","survey","micro","https://datacatalog.worldbank.org/int/public-licenses#cc-by"
"KEN","2022","30.9","7.1","consistent","KCHS","consumption","2022.67","30.86","7.08","2005 - 2022","20260922_2021_01_02_PROD","2026-10-10T15:05:43.529Z","2026-10-10T15:05:43.529Z","false","2026-10-10T15:05:42.520Z","2026-10-08","https://api.worldbank.org/pip/v1/pip?country=all&year=all&fill_gaps=false&reporting_level=national&welfare_type=all&version=20260922_2021_01_02_PROD&format=json","national","national","false","survey","micro","https://datacatalog.worldbank.org/int/public-licenses#cc-by"
"KIR","2006","29.2","6.6","consistent","HIES","consumption","2006","29.220000000000002","6.59","2006","20260922_2021_01_02_PROD","2026-10-10T15:05:43.529Z","2026-10-10T15:05:43.529Z","false","2026-10-10T15:05:42.520Z","2026-10-08","https://api.worldbank.org/pip/v1/pip?country=all&year=all&fill_gaps=false&reporting_level=national&welfare_type=all&version=20260922_2021_01_02_PROD&format=json","national","national","false","survey","micro","https://datacatalog.worldbank.org/int/public-licenses#cc-by"
"KIR","2019","22.8","9.5","consistent","HIES","consumption","2019.27","22.84","9.47","2019 - 2023","20260922_2021_01_02_PROD","2026-10-10T15:05:43.529Z","2026-10-10T15:05:43.529Z","false","2026-10-10T15:05:42.520Z","2026-10-08","https://api.worldbank.org/pip/v1/pip?country=all&year=all&fill_gaps=false&reporting_level=national&welfare_type=all&version=20260922_2021_01_02_PROD&format=json","national","national","false","survey","micro","https://datacatalog.worldbank.org/int/public-licenses#cc-by"
"KIR","2023","20.9","10.2","consistent","HIES","consumption","2023.42","20.91","10.190000000000001","2019 - 2023","20260922_2021_01_02_PROD","2026-10-10T15:05:43.529Z","2026-10-10T15:05:43.529Z","false","2026-10-10T15:05:42.520Z","2026-10-08","https://api.worldbank.org/pip/v1/pip?country=all&year=all&fill_gaps=false&reporting_level=national&welfare_type=all&version=20260922_2021_01_02_PROD&format=json","national","national","false","survey","micro","https://datacatalog.worldbank.org/int/public-licenses#cc-by"
"KOR","2006","24","7.3","consistent","HIES-FHES-LIS","income","2006","24.03","7.300000000000001","2006 - 2014","20260922_2021_01_02_PROD","2026-10-10T15:05:43.529Z","2026-10-10T15:05:43.529Z","false","2026-10-10T15:05:42.520Z","2026-10-08","https://api.worldbank.org/pip/v1/pip?country=all&year=all&fill_gaps=false&reporting_level=national&welfare_type=all&version=20260922_2021_01_02_PROD&format=json","national","national","false","survey","micro","https://datacatalog.worldbank.org/int/public-licenses#cc-by"
"KOR","2008","24.5","7.2","consistent","HIES-FHES-LIS","income","2008","24.48","7.21","2006 - 2014","20260922_2021_01_02_PROD","2026-10-10T15:05:43.529Z","2026-10-10T15:05:43.529Z","false","2026-10-10T15:05:42.520Z","2026-10-08","https://api.worldbank.org/pip/v1/pip?country=all&year=all&fill_gaps=false&reporting_level=national&welfare_type=all&version=20260922_2021_01_02_PROD&format=json","national","national","false","survey","micro","https://datacatalog.worldbank.org/int/public-licenses#cc-by"
"KOR","2010","24.2","7.3","precision-limited","HIES-FHES-LIS","income","2010","24.21","7.26","2006 - 2014","20260922_2021_01_02_PROD","2026-10-10T15:05:43.529Z","2026-10-10T15:05:43.529Z","false","2026-10-10T15:05:42.520Z","2026-10-08","https://api.worldbank.org/pip/v1/pip?country=all&year=all&fill_gaps=false&reporting_level=national&welfare_type=all&version=20260922_2021_01_02_PROD&format=json","national","national","false","survey","micro","https://datacatalog.worldbank.org/int/public-licenses#cc-by"
"KOR","2012","23.8","7.3","consistent","HIES-FHES-LIS","income","2012","23.78","7.2700000000000005","2006 - 2014","20260922_2021_01_02_PROD","2026-10-10T15:05:43.529Z","2026-10-10T15:05:43.529Z","false","2026-10-10T15:05:42.520Z","2026-10-08","https://api.worldbank.org/pip/v1/pip?country=all&year=all&fill_gaps=false&reporting_level=national&welfare_type=all&version=20260922_2021_01_02_PROD&format=json","national","national","false","survey","micro","https://datacatalog.worldbank.org/int/public-licenses#cc-by"
"KOR","2014","23.7","7.5","precision-limited","HIES-FHES-LIS","income","2014","23.66","7.46","2006 - 2014","20260922_2021_01_02_PROD","2026-10-10T15:05:43.529Z","2026-10-10T15:05:43.529Z","false","2026-10-10T15:05:42.520Z","2026-10-08","https://api.worldbank.org/pip/v1/pip?country=all&year=all&fill_gaps=false&reporting_level=national&welfare_type=all&version=20260922_2021_01_02_PROD&format=json","national","national","false","survey","micro","https://datacatalog.worldbank.org/int/public-licenses#cc-by"
"KOR","2016","26.4","6.5","precision-limited","SHFLC-LIS","income","2016","26.44","6.54","2016 - 2021","20260922_2021_01_02_PROD","2026-10-10T15:05:43.529Z","2026-10-10T15:05:43.529Z","false","2026-10-10T15:05:42.520Z","2026-10-08","https://api.worldbank.org/pip/v1/pip?country=all&year=all&fill_gaps=false&reporting_level=national&welfare_type=all&version=20260922_2021_01_02_PROD&format=json","national","national","false","survey","micro","https://datacatalog.worldbank.org/int/public-licenses#cc-by"
"KOR","2017","26.1","6.6","consistent","SHFLC-LIS","income","2017","26.07","6.6000000000000005","2016 - 2021","20260922_2021_01_02_PROD","2026-10-10T15:05:43.529Z","2026-10-10T15:05:43.529Z","false","2026-10-10T15:05:42.520Z","2026-10-08","https://api.worldbank.org/pip/v1/pip?country=all&year=all&fill_gaps=false&reporting_level=national&welfare_type=all&version=20260922_2021_01_02_PROD&format=json","national","national","false","survey","micro","https://datacatalog.worldbank.org/int/public-licenses#cc-by"
"KOR","2018","25.2","7","precision-limited","SHFLC-LIS","income","2018","25.22","6.949999999999999","2016 - 2021","20260922_2021_01_02_PROD","2026-10-10T15:05:43.529Z","2026-10-10T15:05:43.529Z","false","2026-10-10T15:05:42.520Z","2026-10-08","https://api.worldbank.org/pip/v1/pip?country=all&year=all&fill_gaps=false&reporting_level=national&welfare_type=all&version=20260922_2021_01_02_PROD&format=json","national","national","false","survey","micro","https://datacatalog.worldbank.org/int/public-licenses#cc-by"
"KOR","2019","25.2","7.2","consistent","SHFLC-LIS","income","2019","25.169999999999998","7.23","2016 - 2021","20260922_2021_01_02_PROD","2026-10-10T15:05:43.529Z","2026-10-10T15:05:43.529Z","false","2026-10-10T15:05:42.520Z","2026-10-08","https://api.worldbank.org/pip/v1/pip?country=all&year=all&fill_gaps=false&reporting_level=national&welfare_type=all&version=20260922_2021_01_02_PROD&format=json","national","national","false","survey","micro","https://datacatalog.worldbank.org/int/public-licenses#cc-by"
"KOR","2020","25.2","7.5","consistent","SHFLC-LIS","income","2020","25.230000000000004","7.5","2016 - 2021","20260922_2021_01_02_PROD","2026-10-10T15:05:43.529Z","2026-10-10T15:05:43.529Z","false","2026-10-10T15:05:42.520Z","2026-10-08","https://api.worldbank.org/pip/v1/pip?country=all&year=all&fill_gaps=false&reporting_level=national&welfare_type=all&version=20260922_2021_01_02_PROD&format=json","national","national","false","survey","micro","https://datacatalog.worldbank.org/int/public-licenses#cc-by"
"KOR","2021","25","7.4","precision-limited","SHFLC-LIS","income","2021","25","7.35","2016 - 2021","20260922_2021_01_02_PROD","2026-10-10T15:05:43.529Z","2026-10-10T15:05:43.529Z","false","2026-10-10T15:05:42.520Z","2026-10-08","https://api.worldbank.org/pip/v1/pip?country=all&year=all&fill_gaps=false&reporting_level=national&welfare_type=all&version=20260922_2021_01_02_PROD&format=json","national","national","false","survey","micro","https://datacatalog.worldbank.org/int/public-licenses#cc-by"
"XKX","2003","23.2","9.1","consistent","HBS","consumption","2003","23.16","9.120000000000001","2003 - 2011","20260922_2021_01_02_PROD","2026-10-10T15:05:43.529Z","2026-10-10T15:05:43.529Z","false","2026-10-10T15:05:42.520Z","2026-10-08","https://api.worldbank.org/pip/v1/pip?country=all&year=all&fill_gaps=false&reporting_level=national&welfare_type=all&version=20260922_2021_01_02_PROD&format=json","national","national","false","survey","micro","https://datacatalog.worldbank.org/int/public-licenses#cc-by"
"XKX","2005","24.2","8.2","precision-limited","HBS","consumption","2005","24.169999999999998","8.16","2003 - 2011","20260922_2021_01_02_PROD","2026-10-10T15:05:43.529Z","2026-10-10T15:05:43.529Z","false","2026-10-10T15:05:42.520Z","2026-10-08","https://api.worldbank.org/pip/v1/pip?country=all&year=all&fill_gaps=false&reporting_level=national&welfare_type=all&version=20260922_2021_01_02_PROD&format=json","national","national","false","survey","micro","https://datacatalog.worldbank.org/int/public-licenses#cc-by"
"XKX","2006","24","8.5","consistent","HBS","consumption","2006","24.04","8.52","2003 - 2011","20260922_2021_01_02_PROD","2026-10-10T15:05:43.529Z","2026-10-10T15:05:43.529Z","false","2026-10-10T15:05:42.520Z","2026-10-08","https://api.worldbank.org/pip/v1/pip?country=all&year=all&fill_gaps=false&reporting_level=national&welfare_type=all&version=20260922_2021_01_02_PROD&format=json","national","national","false","survey","micro","https://datacatalog.worldbank.org/int/public-licenses#cc-by"
"XKX","2009","25","8","consistent","HBS","consumption","2009","24.959999999999997","7.99","2003 - 2011","20260922_2021_01_02_PROD","2026-10-10T15:05:43.529Z","2026-10-10T15:05:43.529Z","false","2026-10-10T15:05:42.520Z","2026-10-08","https://api.worldbank.org/pip/v1/pip?country=all&year=all&fill_gaps=false&reporting_level=national&welfare_type=all&version=20260922_2021_01_02_PROD&format=json","national","national","false","survey","micro","https://datacatalog.worldbank.org/int/public-licenses#cc-by"
"XKX","2010","25.7","7.8","consistent","HBS","consumption","2010","25.71","7.780000000000001","2003 - 2011","20260922_2021_01_02_PROD","2026-10-10T15:05:43.529Z","2026-10-10T15:05:43.529Z","false","2026-10-10T15:05:42.520Z","2026-10-08","https://api.worldbank.org/pip/v1/pip?country=all&year=all&fill_gaps=false&reporting_level=national&welfare_type=all&version=20260922_2021_01_02_PROD&format=json","national","national","false","survey","micro","https://datacatalog.worldbank.org/int/public-licenses#cc-by"
"XKX","2011","22.3","9","consistent","HBS","consumption","2011","22.28","9.03","2003 - 2011","20260922_2021_01_02_PROD","2026-10-10T15:05:43.529Z","2026-10-10T15:05:43.529Z","false","2026-10-10T15:05:42.520Z","2026-10-08","https://api.worldbank.org/pip/v1/pip?country=all&year=all&fill_gaps=false&reporting_level=national&welfare_type=all&version=20260922_2021_01_02_PROD&format=json","national","national","false","survey","micro","https://datacatalog.worldbank.org/int/public-licenses#cc-by"
"XKX","2012","23.5","8.8","consistent","HBS","consumption","2012","23.48","8.83","2012 - 2017","20260922_2021_01_02_PROD","2026-10-10T15:05:43.529Z","2026-10-10T15:05:43.529Z","false","2026-10-10T15:05:42.520Z","2026-10-08","https://api.worldbank.org/pip/v1/pip?country=all&year=all&fill_gaps=false&reporting_level=national&welfare_type=all&version=20260922_2021_01_02_PROD&format=json","national","national","false","survey","micro","https://datacatalog.worldbank.org/int/public-licenses#cc-by"
"XKX","2013","21.9","9.7","consistent","HBS","consumption","2013","21.94","9.69","2012 - 2017","20260922_2021_01_02_PROD","2026-10-10T15:05:43.529Z","2026-10-10T15:05:43.529Z","false","2026-10-10T15:05:42.520Z","2026-10-08","https://api.worldbank.org/pip/v1/pip?country=all&year=all&fill_gaps=false&reporting_level=national&welfare_type=all&version=20260922_2021_01_02_PROD&format=json","national","national","false","survey","micro","https://datacatalog.worldbank.org/int/public-licenses#cc-by"
"XKX","2014","22","9.1","consistent","HBS","consumption","2014","21.98","9.11","2012 - 2017","20260922_2021_01_02_PROD","2026-10-10T15:05:43.529Z","2026-10-10T15:05:43.529Z","false","2026-10-10T15:05:42.520Z","2026-10-08","https://api.worldbank.org/pip/v1/pip?country=all&year=all&fill_gaps=false&reporting_level=national&welfare_type=all&version=20260922_2021_01_02_PROD&format=json","national","national","false","survey","micro","https://datacatalog.worldbank.org/int/public-licenses#cc-by"
"XKX","2015","21.5","9.5","consistent","HBS","consumption","2015","21.529999999999998","9.53","2012 - 2017","20260922_2021_01_02_PROD","2026-10-10T15:05:43.529Z","2026-10-10T15:05:43.529Z","false","2026-10-10T15:05:42.520Z","2026-10-08","https://api.worldbank.org/pip/v1/pip?country=all&year=all&fill_gaps=false&reporting_level=national&welfare_type=all&version=20260922_2021_01_02_PROD&format=json","national","national","false","survey","micro","https://datacatalog.worldbank.org/int/public-licenses#cc-by"
"XKX","2016","21.8","9.4","consistent","HBS","consumption","2016","21.8","9.43","2012 - 2017","20260922_2021_01_02_PROD","2026-10-10T15:05:43.529Z","2026-10-10T15:05:43.529Z","false","2026-10-10T15:05:42.520Z","2026-10-08","https://api.worldbank.org/pip/v1/pip?country=all&year=all&fill_gaps=false&reporting_level=national&welfare_type=all&version=20260922_2021_01_02_PROD&format=json","national","national","false","survey","micro","https://datacatalog.worldbank.org/int/public-licenses#cc-by"
"XKX","2017","31.2","3.5","consistent","SILC-C","income","2017","31.240000000000002","3.4799999999999995","2017 - 2022","20260922_2021_01_02_PROD","2026-10-10T15:05:43.529Z","2026-10-10T15:05:43.529Z","false","2026-10-10T15:05:42.520Z","2026-10-08","https://api.worldbank.org/pip/v1/pip?country=all&year=all&fill_gaps=false&reporting_level=national&welfare_type=all&version=20260922_2021_01_02_PROD&format=json","national","national","false","survey","micro","https://datacatalog.worldbank.org/int/public-licenses#cc-by"
"XKX","2018","30.8","3","consistent","SILC-C","income","2018","30.81","3.01","2017 - 2022","20260922_2021_01_02_PROD","2026-10-10T15:05:43.529Z","2026-10-10T15:05:43.529Z","false","2026-10-10T15:05:42.520Z","2026-10-08","https://api.worldbank.org/pip/v1/pip?country=all&year=all&fill_gaps=false&reporting_level=national&welfare_type=all&version=20260922_2021_01_02_PROD&format=json","national","national","false","survey","micro","https://datacatalog.worldbank.org/int/public-licenses#cc-by"
"XKX","2019","28.8","4.3","consistent","SILC-C","income","2019","28.76","4.31","2017 - 2022","20260922_2021_01_02_PROD","2026-10-10T15:05:43.529Z","2026-10-10T15:05:43.529Z","false","2026-10-10T15:05:42.520Z","2026-10-08","https://api.worldbank.org/pip/v1/pip?country=all&year=all&fill_gaps=false&reporting_level=national&welfare_type=all&version=20260922_2021_01_02_PROD&format=json","national","national","false","survey","micro","https://datacatalog.worldbank.org/int/public-licenses#cc-by"
"XKX","2020","45.9","1.7","precision-limited","SILC-C","income","2020","45.910000000000004","1.7399999999999998","2017 - 2022","20260922_2021_01_02_PROD","2026-10-10T15:05:43.529Z","2026-10-10T15:05:43.529Z","false","2026-10-10T15:05:42.520Z","2026-10-08","https://api.worldbank.org/pip/v1/pip?country=all&year=all&fill_gaps=false&reporting_level=national&welfare_type=all&version=20260922_2021_01_02_PROD&format=json","national","national","false","survey","micro","https://datacatalog.worldbank.org/int/public-licenses#cc-by"
"XKX","2021","32.9","1.9","precision-limited","SILC-C","income","2021","32.85","1.87","2017 - 2022","20260922_2021_01_02_PROD","2026-10-10T15:05:43.529Z","2026-10-10T15:05:43.529Z","false","2026-10-10T15:05:42.520Z","2026-10-08","https://api.worldbank.org/pip/v1/pip?country=all&year=all&fill_gaps=false&reporting_level=national&welfare_type=all&version=20260922_2021_01_02_PROD&format=json","national","national","false","survey","micro","https://datacatalog.worldbank.org/int/public-licenses#cc-by"
"XKX","2022","25.1","4.5","precision-limited","SILC-C","income","2022","25.15","4.46","2017 - 2022","20260922_2021_01_02_PROD","2026-10-10T15:05:43.529Z","2026-10-10T15:05:43.529Z","false","2026-10-10T15:05:42.520Z","2026-10-08","https://api.worldbank.org/pip/v1/pip?country=all&year=all&fill_gaps=false&reporting_level=national&welfare_type=all&version=20260922_2021_01_02_PROD&format=json","national","national","false","survey","micro","https://datacatalog.worldbank.org/int/public-licenses#cc-by"
"KGZ","2000","24.8","8.6","consistent","HBS","consumption","2000","24.84","8.629999999999999","2000 - 2003","20260922_2021_01_02_PROD","2026-10-10T15:05:43.529Z","2026-10-10T15:05:43.529Z","false","2026-10-10T15:05:42.520Z","2026-10-08","https://api.worldbank.org/pip/v1/pip?country=all&year=all&fill_gaps=false&reporting_level=national&welfare_type=all&version=20260922_2021_01_02_PROD&format=json","national","national","false","survey","micro","https://datacatalog.worldbank.org/int/public-licenses#cc-by"
"KGZ","2001","23.9","8.8","consistent","HBS","consumption","2001","23.880000000000003","8.78","2000 - 2003","20260922_2021_01_02_PROD","2026-10-10T15:05:43.529Z","2026-10-10T15:05:43.529Z","false","2026-10-10T15:05:42.520Z","2026-10-08","https://api.worldbank.org/pip/v1/pip?country=all&year=all&fill_gaps=false&reporting_level=national&welfare_type=all&version=20260922_2021_01_02_PROD&format=json","national","national","false","survey","micro","https://datacatalog.worldbank.org/int/public-licenses#cc-by"
"KGZ","2002","23.9","8.6","precision-limited","HBS","consumption","2002","23.94","8.649999999999999","2000 - 2003","20260922_2021_01_02_PROD","2026-10-10T15:05:43.529Z","2026-10-10T15:05:43.529Z","false","2026-10-10T15:05:42.520Z","2026-10-08","https://api.worldbank.org/pip/v1/pip?country=all&year=all&fill_gaps=false&reporting_level=national&welfare_type=all&version=20260922_2021_01_02_PROD&format=json","national","national","false","survey","micro","https://datacatalog.worldbank.org/int/public-licenses#cc-by"
"KGZ","2003","23.3","9.3","consistent","HBS","consumption","2003","23.28","9.28","2000 - 2003","20260922_2021_01_02_PROD","2026-10-10T15:05:43.529Z","2026-10-10T15:05:43.529Z","false","2026-10-10T15:05:42.520Z","2026-10-08","https://api.worldbank.org/pip/v1/pip?country=all&year=all&fill_gaps=false&reporting_level=national&welfare_type=all&version=20260922_2021_01_02_PROD&format=json","national","national","false","survey","micro","https://datacatalog.worldbank.org/int/public-licenses#cc-by"
"KGZ","2004","27.2","7.7","consistent","KIHS","consumption","2004","27.169999999999998","7.669999999999999","2004 - 2024","20260922_2021_01_02_PROD","2026-10-10T15:05:43.529Z","2026-10-10T15:05:43.529Z","false","2026-10-10T15:05:42.520Z","2026-10-08","https://api.worldbank.org/pip/v1/pip?country=all&year=all&fill_gaps=false&reporting_level=national&welfare_type=all&version=20260922_2021_01_02_PROD&format=json","national","national","false","survey","micro","https://datacatalog.worldbank.org/int/public-licenses#cc-by"
"KGZ","2005","26.1","8.4","precision-limited","KIHS","consumption","2005","26.150000000000002","8.360000000000001","2004 - 2024","20260922_2021_01_02_PROD","2026-10-10T15:05:43.529Z","2026-10-10T15:05:43.529Z","false","2026-10-10T15:05:42.520Z","2026-10-08","https://api.worldbank.org/pip/v1/pip?country=all&year=all&fill_gaps=false&reporting_level=national&welfare_type=all&version=20260922_2021_01_02_PROD&format=json","national","national","false","survey","micro","https://datacatalog.worldbank.org/int/public-licenses#cc-by"
"KGZ","2006","29.4","7.3","consistent","KIHS","consumption","2006","29.37","7.2700000000000005","2004 - 2024","20260922_2021_01_02_PROD","2026-10-10T15:05:43.529Z","2026-10-10T15:05:43.529Z","false","2026-10-10T15:05:42.520Z","2026-10-08","https://api.worldbank.org/pip/v1/pip?country=all&year=all&fill_gaps=false&reporting_level=national&welfare_type=all&version=20260922_2021_01_02_PROD&format=json","national","national","false","survey","micro","https://datacatalog.worldbank.org/int/public-licenses#cc-by"
"KGZ","2007","26.5","7.6","consistent","KIHS","consumption","2007","26.479999999999997","7.62","2004 - 2024","20260922_2021_01_02_PROD","2026-10-10T15:05:43.529Z","2026-10-10T15:05:43.529Z","false","2026-10-10T15:05:42.520Z","2026-10-08","https://api.worldbank.org/pip/v1/pip?country=all&year=all&fill_gaps=false&reporting_level=national&welfare_type=all&version=20260922_2021_01_02_PROD&format=json","national","national","false","survey","micro","https://datacatalog.worldbank.org/int/public-licenses#cc-by"
"KGZ","2008","25.3","8.4","consistent","KIHS","consumption","2008","25.3","8.39","2004 - 2024","20260922_2021_01_02_PROD","2026-10-10T15:05:43.529Z","2026-10-10T15:05:43.529Z","false","2026-10-10T15:05:42.520Z","2026-10-08","https://api.worldbank.org/pip/v1/pip?country=all&year=all&fill_gaps=false&reporting_level=national&welfare_type=all&version=20260922_2021_01_02_PROD&format=json","national","national","false","survey","micro","https://datacatalog.worldbank.org/int/public-licenses#cc-by"
"KGZ","2009","24.6","9.1","consistent","KIHS","consumption","2009","24.58","9.120000000000001","2004 - 2024","20260922_2021_01_02_PROD","2026-10-10T15:05:43.529Z","2026-10-10T15:05:43.529Z","false","2026-10-10T15:05:42.520Z","2026-10-08","https://api.worldbank.org/pip/v1/pip?country=all&year=all&fill_gaps=false&reporting_level=national&welfare_type=all&version=20260922_2021_01_02_PROD&format=json","national","national","false","survey","micro","https://datacatalog.worldbank.org/int/public-licenses#cc-by"
"KGZ","2010","24.6","8.7","precision-limited","KIHS","consumption","2010","24.6","8.66","2004 - 2024","20260922_2021_01_02_PROD","2026-10-10T15:05:43.529Z","2026-10-10T15:05:43.529Z","false","2026-10-10T15:05:42.520Z","2026-10-08","https://api.worldbank.org/pip/v1/pip?country=all&year=all&fill_gaps=false&reporting_level=national&welfare_type=all&version=20260922_2021_01_02_PROD&format=json","national","national","false","survey","micro","https://datacatalog.worldbank.org/int/public-licenses#cc-by"
"KGZ","2011","23.5","9.7","precision-limited","KIHS","consumption","2011","23.49","9.659999999999998","2004 - 2024","20260922_2021_01_02_PROD","2026-10-10T15:05:43.529Z","2026-10-10T15:05:43.529Z","false","2026-10-10T15:05:42.520Z","2026-10-08","https://api.worldbank.org/pip/v1/pip?country=all&year=all&fill_gaps=false&reporting_level=national&welfare_type=all&version=20260922_2021_01_02_PROD&format=json","national","national","false","survey","micro","https://datacatalog.worldbank.org/int/public-licenses#cc-by"
"KGZ","2012","23.1","9.6","consistent","KIHS","consumption","2012","23.13","9.61","2004 - 2024","20260922_2021_01_02_PROD","2026-10-10T15:05:43.529Z","2026-10-10T15:05:43.529Z","false","2026-10-10T15:05:42.520Z","2026-10-08","https://api.worldbank.org/pip/v1/pip?country=all&year=all&fill_gaps=false&reporting_level=national&welfare_type=all&version=20260922_2021_01_02_PROD&format=json","national","national","false","survey","micro","https://datacatalog.worldbank.org/int/public-licenses#cc-by"
"KGZ","2013","23.8","9.3","consistent","KIHS","consumption","2013","23.84","9.3","2004 - 2024","20260922_2021_01_02_PROD","2026-10-10T15:05:43.529Z","2026-10-10T15:05:43.529Z","false","2026-10-10T15:05:42.520Z","2026-10-08","https://api.worldbank.org/pip/v1/pip?country=all&year=all&fill_gaps=false&reporting_level=national&welfare_type=all&version=20260922_2021_01_02_PROD&format=json","national","national","false","survey","micro","https://datacatalog.worldbank.org/int/public-licenses#cc-by"
"KGZ","2014","22.9","10","consistent","KIHS","consumption","2014","22.88","10.020000000000001","2004 - 2024","20260922_2021_01_02_PROD","2026-10-10T15:05:43.529Z","2026-10-10T15:05:43.529Z","false","2026-10-10T15:05:42.520Z","2026-10-08","https://api.worldbank.org/pip/v1/pip?country=all&year=all&fill_gaps=false&reporting_level=national&welfare_type=all&version=20260922_2021_01_02_PROD&format=json","national","national","false","survey","micro","https://datacatalog.worldbank.org/int/public-licenses#cc-by"
"KGZ","2015","24.8","9.5","consistent","KIHS","consumption","2015","24.77","9.48","2004 - 2024","20260922_2021_01_02_PROD","2026-10-10T15:05:43.529Z","2026-10-10T15:05:43.529Z","false","2026-10-10T15:05:42.520Z","2026-10-08","https://api.worldbank.org/pip/v1/pip?country=all&year=all&fill_gaps=false&reporting_level=national&welfare_type=all&version=20260922_2021_01_02_PROD&format=json","national","national","false","survey","micro","https://datacatalog.worldbank.org/int/public-licenses#cc-by"
"KGZ","2016","22.9","10","precision-limited","KIHS","consumption","2016","22.91","10.040000000000001","2004 - 2024","20260922_2021_01_02_PROD","2026-10-10T15:05:43.529Z","2026-10-10T15:05:43.529Z","false","2026-10-10T15:05:42.520Z","2026-10-08","https://api.worldbank.org/pip/v1/pip?country=all&year=all&fill_gaps=false&reporting_level=national&welfare_type=all&version=20260922_2021_01_02_PROD&format=json","national","national","false","survey","micro","https://datacatalog.worldbank.org/int/public-licenses#cc-by"
"KGZ","2017","23.3","9.9","consistent","KIHS","consumption","2017","23.28","9.889999999999999","2004 - 2024","20260922_2021_01_02_PROD","2026-10-10T15:05:43.529Z","2026-10-10T15:05:43.529Z","false","2026-10-10T15:05:42.520Z","2026-10-08","https://api.worldbank.org/pip/v1/pip?country=all&year=all&fill_gaps=false&reporting_level=national&welfare_type=all&version=20260922_2021_01_02_PROD&format=json","national","national","false","survey","micro","https://datacatalog.worldbank.org/int/public-licenses#cc-by"
"KGZ","2018","23.6","9.9","consistent","KIHS","consumption","2018","23.62","9.89","2004 - 2024","20260922_2021_01_02_PROD","2026-10-10T15:05:43.529Z","2026-10-10T15:05:43.529Z","false","2026-10-10T15:05:42.520Z","2026-10-08","https://api.worldbank.org/pip/v1/pip?country=all&year=all&fill_gaps=false&reporting_level=national&welfare_type=all&version=20260922_2021_01_02_PROD&format=json","national","national","false","survey","micro","https://datacatalog.worldbank.org/int/public-licenses#cc-by"
"KGZ","2019","25.8","9.6","consistent","KIHS","consumption","2019","25.83","9.59","2004 - 2024","20260922_2021_01_02_PROD","2026-10-10T15:05:43.529Z","2026-10-10T15:05:43.529Z","false","2026-10-10T15:05:42.520Z","2026-10-08","https://api.worldbank.org/pip/v1/pip?country=all&year=all&fill_gaps=false&reporting_level=national&welfare_type=all&version=20260922_2021_01_02_PROD&format=json","national","national","false","survey","micro","https://datacatalog.worldbank.org/int/public-licenses#cc-by"
"KGZ","2020","24","9.4","precision-limited","KIHS","consumption","2020","24.03","9.35","2004 - 2024","20260922_2021_01_02_PROD","2026-10-10T15:05:43.529Z","2026-10-10T15:05:43.529Z","false","2026-10-10T15:05:42.520Z","2026-10-08","https://api.worldbank.org/pip/v1/pip?country=all&year=all&fill_gaps=false&reporting_level=national&welfare_type=all&version=20260922_2021_01_02_PROD&format=json","national","national","false","survey","micro","https://datacatalog.worldbank.org/int/public-licenses#cc-by"
"KGZ","2021","24.2","9.5","consistent","KIHS","consumption","2021","24.240000000000002","9.53","2004 - 2024","20260922_2021_01_02_PROD","2026-10-10T15:05:43.529Z","2026-10-10T15:05:43.529Z","false","2026-10-10T15:05:42.520Z","2026-10-08","https://api.worldbank.org/pip/v1/pip?country=all&year=all&fill_gaps=false&reporting_level=national&welfare_type=all&version=20260922_2021_01_02_PROD&format=json","national","national","false","survey","micro","https://datacatalog.worldbank.org/int/public-licenses#cc-by"
"KGZ","2022","22","10","consistent","KIHS","consumption","2022","22.040000000000003","9.97","2004 - 2024","20260922_2021_01_02_PROD","2026-10-10T15:05:43.529Z","2026-10-10T15:05:43.529Z","false","2026-10-10T15:05:42.520Z","2026-10-08","https://api.worldbank.org/pip/v1/pip?country=all&year=all&fill_gaps=false&reporting_level=national&welfare_type=all&version=20260922_2021_01_02_PROD&format=json","national","national","false","survey","micro","https://datacatalog.worldbank.org/int/public-licenses#cc-by"
"KGZ","2023","23","9.9","consistent","KIHS","consumption","2023","22.99","9.87","2004 - 2024","20260922_2021_01_02_PROD","2026-10-10T15:05:43.529Z","2026-10-10T15:05:43.529Z","false","2026-10-10T15:05:42.520Z","2026-10-08","https://api.worldbank.org/pip/v1/pip?country=all&year=all&fill_gaps=false&reporting_level=national&welfare_type=all&version=20260922_2021_01_02_PROD&format=json","national","national","false","survey","micro","https://datacatalog.worldbank.org/int/public-licenses#cc-by"
"KGZ","2024","22.9","9.6","precision-limited","KIHS","consumption","2024","22.89","9.64","2004 - 2024","20260922_2021_01_02_PROD","2026-10-10T15:05:43.529Z","2026-10-10T15:05:43.529Z","false","2026-10-10T15:05:42.520Z","2026-10-08","https://api.worldbank.org/pip/v1/pip?country=all&year=all&fill_gaps=false&reporting_level=national&welfare_type=all&version=20260922_2021_01_02_PROD&format=json","national","national","false","survey","micro","https://datacatalog.worldbank.org/int/public-licenses#cc-by"
"LAO","2002","27","8.6","precision-limited","LECS","consumption","2002.25","27.05","8.58","1992 - 2007","20260922_2021_01_02_PROD","2026-10-10T15:05:43.529Z","2026-10-10T15:05:43.529Z","false","2026-10-10T15:05:42.520Z","2026-10-08","https://api.worldbank.org/pip/v1/pip?country=all&year=all&fill_gaps=false&reporting_level=national&welfare_type=all&version=20260922_2021_01_02_PROD&format=json","national","national","false","survey","micro","https://datacatalog.worldbank.org/int/public-licenses#cc-by"
"LAO","2007","29.2","8","precision-limited","LECS","consumption","2007.23","29.25","7.949999999999998","1992 - 2007","20260922_2021_01_02_PROD","2026-10-10T15:05:43.529Z","2026-10-10T15:05:43.529Z","false","2026-10-10T15:05:42.520Z","2026-10-08","https://api.worldbank.org/pip/v1/pip?country=all&year=all&fill_gaps=false&reporting_level=national&welfare_type=all&version=20260922_2021_01_02_PROD&format=json","national","national","false","survey","micro","https://datacatalog.worldbank.org/int/public-licenses#cc-by"
"LAO","2012","29","7.6","precision-limited","LECS","consumption","2012.25","28.96","7.5600000000000005","2012 - 2024","20260922_2021_01_02_PROD","2026-10-10T15:05:43.529Z","2026-10-10T15:05:43.529Z","false","2026-10-10T15:05:42.520Z","2026-10-08","https://api.worldbank.org/pip/v1/pip?country=all&year=all&fill_gaps=false&reporting_level=national&welfare_type=all&version=20260922_2021_01_02_PROD&format=json","national","national","false","survey","micro","https://datacatalog.worldbank.org/int/public-licenses#cc-by"
"LAO","2018","31.2","7","precision-limited","LECS","consumption","2018.42","31.240000000000002","7.039999999999999","2012 - 2024","20260922_2021_01_02_PROD","2026-10-10T15:05:43.529Z","2026-10-10T15:05:43.529Z","false","2026-10-10T15:05:42.520Z","2026-10-08","https://api.worldbank.org/pip/v1/pip?country=all&year=all&fill_gaps=false&reporting_level=national&welfare_type=all&version=20260922_2021_01_02_PROD&format=json","national","national","false","survey","micro","https://datacatalog.worldbank.org/int/public-licenses#cc-by"
"LAO","2024","28.5","7.9","precision-limited","LECS","consumption","2024","28.46","7.9399999999999995","2012 - 2024","20260922_2021_01_02_PROD","2026-10-10T15:05:43.529Z","2026-10-10T15:05:43.529Z","false","2026-10-10T15:05:42.520Z","2026-10-08","https://api.worldbank.org/pip/v1/pip?country=all&year=all&fill_gaps=false&reporting_level=national&welfare_type=all&version=20260922_2021_01_02_PROD&format=json","national","national","false","survey","micro","https://datacatalog.worldbank.org/int/public-licenses#cc-by"
"LVA","2002","27.5","7.1","consistent","HBS","consumption","2002","27.48","7.12","1997 - 2009","20260922_2021_01_02_PROD","2026-10-10T15:05:43.529Z","2026-10-10T15:05:43.529Z","false","2026-10-10T15:05:42.520Z","2026-10-08","https://api.worldbank.org/pip/v1/pip?country=all&year=all&fill_gaps=false&reporting_level=national&welfare_type=all&version=20260922_2021_01_02_PROD&format=json","national","national","false","survey","micro","https://datacatalog.worldbank.org/int/public-licenses#cc-by"
"LVA","2003","28.5","6.9","precision-limited","HBS","consumption","2003","28.449999999999996","6.93","1997 - 2009","20260922_2021_01_02_PROD","2026-10-10T15:05:43.529Z","2026-10-10T15:05:43.529Z","false","2026-10-10T15:05:42.520Z","2026-10-08","https://api.worldbank.org/pip/v1/pip?country=all&year=all&fill_gaps=false&reporting_level=national&welfare_type=all&version=20260922_2021_01_02_PROD&format=json","national","national","false","survey","micro","https://datacatalog.worldbank.org/int/public-licenses#cc-by"
"LVA","2004","28.5","6.5","precision-limited","EU-SILC","income","2004","28.46","6.460000000000001","2004 - 2023","20260922_2021_01_02_PROD","2026-10-10T15:05:43.529Z","2026-10-10T15:05:43.529Z","false","2026-10-10T15:05:42.520Z","2026-10-08","https://api.worldbank.org/pip/v1/pip?country=all&year=all&fill_gaps=false&reporting_level=national&welfare_type=all&version=20260922_2021_01_02_PROD&format=json","national","national","false","survey","micro","https://datacatalog.worldbank.org/int/public-licenses#cc-by"
"LVA","2005","30","5.9","consistent","EU-SILC","income","2005","30.009999999999998","5.930000000000001","2004 - 2023","20260922_2021_01_02_PROD","2026-10-10T15:05:43.529Z","2026-10-10T15:05:43.529Z","false","2026-10-10T15:05:42.520Z","2026-10-08","https://api.worldbank.org/pip/v1/pip?country=all&year=all&fill_gaps=false&reporting_level=national&welfare_type=all&version=20260922_2021_01_02_PROD&format=json","national","national","false","survey","micro","https://datacatalog.worldbank.org/int/public-licenses#cc-by"
"LVA","2006","26.8","6.8","precision-limited","EU-SILC","income","2006","26.76","6.839999999999999","2004 - 2023","20260922_2021_01_02_PROD","2026-10-10T15:05:43.529Z","2026-10-10T15:05:43.529Z","false","2026-10-10T15:05:42.520Z","2026-10-08","https://api.worldbank.org/pip/v1/pip?country=all&year=all&fill_gaps=false&reporting_level=national&welfare_type=all&version=20260922_2021_01_02_PROD&format=json","national","national","false","survey","micro","https://datacatalog.worldbank.org/int/public-licenses#cc-by"
"LVA","2007","28.3","6.4","consistent","EU-SILC","income","2007","28.28","6.41","2004 - 2023","20260922_2021_01_02_PROD","2026-10-10T15:05:43.529Z","2026-10-10T15:05:43.529Z","false","2026-10-10T15:05:42.520Z","2026-10-08","https://api.worldbank.org/pip/v1/pip?country=all&year=all&fill_gaps=false&reporting_level=national&welfare_type=all&version=20260922_2021_01_02_PROD&format=json","national","national","false","survey","micro","https://datacatalog.worldbank.org/int/public-licenses#cc-by"
"LVA","2008","27.7","6.1","consistent","EU-SILC","income","2008","27.71","6.11","2004 - 2023","20260922_2021_01_02_PROD","2026-10-10T15:05:43.529Z","2026-10-10T15:05:43.529Z","false","2026-10-10T15:05:42.520Z","2026-10-08","https://api.worldbank.org/pip/v1/pip?country=all&year=all&fill_gaps=false&reporting_level=national&welfare_type=all&version=20260922_2021_01_02_PROD&format=json","national","national","false","survey","micro","https://datacatalog.worldbank.org/int/public-licenses#cc-by"
"LVA","2009","26.9","5.9","precision-limited","EU-SILC","income","2009","26.86","5.9399999999999995","2004 - 2023","20260922_2021_01_02_PROD","2026-10-10T15:05:43.529Z","2026-10-10T15:05:43.529Z","false","2026-10-10T15:05:42.520Z","2026-10-08","https://api.worldbank.org/pip/v1/pip?country=all&year=all&fill_gaps=false&reporting_level=national&welfare_type=all&version=20260922_2021_01_02_PROD&format=json","national","national","false","survey","micro","https://datacatalog.worldbank.org/int/public-licenses#cc-by"
"LVA","2010","26.2","6.2","precision-limited","EU-SILC","income","2010","26.22","6.16","2004 - 2023","20260922_2021_01_02_PROD","2026-10-10T15:05:43.529Z","2026-10-10T15:05:43.529Z","false","2026-10-10T15:05:42.520Z","2026-10-08","https://api.worldbank.org/pip/v1/pip?country=all&year=all&fill_gaps=false&reporting_level=national&welfare_type=all&version=20260922_2021_01_02_PROD&format=json","national","national","false","survey","micro","https://datacatalog.worldbank.org/int/public-licenses#cc-by"
"LVA","2011","27.3","6.4","consistent","EU-SILC","income","2011","27.32","6.4","2004 - 2023","20260922_2021_01_02_PROD","2026-10-10T15:05:43.529Z","2026-10-10T15:05:43.529Z","false","2026-10-10T15:05:42.520Z","2026-10-08","https://api.worldbank.org/pip/v1/pip?country=all&year=all&fill_gaps=false&reporting_level=national&welfare_type=all&version=20260922_2021_01_02_PROD&format=json","national","national","false","survey","micro","https://datacatalog.worldbank.org/int/public-licenses#cc-by"
"LVA","2012","26.6","6.5","precision-limited","EU-SILC","income","2012","26.55","6.4799999999999995","2004 - 2023","20260922_2021_01_02_PROD","2026-10-10T15:05:43.529Z","2026-10-10T15:05:43.529Z","false","2026-10-10T15:05:42.520Z","2026-10-08","https://api.worldbank.org/pip/v1/pip?country=all&year=all&fill_gaps=false&reporting_level=national&welfare_type=all&version=20260922_2021_01_02_PROD&format=json","national","national","false","survey","micro","https://datacatalog.worldbank.org/int/public-licenses#cc-by"
"LVA","2013","26.8","6.5","consistent","EU-SILC","income","2013","26.810000000000002","6.5","2004 - 2023","20260922_2021_01_02_PROD","2026-10-10T15:05:43.529Z","2026-10-10T15:05:43.529Z","false","2026-10-10T15:05:42.520Z","2026-10-08","https://api.worldbank.org/pip/v1/pip?country=all&year=all&fill_gaps=false&reporting_level=national&welfare_type=all&version=20260922_2021_01_02_PROD&format=json","national","national","false","survey","micro","https://datacatalog.worldbank.org/int/public-licenses#cc-by"
"LVA","2014","26.7","6.6","precision-limited","EU-SILC","income","2014","26.650000000000002","6.58","2004 - 2023","20260922_2021_01_02_PROD","2026-10-10T15:05:43.529Z","2026-10-10T15:05:43.529Z","false","2026-10-10T15:05:42.520Z","2026-10-08","https://api.worldbank.org/pip/v1/pip?country=all&year=all&fill_gaps=false&reporting_level=national&welfare_type=all&version=20260922_2021_01_02_PROD&format=json","national","national","false","survey","micro","https://datacatalog.worldbank.org/int/public-licenses#cc-by"
"LVA","2015","26.2","7.1","consistent","EU-SILC","income","2015","26.16","7.08","2004 - 2023","20260922_2021_01_02_PROD","2026-10-10T15:05:43.529Z","2026-10-10T15:05:43.529Z","false","2026-10-10T15:05:42.520Z","2026-10-08","https://api.worldbank.org/pip/v1/pip?country=all&year=all&fill_gaps=false&reporting_level=national&welfare_type=all&version=20260922_2021_01_02_PROD&format=json","national","national","false","survey","micro","https://datacatalog.worldbank.org/int/public-licenses#cc-by"
"LVA","2016","25.8","7","precision-limited","EU-SILC","income","2016","25.77","6.950000000000001","2004 - 2023","20260922_2021_01_02_PROD","2026-10-10T15:05:43.529Z","2026-10-10T15:05:43.529Z","false","2026-10-10T15:05:42.520Z","2026-10-08","https://api.worldbank.org/pip/v1/pip?country=all&year=all&fill_gaps=false&reporting_level=national&welfare_type=all&version=20260922_2021_01_02_PROD&format=json","national","national","false","survey","micro","https://datacatalog.worldbank.org/int/public-licenses#cc-by"
"LVA","2017","26.9","6.7","consistent","EU-SILC","income","2017","26.889999999999997","6.69","2004 - 2023","20260922_2021_01_02_PROD","2026-10-10T15:05:43.529Z","2026-10-10T15:05:43.529Z","false","2026-10-10T15:05:42.520Z","2026-10-08","https://api.worldbank.org/pip/v1/pip?country=all&year=all&fill_gaps=false&reporting_level=national&welfare_type=all&version=20260922_2021_01_02_PROD&format=json","national","national","false","survey","micro","https://datacatalog.worldbank.org/int/public-licenses#cc-by"
"LVA","2018","26.9","7","consistent","EU-SILC","income","2018","26.889999999999997","6.98","2004 - 2023","20260922_2021_01_02_PROD","2026-10-10T15:05:43.529Z","2026-10-10T15:05:43.529Z","false","2026-10-10T15:05:42.520Z","2026-10-08","https://api.worldbank.org/pip/v1/pip?country=all&year=all&fill_gaps=false&reporting_level=national&welfare_type=all&version=20260922_2021_01_02_PROD&format=json","national","national","false","survey","micro","https://datacatalog.worldbank.org/int/public-licenses#cc-by"
"LVA","2019","26.6","7.1","consistent","EU-SILC","income","2019","26.63","7.12","2004 - 2023","20260922_2021_01_02_PROD","2026-10-10T15:05:43.529Z","2026-10-10T15:05:43.529Z","false","2026-10-10T15:05:42.520Z","2026-10-08","https://api.worldbank.org/pip/v1/pip?country=all&year=all&fill_gaps=false&reporting_level=national&welfare_type=all&version=20260922_2021_01_02_PROD&format=json","national","national","false","survey","micro","https://datacatalog.worldbank.org/int/public-licenses#cc-by"
"LVA","2020","27.5","6.9","consistent","EU-SILC","income","2020","27.500000000000004","6.88","2004 - 2023","20260922_2021_01_02_PROD","2026-10-10T15:05:43.529Z","2026-10-10T15:05:43.529Z","false","2026-10-10T15:05:42.520Z","2026-10-08","https://api.worldbank.org/pip/v1/pip?country=all&year=all&fill_gaps=false&reporting_level=national&welfare_type=all&version=20260922_2021_01_02_PROD&format=json","national","national","false","survey","micro","https://datacatalog.worldbank.org/int/public-licenses#cc-by"
"LVA","2021","26.2","7.1","consistent","EU-SILC","income","2021","26.179999999999996","7.090000000000001","2004 - 2023","20260922_2021_01_02_PROD","2026-10-10T15:05:43.529Z","2026-10-10T15:05:43.529Z","false","2026-10-10T15:05:42.520Z","2026-10-08","https://api.worldbank.org/pip/v1/pip?country=all&year=all&fill_gaps=false&reporting_level=national&welfare_type=all&version=20260922_2021_01_02_PROD&format=json","national","national","false","survey","micro","https://datacatalog.worldbank.org/int/public-licenses#cc-by"
"LVA","2022","25.8","7.1","consistent","EU-SILC","income","2022","25.759999999999998","7.13","2004 - 2023","20260922_2021_01_02_PROD","2026-10-10T15:05:43.529Z","2026-10-10T15:05:43.529Z","false","2026-10-10T15:05:42.520Z","2026-10-08","https://api.worldbank.org/pip/v1/pip?country=all&year=all&fill_gaps=false&reporting_level=national&welfare_type=all&version=20260922_2021_01_02_PROD&format=json","national","national","false","survey","micro","https://datacatalog.worldbank.org/int/public-licenses#cc-by"
"LVA","2023","26.2","7.2","precision-limited","EU-SILC","income","2023","26.229999999999997","7.15","2004 - 2023","20260922_2021_01_02_PROD","2026-10-10T15:05:43.529Z","2026-10-10T15:05:43.529Z","false","2026-10-10T15:05:42.520Z","2026-10-08","https://api.worldbank.org/pip/v1/pip?country=all&year=all&fill_gaps=false&reporting_level=national&welfare_type=all&version=20260922_2021_01_02_PROD&format=json","national","national","false","survey","micro","https://datacatalog.worldbank.org/int/public-licenses#cc-by"
"LBN","2011","24.7","7.9","precision-limited","HBS","consumption","2011.77","24.67","7.85","2011","20260922_2021_01_02_PROD","2026-10-10T15:05:43.529Z","2026-10-10T15:05:43.529Z","false","2026-10-10T15:05:42.520Z","2026-10-08","https://api.worldbank.org/pip/v1/pip?country=all&year=all&fill_gaps=false&reporting_level=national&welfare_type=all&version=20260922_2021_01_02_PROD&format=json","national","national","false","survey","micro","https://datacatalog.worldbank.org/int/public-licenses#cc-by"
"LBN","2022","25.6","6.8","precision-limited","LHS","consumption","2022.8","25.56","6.839999999999999","2022","20260922_2021_01_02_PROD","2026-10-10T15:05:43.529Z","2026-10-10T15:05:43.529Z","false","2026-10-10T15:05:42.520Z","2026-10-08","https://api.worldbank.org/pip/v1/pip?country=all&year=all&fill_gaps=false&reporting_level=national&welfare_type=all&version=20260922_2021_01_02_PROD&format=json","national","national","false","survey","micro","https://datacatalog.worldbank.org/int/public-licenses#cc-by"
"LSO","2002","38.2","3.3","consistent","HBS","consumption","2002.75","38.16","3.27","2002","20260922_2021_01_02_PROD","2026-10-10T15:05:43.529Z","2026-10-10T15:05:43.529Z","false","2026-10-10T15:05:42.520Z","2026-10-08","https://api.worldbank.org/pip/v1/pip?country=all&year=all&fill_gaps=false&reporting_level=national&welfare_type=all&version=20260922_2021_01_02_PROD&format=json","national","national","false","survey","micro","https://datacatalog.worldbank.org/int/public-licenses#cc-by"
"LSO","2017","32.9","4.6","precision-limited","CMSHBS","consumption","2017.14","32.89","4.64","2017","20260922_2021_01_02_PROD","2026-10-10T15:05:43.529Z","2026-10-10T15:05:43.529Z","false","2026-10-10T15:05:42.520Z","2026-10-08","https://api.worldbank.org/pip/v1/pip?country=all&year=all&fill_gaps=false&reporting_level=national&welfare_type=all&version=20260922_2021_01_02_PROD&format=json","national","national","false","survey","micro","https://datacatalog.worldbank.org/int/public-licenses#cc-by"
"LBR","2007","28.1","6.5","consistent","CWIQ","consumption","2007","28.139999999999997","6.5200000000000005","2007","20260922_2021_01_02_PROD","2026-10-10T15:05:43.529Z","2026-10-10T15:05:43.529Z","false","2026-10-10T15:05:42.520Z","2026-10-08","https://api.worldbank.org/pip/v1/pip?country=all&year=all&fill_gaps=false&reporting_level=national&welfare_type=all&version=20260922_2021_01_02_PROD&format=json","national","national","false","survey","micro","https://datacatalog.worldbank.org/int/public-licenses#cc-by"
"LBR","2014","26","7.8","consistent","HIES","consumption","2014","26.029999999999998","7.77","2014 - 2016","20260922_2021_01_02_PROD","2026-10-10T15:05:43.529Z","2026-10-10T15:05:43.529Z","false","2026-10-10T15:05:42.520Z","2026-10-08","https://api.worldbank.org/pip/v1/pip?country=all&year=all&fill_gaps=false&reporting_level=national&welfare_type=all&version=20260922_2021_01_02_PROD&format=json","national","national","false","survey","micro","https://datacatalog.worldbank.org/int/public-licenses#cc-by"
"LBR","2016","27.1","7.2","consistent","HIES","consumption","2016","27.08","7.21","2014 - 2016","20260922_2021_01_02_PROD","2026-10-10T15:05:43.529Z","2026-10-10T15:05:43.529Z","false","2026-10-10T15:05:42.520Z","2026-10-08","https://api.worldbank.org/pip/v1/pip?country=all&year=all&fill_gaps=false&reporting_level=national&welfare_type=all&version=20260922_2021_01_02_PROD&format=json","national","national","false","survey","micro","https://datacatalog.worldbank.org/int/public-licenses#cc-by"
"LTU","2000","24.7","7.9","precision-limited","HBS","consumption","2000","24.69","7.85","1998 - 2008","20260922_2021_01_02_PROD","2026-10-10T15:05:43.529Z","2026-10-10T15:05:43.529Z","false","2026-10-10T15:05:42.520Z","2026-10-08","https://api.worldbank.org/pip/v1/pip?country=all&year=all&fill_gaps=false&reporting_level=national&welfare_type=all&version=20260922_2021_01_02_PROD&format=json","national","national","false","survey","micro","https://datacatalog.worldbank.org/int/public-licenses#cc-by"
"LTU","2001","24.9","7.8","consistent","HBS","consumption","2001","24.87","7.77","1998 - 2008","20260922_2021_01_02_PROD","2026-10-10T15:05:43.529Z","2026-10-10T15:05:43.529Z","false","2026-10-10T15:05:42.520Z","2026-10-08","https://api.worldbank.org/pip/v1/pip?country=all&year=all&fill_gaps=false&reporting_level=national&welfare_type=all&version=20260922_2021_01_02_PROD&format=json","national","national","false","survey","micro","https://datacatalog.worldbank.org/int/public-licenses#cc-by"
"LTU","2002","24.9","7.8","consistent","HBS","consumption","2002","24.86","7.819999999999999","1998 - 2008","20260922_2021_01_02_PROD","2026-10-10T15:05:43.529Z","2026-10-10T15:05:43.529Z","false","2026-10-10T15:05:42.520Z","2026-10-08","https://api.worldbank.org/pip/v1/pip?country=all&year=all&fill_gaps=false&reporting_level=national&welfare_type=all&version=20260922_2021_01_02_PROD&format=json","national","national","false","survey","micro","https://datacatalog.worldbank.org/int/public-licenses#cc-by"
"LTU","2003","27.9","7.2","precision-limited","HBS","consumption","2003","27.93","7.239999999999999","1998 - 2008","20260922_2021_01_02_PROD","2026-10-10T15:05:43.529Z","2026-10-10T15:05:43.529Z","false","2026-10-10T15:05:42.520Z","2026-10-08","https://api.worldbank.org/pip/v1/pip?country=all&year=all&fill_gaps=false&reporting_level=national&welfare_type=all&version=20260922_2021_01_02_PROD&format=json","national","national","false","survey","micro","https://datacatalog.worldbank.org/int/public-licenses#cc-by"
"LTU","2004","27.9","5.8","precision-limited","EU-SILC","income","2004","27.860000000000003","5.840000000000001","2004 - 2023","20260922_2021_01_02_PROD","2026-10-10T15:05:43.529Z","2026-10-10T15:05:43.529Z","false","2026-10-10T15:05:42.520Z","2026-10-08","https://api.worldbank.org/pip/v1/pip?country=all&year=all&fill_gaps=false&reporting_level=national&welfare_type=all&version=20260922_2021_01_02_PROD&format=json","national","national","false","survey","micro","https://datacatalog.worldbank.org/int/public-licenses#cc-by"
"LTU","2005","27.2","6.4","consistent","EU-SILC","income","2005","27.16","6.41","2004 - 2023","20260922_2021_01_02_PROD","2026-10-10T15:05:43.529Z","2026-10-10T15:05:43.529Z","false","2026-10-10T15:05:42.520Z","2026-10-08","https://api.worldbank.org/pip/v1/pip?country=all&year=all&fill_gaps=false&reporting_level=national&welfare_type=all&version=20260922_2021_01_02_PROD&format=json","national","national","false","survey","micro","https://datacatalog.worldbank.org/int/public-licenses#cc-by"
"LTU","2006","26.8","6.9","consistent","EU-SILC","income","2006","26.779999999999998","6.93","2004 - 2023","20260922_2021_01_02_PROD","2026-10-10T15:05:43.529Z","2026-10-10T15:05:43.529Z","false","2026-10-10T15:05:42.520Z","2026-10-08","https://api.worldbank.org/pip/v1/pip?country=all&year=all&fill_gaps=false&reporting_level=national&welfare_type=all&version=20260922_2021_01_02_PROD&format=json","national","national","false","survey","micro","https://datacatalog.worldbank.org/int/public-licenses#cc-by"
"LTU","2007","26.8","6.8","precision-limited","EU-SILC","income","2007","26.75","6.75","2004 - 2023","20260922_2021_01_02_PROD","2026-10-10T15:05:43.529Z","2026-10-10T15:05:43.529Z","false","2026-10-10T15:05:42.520Z","2026-10-08","https://api.worldbank.org/pip/v1/pip?country=all&year=all&fill_gaps=false&reporting_level=national&welfare_type=all&version=20260922_2021_01_02_PROD&format=json","national","national","false","survey","micro","https://datacatalog.worldbank.org/int/public-licenses#cc-by"
"LTU","2008","27.6","6.6","consistent","EU-SILC","income","2008","27.639999999999997","6.63","2004 - 2023","20260922_2021_01_02_PROD","2026-10-10T15:05:43.529Z","2026-10-10T15:05:43.529Z","false","2026-10-10T15:05:42.520Z","2026-10-08","https://api.worldbank.org/pip/v1/pip?country=all&year=all&fill_gaps=false&reporting_level=national&welfare_type=all&version=20260922_2021_01_02_PROD&format=json","national","national","false","survey","micro","https://datacatalog.worldbank.org/int/public-licenses#cc-by"
"LTU","2009","27.6","5.7","consistent","EU-SILC","income","2009","27.6","5.699999999999999","2004 - 2023","20260922_2021_01_02_PROD","2026-10-10T15:05:43.529Z","2026-10-10T15:05:43.529Z","false","2026-10-10T15:05:42.520Z","2026-10-08","https://api.worldbank.org/pip/v1/pip?country=all&year=all&fill_gaps=false&reporting_level=national&welfare_type=all&version=20260922_2021_01_02_PROD&format=json","national","national","false","survey","micro","https://datacatalog.worldbank.org/int/public-licenses#cc-by"
"LTU","2010","24.8","6.5","consistent","EU-SILC","income","2010","24.759999999999998","6.49","2004 - 2023","20260922_2021_01_02_PROD","2026-10-10T15:05:43.529Z","2026-10-10T15:05:43.529Z","false","2026-10-10T15:05:42.520Z","2026-10-08","https://api.worldbank.org/pip/v1/pip?country=all&year=all&fill_gaps=false&reporting_level=national&welfare_type=all&version=20260922_2021_01_02_PROD&format=json","national","national","false","survey","micro","https://datacatalog.worldbank.org/int/public-licenses#cc-by"
"LTU","2011","24.5","7.1","consistent","EU-SILC","income","2011","24.5","7.12","2004 - 2023","20260922_2021_01_02_PROD","2026-10-10T15:05:43.529Z","2026-10-10T15:05:43.529Z","false","2026-10-10T15:05:42.520Z","2026-10-08","https://api.worldbank.org/pip/v1/pip?country=all&year=all&fill_gaps=false&reporting_level=national&welfare_type=all&version=20260922_2021_01_02_PROD&format=json","national","national","false","survey","micro","https://datacatalog.worldbank.org/int/public-licenses#cc-by"
"LTU","2012","26.8","6.5","precision-limited","EU-SILC","income","2012","26.790000000000003","6.54","2004 - 2023","20260922_2021_01_02_PROD","2026-10-10T15:05:43.529Z","2026-10-10T15:05:43.529Z","false","2026-10-10T15:05:42.520Z","2026-10-08","https://api.worldbank.org/pip/v1/pip?country=all&year=all&fill_gaps=false&reporting_level=national&welfare_type=all&version=20260922_2021_01_02_PROD&format=json","national","national","false","survey","micro","https://datacatalog.worldbank.org/int/public-licenses#cc-by"
"LTU","2013","26.9","6.7","precision-limited","EU-SILC","income","2013","26.91","6.74","2004 - 2023","20260922_2021_01_02_PROD","2026-10-10T15:05:43.529Z","2026-10-10T15:05:43.529Z","false","2026-10-10T15:05:42.520Z","2026-10-08","https://api.worldbank.org/pip/v1/pip?country=all&year=all&fill_gaps=false&reporting_level=national&welfare_type=all&version=20260922_2021_01_02_PROD&format=json","national","national","false","survey","micro","https://datacatalog.worldbank.org/int/public-licenses#cc-by"
"LTU","2014","28.9","6","consistent","EU-SILC","income","2014","28.910000000000004","6.03","2004 - 2023","20260922_2021_01_02_PROD","2026-10-10T15:05:43.529Z","2026-10-10T15:05:43.529Z","false","2026-10-10T15:05:42.520Z","2026-10-08","https://api.worldbank.org/pip/v1/pip?country=all&year=all&fill_gaps=false&reporting_level=national&welfare_type=all&version=20260922_2021_01_02_PROD&format=json","national","national","false","survey","micro","https://datacatalog.worldbank.org/int/public-licenses#cc-by"
"LTU","2015","28.6","6.1","precision-limited","EU-SILC","income","2015","28.610000000000003","6.14","2004 - 2023","20260922_2021_01_02_PROD","2026-10-10T15:05:43.529Z","2026-10-10T15:05:43.529Z","false","2026-10-10T15:05:42.520Z","2026-10-08","https://api.worldbank.org/pip/v1/pip?country=all&year=all&fill_gaps=false&reporting_level=national&welfare_type=all&version=20260922_2021_01_02_PROD&format=json","national","national","false","survey","micro","https://datacatalog.worldbank.org/int/public-licenses#cc-by"
"LTU","2016","29.5","6","consistent","EU-SILC","income","2016","29.54","5.9799999999999995","2004 - 2023","20260922_2021_01_02_PROD","2026-10-10T15:05:43.529Z","2026-10-10T15:05:43.529Z","false","2026-10-10T15:05:42.520Z","2026-10-08","https://api.worldbank.org/pip/v1/pip?country=all&year=all&fill_gaps=false&reporting_level=national&welfare_type=all&version=20260922_2021_01_02_PROD&format=json","national","national","false","survey","micro","https://datacatalog.worldbank.org/int/public-licenses#cc-by"
"LTU","2017","28.4","6.3","consistent","EU-SILC","income","2017","28.4","6.279999999999999","2004 - 2023","20260922_2021_01_02_PROD","2026-10-10T15:05:43.529Z","2026-10-10T15:05:43.529Z","false","2026-10-10T15:05:42.520Z","2026-10-08","https://api.worldbank.org/pip/v1/pip?country=all&year=all&fill_gaps=false&reporting_level=national&welfare_type=all&version=20260922_2021_01_02_PROD&format=json","national","national","false","survey","micro","https://datacatalog.worldbank.org/int/public-licenses#cc-by"
"LTU","2018","27.1","6.6","consistent","EU-SILC","income","2018","27.139999999999997","6.59","2004 - 2023","20260922_2021_01_02_PROD","2026-10-10T15:05:43.529Z","2026-10-10T15:05:43.529Z","false","2026-10-10T15:05:42.520Z","2026-10-08","https://api.worldbank.org/pip/v1/pip?country=all&year=all&fill_gaps=false&reporting_level=national&welfare_type=all&version=20260922_2021_01_02_PROD&format=json","national","national","false","survey","micro","https://datacatalog.worldbank.org/int/public-licenses#cc-by"
"LTU","2019","27.5","7","consistent","EU-SILC","income","2019","27.46","7.03","2004 - 2023","20260922_2021_01_02_PROD","2026-10-10T15:05:43.529Z","2026-10-10T15:05:43.529Z","false","2026-10-10T15:05:42.520Z","2026-10-08","https://api.worldbank.org/pip/v1/pip?country=all&year=all&fill_gaps=false&reporting_level=national&welfare_type=all&version=20260922_2021_01_02_PROD&format=json","national","national","false","survey","micro","https://datacatalog.worldbank.org/int/public-licenses#cc-by"
"LTU","2020","28.5","7.2","precision-limited","EU-SILC","income","2020","28.46","7.15","2004 - 2023","20260922_2021_01_02_PROD","2026-10-10T15:05:43.529Z","2026-10-10T15:05:43.529Z","false","2026-10-10T15:05:42.520Z","2026-10-08","https://api.worldbank.org/pip/v1/pip?country=all&year=all&fill_gaps=false&reporting_level=national&welfare_type=all&version=20260922_2021_01_02_PROD&format=json","national","national","false","survey","micro","https://datacatalog.worldbank.org/int/public-licenses#cc-by"
"LTU","2021","29.1","7","precision-limited","EU-SILC","income","2021","29.080000000000002","6.959999999999999","2004 - 2023","20260922_2021_01_02_PROD","2026-10-10T15:05:43.529Z","2026-10-10T15:05:43.529Z","false","2026-10-10T15:05:42.520Z","2026-10-08","https://api.worldbank.org/pip/v1/pip?country=all&year=all&fill_gaps=false&reporting_level=national&welfare_type=all&version=20260922_2021_01_02_PROD&format=json","national","national","false","survey","micro","https://datacatalog.worldbank.org/int/public-licenses#cc-by"
"LTU","2022","28.7","6.8","consistent","EU-SILC","income","2022","28.73","6.79","2004 - 2023","20260922_2021_01_02_PROD","2026-10-10T15:05:43.529Z","2026-10-10T15:05:43.529Z","false","2026-10-10T15:05:42.520Z","2026-10-08","https://api.worldbank.org/pip/v1/pip?country=all&year=all&fill_gaps=false&reporting_level=national&welfare_type=all&version=20260922_2021_01_02_PROD&format=json","national","national","false","survey","micro","https://datacatalog.worldbank.org/int/public-licenses#cc-by"
"LTU","2023","27.3","6.5","precision-limited","EU-SILC","income","2023","27.26","6.54","2004 - 2023","20260922_2021_01_02_PROD","2026-10-10T15:05:43.529Z","2026-10-10T15:05:43.529Z","false","2026-10-10T15:05:42.520Z","2026-10-08","https://api.worldbank.org/pip/v1/pip?country=all&year=all&fill_gaps=false&reporting_level=national&welfare_type=all&version=20260922_2021_01_02_PROD&format=json","national","national","false","survey","micro","https://datacatalog.worldbank.org/int/public-licenses#cc-by"
"LUX","2000","23.7","8.5","precision-limited","PSELL-ECHP-LIS","income","2000","23.72","8.46","1994 - 2001","20260922_2021_01_02_PROD","2026-10-10T15:05:43.529Z","2026-10-10T15:05:43.529Z","false","2026-10-10T15:05:42.520Z","2026-10-08","https://api.worldbank.org/pip/v1/pip?country=all&year=all&fill_gaps=false&reporting_level=national&welfare_type=all&version=20260922_2021_01_02_PROD&format=json","national","national","false","survey","micro","https://datacatalog.worldbank.org/int/public-licenses#cc-by"
"LUX","2001","24.6","8.4","precision-limited","PSELL-ECHP-LIS","income","2001","24.63","8.360000000000001","1994 - 2001","20260922_2021_01_02_PROD","2026-10-10T15:05:43.529Z","2026-10-10T15:05:43.529Z","false","2026-10-10T15:05:42.520Z","2026-10-08","https://api.worldbank.org/pip/v1/pip?country=all&year=all&fill_gaps=false&reporting_level=national&welfare_type=all&version=20260922_2021_01_02_PROD&format=json","national","national","false","survey","micro","https://datacatalog.worldbank.org/int/public-licenses#cc-by"
"LUX","2002","25","8.5","precision-limited","SEP-SILC-LIS","income","2002","25.05","8.49","2002","20260922_2021_01_02_PROD","2026-10-10T15:05:43.529Z","2026-10-10T15:05:43.529Z","false","2026-10-10T15:05:42.520Z","2026-10-08","https://api.worldbank.org/pip/v1/pip?country=all&year=all&fill_gaps=false&reporting_level=national&welfare_type=all&version=20260922_2021_01_02_PROD&format=json","national","national","false","survey","micro","https://datacatalog.worldbank.org/int/public-licenses#cc-by"
"LUX","2003","23.6","8.3","consistent","EU-SILC","income","2003","23.630000000000003","8.28","2003 - 2018","20260922_2021_01_02_PROD","2026-10-10T15:05:43.529Z","2026-10-10T15:05:43.529Z","false","2026-10-10T15:05:42.520Z","2026-10-08","https://api.worldbank.org/pip/v1/pip?country=all&year=all&fill_gaps=false&reporting_level=national&welfare_type=all&version=20260922_2021_01_02_PROD&format=json","national","national","false","survey","micro","https://datacatalog.worldbank.org/int/public-licenses#cc-by"
"LUX","2004","23.7","8.3","consistent","EU-SILC","income","2004","23.72","8.32","2003 - 2018","20260922_2021_01_02_PROD","2026-10-10T15:05:43.529Z","2026-10-10T15:05:43.529Z","false","2026-10-10T15:05:42.520Z","2026-10-08","https://api.worldbank.org/pip/v1/pip?country=all&year=all&fill_gaps=false&reporting_level=national&welfare_type=all&version=20260922_2021_01_02_PROD&format=json","national","national","false","survey","micro","https://datacatalog.worldbank.org/int/public-licenses#cc-by"
"LUX","2005","24.3","8.2","consistent","EU-SILC","income","2005","24.3","8.19","2003 - 2018","20260922_2021_01_02_PROD","2026-10-10T15:05:43.529Z","2026-10-10T15:05:43.529Z","false","2026-10-10T15:05:42.520Z","2026-10-08","https://api.worldbank.org/pip/v1/pip?country=all&year=all&fill_gaps=false&reporting_level=national&welfare_type=all&version=20260922_2021_01_02_PROD&format=json","national","national","false","survey","micro","https://datacatalog.worldbank.org/int/public-licenses#cc-by"
"LUX","2006","24.3","8.2","consistent","EU-SILC","income","2006","24.279999999999998","8.200000000000001","2003 - 2018","20260922_2021_01_02_PROD","2026-10-10T15:05:43.529Z","2026-10-10T15:05:43.529Z","false","2026-10-10T15:05:42.520Z","2026-10-08","https://api.worldbank.org/pip/v1/pip?country=all&year=all&fill_gaps=false&reporting_level=national&welfare_type=all&version=20260922_2021_01_02_PROD&format=json","national","national","false","survey","micro","https://datacatalog.worldbank.org/int/public-licenses#cc-by"
"LUX","2007","25","8.3","precision-limited","EU-SILC","income","2007","25.019999999999996","8.260000000000002","2003 - 2018","20260922_2021_01_02_PROD","2026-10-10T15:05:43.529Z","2026-10-10T15:05:43.529Z","false","2026-10-10T15:05:42.520Z","2026-10-08","https://api.worldbank.org/pip/v1/pip?country=all&year=all&fill_gaps=false&reporting_level=national&welfare_type=all&version=20260922_2021_01_02_PROD&format=json","national","national","false","survey","micro","https://datacatalog.worldbank.org/int/public-licenses#cc-by"
"LUX","2008","25.7","7.8","consistent","EU-SILC","income","2008","25.740000000000002","7.780000000000001","2003 - 2018","20260922_2021_01_02_PROD","2026-10-10T15:05:43.529Z","2026-10-10T15:05:43.529Z","false","2026-10-10T15:05:42.520Z","2026-10-08","https://api.worldbank.org/pip/v1/pip?country=all&year=all&fill_gaps=false&reporting_level=national&welfare_type=all&version=20260922_2021_01_02_PROD&format=json","national","national","false","survey","micro","https://datacatalog.worldbank.org/int/public-licenses#cc-by"
"LUX","2009","24.2","8","consistent","EU-SILC","income","2009","24.169999999999998","7.9799999999999995","2003 - 2018","20260922_2021_01_02_PROD","2026-10-10T15:05:43.529Z","2026-10-10T15:05:43.529Z","false","2026-10-10T15:05:42.520Z","2026-10-08","https://api.worldbank.org/pip/v1/pip?country=all&year=all&fill_gaps=false&reporting_level=national&welfare_type=all&version=20260922_2021_01_02_PROD&format=json","national","national","false","survey","micro","https://datacatalog.worldbank.org/int/public-licenses#cc-by"
"LUX","2010","23.7","8.2","precision-limited","EU-SILC","income","2010","23.7","8.16","2003 - 2018","20260922_2021_01_02_PROD","2026-10-10T15:05:43.529Z","2026-10-10T15:05:43.529Z","false","2026-10-10T15:05:42.520Z","2026-10-08","https://api.worldbank.org/pip/v1/pip?country=all&year=all&fill_gaps=false&reporting_level=national&welfare_type=all&version=20260922_2021_01_02_PROD&format=json","national","national","false","survey","micro","https://datacatalog.worldbank.org/int/public-licenses#cc-by"
"LUX","2011","24.4","7.8","precision-limited","EU-SILC","income","2011","24.43","7.76","2003 - 2018","20260922_2021_01_02_PROD","2026-10-10T15:05:43.529Z","2026-10-10T15:05:43.529Z","false","2026-10-10T15:05:42.520Z","2026-10-08","https://api.worldbank.org/pip/v1/pip?country=all&year=all&fill_gaps=false&reporting_level=national&welfare_type=all&version=20260922_2021_01_02_PROD&format=json","national","national","false","survey","micro","https://datacatalog.worldbank.org/int/public-licenses#cc-by"
"LUX","2012","26.4","7.3","precision-limited","EU-SILC","income","2012","26.369999999999997","7.35","2003 - 2018","20260922_2021_01_02_PROD","2026-10-10T15:05:43.529Z","2026-10-10T15:05:43.529Z","false","2026-10-10T15:05:42.520Z","2026-10-08","https://api.worldbank.org/pip/v1/pip?country=all&year=all&fill_gaps=false&reporting_level=national&welfare_type=all&version=20260922_2021_01_02_PROD&format=json","national","national","false","survey","micro","https://datacatalog.worldbank.org/int/public-licenses#cc-by"
"LUX","2013","24.2","7.6","consistent","EU-SILC","income","2013","24.23","7.630000000000001","2003 - 2018","20260922_2021_01_02_PROD","2026-10-10T15:05:43.529Z","2026-10-10T15:05:43.529Z","false","2026-10-10T15:05:42.520Z","2026-10-08","https://api.worldbank.org/pip/v1/pip?country=all&year=all&fill_gaps=false&reporting_level=national&welfare_type=all&version=20260922_2021_01_02_PROD&format=json","national","national","false","survey","micro","https://datacatalog.worldbank.org/int/public-licenses#cc-by"
"LUX","2014","24.2","7.9","consistent","EU-SILC","income","2014","24.240000000000002","7.930000000000001","2003 - 2018","20260922_2021_01_02_PROD","2026-10-10T15:05:43.529Z","2026-10-10T15:05:43.529Z","false","2026-10-10T15:05:42.520Z","2026-10-08","https://api.worldbank.org/pip/v1/pip?country=all&year=all&fill_gaps=false&reporting_level=national&welfare_type=all&version=20260922_2021_01_02_PROD&format=json","national","national","false","survey","micro","https://datacatalog.worldbank.org/int/public-licenses#cc-by"
"LUX","2015","25.1","7.5","precision-limited","EU-SILC","income","2015","25.05","7.46","2003 - 2018","20260922_2021_01_02_PROD","2026-10-10T15:05:43.529Z","2026-10-10T15:05:43.529Z","false","2026-10-10T15:05:42.520Z","2026-10-08","https://api.worldbank.org/pip/v1/pip?country=all&year=all&fill_gaps=false&reporting_level=national&welfare_type=all&version=20260922_2021_01_02_PROD&format=json","national","national","false","survey","micro","https://datacatalog.worldbank.org/int/public-licenses#cc-by"
"LUX","2016","24.1","7.6","consistent","EU-SILC","income","2016","24.09","7.61","2003 - 2018","20260922_2021_01_02_PROD","2026-10-10T15:05:43.529Z","2026-10-10T15:05:43.529Z","false","2026-10-10T15:05:42.520Z","2026-10-08","https://api.worldbank.org/pip/v1/pip?country=all&year=all&fill_gaps=false&reporting_level=national&welfare_type=all&version=20260922_2021_01_02_PROD&format=json","national","national","false","survey","micro","https://datacatalog.worldbank.org/int/public-licenses#cc-by"
"LUX","2017","25.6","6.8","consistent","EU-SILC","income","2017","25.580000000000002","6.81","2003 - 2018","20260922_2021_01_02_PROD","2026-10-10T15:05:43.529Z","2026-10-10T15:05:43.529Z","false","2026-10-10T15:05:42.520Z","2026-10-08","https://api.worldbank.org/pip/v1/pip?country=all&year=all&fill_gaps=false&reporting_level=national&welfare_type=all&version=20260922_2021_01_02_PROD&format=json","national","national","false","survey","micro","https://datacatalog.worldbank.org/int/public-licenses#cc-by"
"LUX","2018","26.6","6.6","precision-limited","EU-SILC","income","2018","26.590000000000003","6.65","2003 - 2018","20260922_2021_01_02_PROD","2026-10-10T15:05:43.529Z","2026-10-10T15:05:43.529Z","false","2026-10-10T15:05:42.520Z","2026-10-08","https://api.worldbank.org/pip/v1/pip?country=all&year=all&fill_gaps=false&reporting_level=national&welfare_type=all&version=20260922_2021_01_02_PROD&format=json","national","national","false","survey","micro","https://datacatalog.worldbank.org/int/public-licenses#cc-by"
"LUX","2019","25.8","7.2","consistent","EU-SILC","income","2019","25.82","7.180000000000001","2019","20260922_2021_01_02_PROD","2026-10-10T15:05:43.529Z","2026-10-10T15:05:43.529Z","false","2026-10-10T15:05:42.520Z","2026-10-08","https://api.worldbank.org/pip/v1/pip?country=all&year=all&fill_gaps=false&reporting_level=national&welfare_type=all&version=20260922_2021_01_02_PROD&format=json","national","national","false","survey","micro","https://datacatalog.worldbank.org/int/public-licenses#cc-by"
"LUX","2020","25","7.1","precision-limited","EU-SILC","income","2020","24.95","7.109999999999999","2020","20260922_2021_01_02_PROD","2026-10-10T15:05:43.529Z","2026-10-10T15:05:43.529Z","false","2026-10-10T15:05:42.520Z","2026-10-08","https://api.worldbank.org/pip/v1/pip?country=all&year=all&fill_gaps=false&reporting_level=national&welfare_type=all&version=20260922_2021_01_02_PROD&format=json","national","national","false","survey","micro","https://datacatalog.worldbank.org/int/public-licenses#cc-by"
"LUX","2021","24.5","7.2","consistent","EU-SILC","income","2021","24.5","7.22","2021 - 2023","20260922_2021_01_02_PROD","2026-10-10T15:05:43.529Z","2026-10-10T15:05:43.529Z","false","2026-10-10T15:05:42.520Z","2026-10-08","https://api.worldbank.org/pip/v1/pip?country=all&year=all&fill_gaps=false&reporting_level=national&welfare_type=all&version=20260922_2021_01_02_PROD&format=json","national","national","false","survey","micro","https://datacatalog.worldbank.org/int/public-licenses#cc-by"
"LUX","2022","25.6","7.1","precision-limited","EU-SILC","income","2022","25.650000000000002","7.07","2021 - 2023","20260922_2021_01_02_PROD","2026-10-10T15:05:43.529Z","2026-10-10T15:05:43.529Z","false","2026-10-10T15:05:42.520Z","2026-10-08","https://api.worldbank.org/pip/v1/pip?country=all&year=all&fill_gaps=false&reporting_level=national&welfare_type=all&version=20260922_2021_01_02_PROD&format=json","national","national","false","survey","micro","https://datacatalog.worldbank.org/int/public-licenses#cc-by"
"LUX","2023","25","7.1","consistent","EU-SILC","income","2023","25.019999999999996","7.089999999999999","2021 - 2023","20260922_2021_01_02_PROD","2026-10-10T15:05:43.529Z","2026-10-10T15:05:43.529Z","false","2026-10-10T15:05:42.520Z","2026-10-08","https://api.worldbank.org/pip/v1/pip?country=all&year=all&fill_gaps=false&reporting_level=national&welfare_type=all&version=20260922_2021_01_02_PROD&format=json","national","national","false","survey","micro","https://datacatalog.worldbank.org/int/public-licenses#cc-by"
"MDG","2001","36.6","4.9","consistent","EPM","consumption","2001","36.63","4.88","2001 - 2012","20260922_2021_01_02_PROD","2026-10-10T15:05:43.529Z","2026-10-10T15:05:43.529Z","false","2026-10-10T15:05:42.520Z","2026-10-08","https://api.worldbank.org/pip/v1/pip?country=all&year=all&fill_gaps=false&reporting_level=national&welfare_type=all&version=20260922_2021_01_02_PROD&format=json","national","national","false","survey","micro","https://datacatalog.worldbank.org/int/public-licenses#cc-by"
"MDG","2005","32.4","6.7","consistent","EPM","consumption","2005","32.43","6.7299999999999995","2001 - 2012","20260922_2021_01_02_PROD","2026-10-10T15:05:43.529Z","2026-10-10T15:05:43.529Z","false","2026-10-10T15:05:42.520Z","2026-10-08","https://api.worldbank.org/pip/v1/pip?country=all&year=all&fill_gaps=false&reporting_level=national&welfare_type=all&version=20260922_2021_01_02_PROD&format=json","national","national","false","survey","micro","https://datacatalog.worldbank.org/int/public-licenses#cc-by"
"MDG","2010","34.3","6.1","precision-limited","EPM","consumption","2010","34.29","6.14","2001 - 2012","20260922_2021_01_02_PROD","2026-10-10T15:05:43.529Z","2026-10-10T15:05:43.529Z","false","2026-10-10T15:05:42.520Z","2026-10-08","https://api.worldbank.org/pip/v1/pip?country=all&year=all&fill_gaps=false&reporting_level=national&welfare_type=all&version=20260922_2021_01_02_PROD&format=json","national","national","false","survey","micro","https://datacatalog.worldbank.org/int/public-licenses#cc-by"
"MDG","2012","33.5","5.7","consistent","ENSOMD","consumption","2012.73","33.48","5.73","2001 - 2012","20260922_2021_01_02_PROD","2026-10-10T15:05:43.529Z","2026-10-10T15:05:43.529Z","false","2026-10-10T15:05:42.520Z","2026-10-08","https://api.worldbank.org/pip/v1/pip?country=all&year=all&fill_gaps=false&reporting_level=national&welfare_type=all&version=20260922_2021_01_02_PROD&format=json","national","national","false","survey","micro","https://datacatalog.worldbank.org/int/public-licenses#cc-by"
"MDG","2021","29.6","7.2","consistent","EPM","consumption","2021.75","29.62","7.21","2021","20260922_2021_01_02_PROD","2026-10-10T15:05:43.529Z","2026-10-10T15:05:43.529Z","false","2026-10-10T15:05:42.520Z","2026-10-08","https://api.worldbank.org/pip/v1/pip?country=all&year=all&fill_gaps=false&reporting_level=national&welfare_type=all&version=20260922_2021_01_02_PROD&format=json","national","national","false","survey","micro","https://datacatalog.worldbank.org/int/public-licenses#cc-by"
"MWI","2004","32.8","6.9","consistent","IHS-II","consumption","2004.23","32.82","6.93","2004 - 2019","20260922_2021_01_02_PROD","2026-10-10T15:05:43.529Z","2026-10-10T15:05:43.529Z","false","2026-10-10T15:05:42.520Z","2026-10-08","https://api.worldbank.org/pip/v1/pip?country=all&year=all&fill_gaps=false&reporting_level=national&welfare_type=all&version=20260922_2021_01_02_PROD&format=json","national","national","false","survey","micro","https://datacatalog.worldbank.org/int/public-licenses#cc-by"
"MWI","2010","36.9","5.5","consistent","IHS-III","consumption","2010.23","36.86","5.53","2004 - 2019","20260922_2021_01_02_PROD","2026-10-10T15:05:43.529Z","2026-10-10T15:05:43.529Z","false","2026-10-10T15:05:42.520Z","2026-10-08","https://api.worldbank.org/pip/v1/pip?country=all&year=all&fill_gaps=false&reporting_level=national&welfare_type=all&version=20260922_2021_01_02_PROD&format=json","national","national","false","survey","micro","https://datacatalog.worldbank.org/int/public-licenses#cc-by"
"MWI","2016","38.1","6.4","consistent","IHS-IV","consumption","2016.31","38.09","6.4","2004 - 2019","20260922_2021_01_02_PROD","2026-10-10T15:05:43.529Z","2026-10-10T15:05:43.529Z","false","2026-10-10T15:05:42.520Z","2026-10-08","https://api.worldbank.org/pip/v1/pip?country=all&year=all&fill_gaps=false&reporting_level=national&welfare_type=all&version=20260922_2021_01_02_PROD&format=json","national","national","false","survey","micro","https://datacatalog.worldbank.org/int/public-licenses#cc-by"
"MWI","2019","31","7","precision-limited","IHS-V","consumption","2019.31","30.98","6.950000000000001","2004 - 2019","20260922_2021_01_02_PROD","2026-10-10T15:05:43.529Z","2026-10-10T15:05:43.529Z","false","2026-10-10T15:05:42.520Z","2026-10-08","https://api.worldbank.org/pip/v1/pip?country=all&year=all&fill_gaps=false&reporting_level=national&welfare_type=all&version=20260922_2021_01_02_PROD&format=json","national","national","false","survey","micro","https://datacatalog.worldbank.org/int/public-licenses#cc-by"
"MYS","2003","35.1","4.6","precision-limited","HIS","income","2003","35.120000000000005","4.64","2003 - 2021","20260922_2021_01_02_PROD","2026-10-10T15:05:43.529Z","2026-10-10T15:05:43.529Z","false","2026-10-10T15:05:42.520Z","2026-10-08","https://api.worldbank.org/pip/v1/pip?country=all&year=all&fill_gaps=false&reporting_level=national&welfare_type=all&version=20260922_2021_01_02_PROD&format=json","national","national","false","survey","micro","https://datacatalog.worldbank.org/int/public-licenses#cc-by"
"MYS","2006","33.8","5","consistent","HIS","income","2006","33.839999999999996","5.0200000000000005","2003 - 2021","20260922_2021_01_02_PROD","2026-10-10T15:05:43.529Z","2026-10-10T15:05:43.529Z","false","2026-10-10T15:05:42.520Z","2026-10-08","https://api.worldbank.org/pip/v1/pip?country=all&year=all&fill_gaps=false&reporting_level=national&welfare_type=all&version=20260922_2021_01_02_PROD&format=json","national","national","false","survey","micro","https://datacatalog.worldbank.org/int/public-licenses#cc-by"
"MYS","2008","34.1","4.8","precision-limited","HIS","income","2008.25","34.150000000000006","4.77","2003 - 2021","20260922_2021_01_02_PROD","2026-10-10T15:05:43.529Z","2026-10-10T15:05:43.529Z","false","2026-10-10T15:05:42.520Z","2026-10-08","https://api.worldbank.org/pip/v1/pip?country=all&year=all&fill_gaps=false&reporting_level=national&welfare_type=all&version=20260922_2021_01_02_PROD&format=json","national","national","false","survey","micro","https://datacatalog.worldbank.org/int/public-licenses#cc-by"
"MYS","2011","32.8","5.2","consistent","HIS","income","2011","32.769999999999996","5.2299999999999995","2003 - 2021","20260922_2021_01_02_PROD","2026-10-10T15:05:43.529Z","2026-10-10T15:05:43.529Z","false","2026-10-10T15:05:42.520Z","2026-10-08","https://api.worldbank.org/pip/v1/pip?country=all&year=all&fill_gaps=false&reporting_level=national&welfare_type=all&version=20260922_2021_01_02_PROD&format=json","national","national","false","survey","micro","https://datacatalog.worldbank.org/int/public-licenses#cc-by"
"MYS","2013","31.8","5.8","precision-limited","HIS","income","2013","31.819999999999997","5.839999999999999","2003 - 2021","20260922_2021_01_02_PROD","2026-10-10T15:05:43.529Z","2026-10-10T15:05:43.529Z","false","2026-10-10T15:05:42.520Z","2026-10-08","https://api.worldbank.org/pip/v1/pip?country=all&year=all&fill_gaps=false&reporting_level=national&welfare_type=all&version=20260922_2021_01_02_PROD&format=json","national","national","false","survey","micro","https://datacatalog.worldbank.org/int/public-licenses#cc-by"
"MYS","2015","31.3","5.8","consistent","HIS","income","2015.88","31.269999999999996","5.82","2003 - 2021","20260922_2021_01_02_PROD","2026-10-10T15:05:43.529Z","2026-10-10T15:05:43.529Z","false","2026-10-10T15:05:42.520Z","2026-10-08","https://api.worldbank.org/pip/v1/pip?country=all&year=all&fill_gaps=false&reporting_level=national&welfare_type=all&version=20260922_2021_01_02_PROD&format=json","national","national","false","survey","micro","https://datacatalog.worldbank.org/int/public-licenses#cc-by"
"MYS","2018","31.2","5.7","precision-limited","HIESBA","income","2018.46","31.19","5.739999999999999","2003 - 2021","20260922_2021_01_02_PROD","2026-10-10T15:05:43.529Z","2026-10-10T15:05:43.529Z","false","2026-10-10T15:05:42.520Z","2026-10-08","https://api.worldbank.org/pip/v1/pip?country=all&year=all&fill_gaps=false&reporting_level=national&welfare_type=all&version=20260922_2021_01_02_PROD&format=json","national","national","false","survey","micro","https://datacatalog.worldbank.org/int/public-licenses#cc-by"
"MYS","2021","30.9","5.9","consistent","HIS","income","2021.46","30.94","5.91","2003 - 2021","20260922_2021_01_02_PROD","2026-10-10T15:05:43.529Z","2026-10-10T15:05:43.529Z","false","2026-10-10T15:05:42.520Z","2026-10-08","https://api.worldbank.org/pip/v1/pip?country=all&year=all&fill_gaps=false&reporting_level=national&welfare_type=all&version=20260922_2021_01_02_PROD&format=json","national","national","false","survey","micro","https://datacatalog.worldbank.org/int/public-licenses#cc-by"
"MDV","2002","34.8","6.8","consistent","HIES","consumption","2002.5","34.83","6.78","2002","20260922_2021_01_02_PROD","2026-10-10T15:05:43.529Z","2026-10-10T15:05:43.529Z","false","2026-10-10T15:05:42.520Z","2026-10-08","https://api.worldbank.org/pip/v1/pip?country=all&year=all&fill_gaps=false&reporting_level=national&welfare_type=all&version=20260922_2021_01_02_PROD&format=json","national","national","false","survey","micro","https://datacatalog.worldbank.org/int/public-licenses#cc-by"
"MDV","2009","29.9","6.4","precision-limited","HIES","consumption","2009.5","29.94","6.359999999999999","2009","20260922_2021_01_02_PROD","2026-10-10T15:05:43.529Z","2026-10-10T15:05:43.529Z","false","2026-10-10T15:05:42.520Z","2026-10-08","https://api.worldbank.org/pip/v1/pip?country=all&year=all&fill_gaps=false&reporting_level=national&welfare_type=all&version=20260922_2021_01_02_PROD&format=json","national","national","false","survey","micro","https://datacatalog.worldbank.org/int/public-licenses#cc-by"
"MDV","2016","25.2","8.3","consistent","HIES","consumption","2016","25.169999999999998","8.27","2016","20260922_2021_01_02_PROD","2026-10-10T15:05:43.529Z","2026-10-10T15:05:43.529Z","false","2026-10-10T15:05:42.520Z","2026-10-08","https://api.worldbank.org/pip/v1/pip?country=all&year=all&fill_gaps=false&reporting_level=national&welfare_type=all&version=20260922_2021_01_02_PROD&format=json","national","national","false","survey","micro","https://datacatalog.worldbank.org/int/public-licenses#cc-by"
"MDV","2019","23.3","8.9","consistent","HIES","consumption","2019.6","23.28","8.879999999999999","2019","20260922_2021_01_02_PROD","2026-10-10T15:05:43.529Z","2026-10-10T15:05:43.529Z","false","2026-10-10T15:05:42.520Z","2026-10-08","https://api.worldbank.org/pip/v1/pip?country=all&year=all&fill_gaps=false&reporting_level=national&welfare_type=all&version=20260922_2021_01_02_PROD&format=json","national","national","false","survey","micro","https://datacatalog.worldbank.org/int/public-licenses#cc-by"
"MLI","2001","30","6.3","consistent","EMEP","consumption","2001.08","30.020000000000003","6.290000000000001","2001","20260922_2021_01_02_PROD","2026-10-10T15:05:43.529Z","2026-10-10T15:05:43.529Z","false","2026-10-10T15:05:42.520Z","2026-10-08","https://api.worldbank.org/pip/v1/pip?country=all&year=all&fill_gaps=false&reporting_level=national&welfare_type=all&version=20260922_2021_01_02_PROD&format=json","national","national","false","survey","micro","https://datacatalog.worldbank.org/int/public-licenses#cc-by"
"MLI","2006","30.2","6.4","precision-limited","ELIM","consumption","2006.25","30.220000000000002","6.45","2006 - 2009","20260922_2021_01_02_PROD","2026-10-10T15:05:43.529Z","2026-10-10T15:05:43.529Z","false","2026-10-10T15:05:42.520Z","2026-10-08","https://api.worldbank.org/pip/v1/pip?country=all&year=all&fill_gaps=false&reporting_level=national&welfare_type=all&version=20260922_2021_01_02_PROD&format=json","national","national","false","survey","micro","https://datacatalog.worldbank.org/int/public-licenses#cc-by"
"MLI","2009","25.7","8","consistent","ELIM","consumption","2009.89","25.679999999999996","7.980000000000001","2006 - 2009","20260922_2021_01_02_PROD","2026-10-10T15:05:43.529Z","2026-10-10T15:05:43.529Z","false","2026-10-10T15:05:42.520Z","2026-10-08","https://api.worldbank.org/pip/v1/pip?country=all&year=all&fill_gaps=false&reporting_level=national&welfare_type=all&version=20260922_2021_01_02_PROD&format=json","national","national","false","survey","micro","https://datacatalog.worldbank.org/int/public-licenses#cc-by"
"MLI","2018","28.1","7.5","consistent","EHCVM","consumption","2018.57","28.09","7.5","2018 - 2021","20260922_2021_01_02_PROD","2026-10-10T15:05:43.529Z","2026-10-10T15:05:43.529Z","false","2026-10-10T15:05:42.520Z","2026-10-08","https://api.worldbank.org/pip/v1/pip?country=all&year=all&fill_gaps=false&reporting_level=national&welfare_type=all&version=20260922_2021_01_02_PROD&format=json","national","national","false","survey","micro","https://datacatalog.worldbank.org/int/public-licenses#cc-by"
"MLI","2021","28.3","7.6","consistent","EHCVM","consumption","2021.57","28.34","7.630000000000001","2018 - 2021","20260922_2021_01_02_PROD","2026-10-10T15:05:43.529Z","2026-10-10T15:05:43.529Z","false","2026-10-10T15:05:42.520Z","2026-10-08","https://api.worldbank.org/pip/v1/pip?country=all&year=all&fill_gaps=false&reporting_level=national&welfare_type=all&version=20260922_2021_01_02_PROD&format=json","national","national","false","survey","micro","https://datacatalog.worldbank.org/int/public-licenses#cc-by"
"MLT","2006","22","8.6","consistent","EU-SILC","income","2006","22.040000000000003","8.59","2006 - 2023","20260922_2021_01_02_PROD","2026-10-10T15:05:43.529Z","2026-10-10T15:05:43.529Z","false","2026-10-10T15:05:42.520Z","2026-10-08","https://api.worldbank.org/pip/v1/pip?country=all&year=all&fill_gaps=false&reporting_level=national&welfare_type=all&version=20260922_2021_01_02_PROD&format=json","national","national","false","survey","micro","https://datacatalog.worldbank.org/int/public-licenses#cc-by"
"MLT","2007","22.6","8.3","precision-limited","EU-SILC","income","2007","22.62","8.260000000000002","2006 - 2023","20260922_2021_01_02_PROD","2026-10-10T15:05:43.529Z","2026-10-10T15:05:43.529Z","false","2026-10-10T15:05:42.520Z","2026-10-08","https://api.worldbank.org/pip/v1/pip?country=all&year=all&fill_gaps=false&reporting_level=national&welfare_type=all&version=20260922_2021_01_02_PROD&format=json","national","national","false","survey","micro","https://datacatalog.worldbank.org/int/public-licenses#cc-by"
"MLT","2008","22.5","8.5","consistent","EU-SILC","income","2008","22.470000000000002","8.49","2006 - 2023","20260922_2021_01_02_PROD","2026-10-10T15:05:43.529Z","2026-10-10T15:05:43.529Z","false","2026-10-10T15:05:42.520Z","2026-10-08","https://api.worldbank.org/pip/v1/pip?country=all&year=all&fill_gaps=false&reporting_level=national&welfare_type=all&version=20260922_2021_01_02_PROD&format=json","national","national","false","survey","micro","https://datacatalog.worldbank.org/int/public-licenses#cc-by"
"MLT","2009","23.8","8.2","consistent","EU-SILC","income","2009","23.76","8.19","2006 - 2023","20260922_2021_01_02_PROD","2026-10-10T15:05:43.529Z","2026-10-10T15:05:43.529Z","false","2026-10-10T15:05:42.520Z","2026-10-08","https://api.worldbank.org/pip/v1/pip?country=all&year=all&fill_gaps=false&reporting_level=national&welfare_type=all&version=20260922_2021_01_02_PROD&format=json","national","national","false","survey","micro","https://datacatalog.worldbank.org/int/public-licenses#cc-by"
"MLT","2010","22.7","8.4","precision-limited","EU-SILC","income","2010","22.71","8.44","2006 - 2023","20260922_2021_01_02_PROD","2026-10-10T15:05:43.529Z","2026-10-10T15:05:43.529Z","false","2026-10-10T15:05:42.520Z","2026-10-08","https://api.worldbank.org/pip/v1/pip?country=all&year=all&fill_gaps=false&reporting_level=national&welfare_type=all&version=20260922_2021_01_02_PROD&format=json","national","national","false","survey","micro","https://datacatalog.worldbank.org/int/public-licenses#cc-by"
"MLT","2011","23.2","8.5","consistent","EU-SILC","income","2011","23.189999999999998","8.48","2006 - 2023","20260922_2021_01_02_PROD","2026-10-10T15:05:43.529Z","2026-10-10T15:05:43.529Z","false","2026-10-10T15:05:42.520Z","2026-10-08","https://api.worldbank.org/pip/v1/pip?country=all&year=all&fill_gaps=false&reporting_level=national&welfare_type=all&version=20260922_2021_01_02_PROD&format=json","national","national","false","survey","micro","https://datacatalog.worldbank.org/int/public-licenses#cc-by"
"MLT","2012","23.4","8.4","consistent","EU-SILC","income","2012","23.44","8.37","2006 - 2023","20260922_2021_01_02_PROD","2026-10-10T15:05:43.529Z","2026-10-10T15:05:43.529Z","false","2026-10-10T15:05:42.520Z","2026-10-08","https://api.worldbank.org/pip/v1/pip?country=all&year=all&fill_gaps=false&reporting_level=national&welfare_type=all&version=20260922_2021_01_02_PROD&format=json","national","national","false","survey","micro","https://datacatalog.worldbank.org/int/public-licenses#cc-by"
"MLT","2013","23.2","8.6","precision-limited","EU-SILC","income","2013","23.150000000000002","8.62","2006 - 2023","20260922_2021_01_02_PROD","2026-10-10T15:05:43.529Z","2026-10-10T15:05:43.529Z","false","2026-10-10T15:05:42.520Z","2026-10-08","https://api.worldbank.org/pip/v1/pip?country=all&year=all&fill_gaps=false&reporting_level=national&welfare_type=all&version=20260922_2021_01_02_PROD&format=json","national","national","false","survey","micro","https://datacatalog.worldbank.org/int/public-licenses#cc-by"
"MLT","2014","23.3","8.6","consistent","EU-SILC","income","2014","23.3","8.58","2006 - 2023","20260922_2021_01_02_PROD","2026-10-10T15:05:43.529Z","2026-10-10T15:05:43.529Z","false","2026-10-10T15:05:42.520Z","2026-10-08","https://api.worldbank.org/pip/v1/pip?country=all&year=all&fill_gaps=false&reporting_level=national&welfare_type=all&version=20260922_2021_01_02_PROD&format=json","national","national","false","survey","micro","https://datacatalog.worldbank.org/int/public-licenses#cc-by"
"MLT","2015","23.6","8.5","precision-limited","EU-SILC","income","2015","23.62","8.540000000000001","2006 - 2023","20260922_2021_01_02_PROD","2026-10-10T15:05:43.529Z","2026-10-10T15:05:43.529Z","false","2026-10-10T15:05:42.520Z","2026-10-08","https://api.worldbank.org/pip/v1/pip?country=all&year=all&fill_gaps=false&reporting_level=national&welfare_type=all&version=20260922_2021_01_02_PROD&format=json","national","national","false","survey","micro","https://datacatalog.worldbank.org/int/public-licenses#cc-by"
"MLT","2016","23.1","8.6","consistent","EU-SILC","income","2016","23.11","8.6","2006 - 2023","20260922_2021_01_02_PROD","2026-10-10T15:05:43.529Z","2026-10-10T15:05:43.529Z","false","2026-10-10T15:05:42.520Z","2026-10-08","https://api.worldbank.org/pip/v1/pip?country=all&year=all&fill_gaps=false&reporting_level=national&welfare_type=all&version=20260922_2021_01_02_PROD&format=json","national","national","false","survey","micro","https://datacatalog.worldbank.org/int/public-licenses#cc-by"
"MLT","2017","23.3","8.5","consistent","EU-SILC","income","2017","23.3","8.5","2006 - 2023","20260922_2021_01_02_PROD","2026-10-10T15:05:43.529Z","2026-10-10T15:05:43.529Z","false","2026-10-10T15:05:42.520Z","2026-10-08","https://api.worldbank.org/pip/v1/pip?country=all&year=all&fill_gaps=false&reporting_level=national&welfare_type=all&version=20260922_2021_01_02_PROD&format=json","national","national","false","survey","micro","https://datacatalog.worldbank.org/int/public-licenses#cc-by"
"MLT","2018","22.9","8.6","consistent","EU-SILC","income","2018","22.869999999999997","8.58","2006 - 2023","20260922_2021_01_02_PROD","2026-10-10T15:05:43.529Z","2026-10-10T15:05:43.529Z","false","2026-10-10T15:05:42.520Z","2026-10-08","https://api.worldbank.org/pip/v1/pip?country=all&year=all&fill_gaps=false&reporting_level=national&welfare_type=all&version=20260922_2021_01_02_PROD&format=json","national","national","false","survey","micro","https://datacatalog.worldbank.org/int/public-licenses#cc-by"
"MLT","2019","24.8","8.2","precision-limited","EU-SILC","income","2019","24.8","8.15","2006 - 2023","20260922_2021_01_02_PROD","2026-10-10T15:05:43.529Z","2026-10-10T15:05:43.529Z","false","2026-10-10T15:05:42.520Z","2026-10-08","https://api.worldbank.org/pip/v1/pip?country=all&year=all&fill_gaps=false&reporting_level=national&welfare_type=all&version=20260922_2021_01_02_PROD&format=json","national","national","false","survey","micro","https://datacatalog.worldbank.org/int/public-licenses#cc-by"
"MLT","2020","25.1","8","precision-limited","EU-SILC","income","2020","25.05","8.03","2006 - 2023","20260922_2021_01_02_PROD","2026-10-10T15:05:43.529Z","2026-10-10T15:05:43.529Z","false","2026-10-10T15:05:42.520Z","2026-10-08","https://api.worldbank.org/pip/v1/pip?country=all&year=all&fill_gaps=false&reporting_level=national&welfare_type=all&version=20260922_2021_01_02_PROD&format=json","national","national","false","survey","micro","https://datacatalog.worldbank.org/int/public-licenses#cc-by"
"MLT","2021","25.9","8.3","consistent","EU-SILC","income","2021","25.900000000000002","8.31","2006 - 2023","20260922_2021_01_02_PROD","2026-10-10T15:05:43.529Z","2026-10-10T15:05:43.529Z","false","2026-10-10T15:05:42.520Z","2026-10-08","https://api.worldbank.org/pip/v1/pip?country=all&year=all&fill_gaps=false&reporting_level=national&welfare_type=all&version=20260922_2021_01_02_PROD&format=json","national","national","false","survey","micro","https://datacatalog.worldbank.org/int/public-licenses#cc-by"
"MLT","2022","27.7","7.3","precision-limited","EU-SILC","income","2022","27.72","7.340000000000001","2006 - 2023","20260922_2021_01_02_PROD","2026-10-10T15:05:43.529Z","2026-10-10T15:05:43.529Z","false","2026-10-10T15:05:42.520Z","2026-10-08","https://api.worldbank.org/pip/v1/pip?country=all&year=all&fill_gaps=false&reporting_level=national&welfare_type=all&version=20260922_2021_01_02_PROD&format=json","national","national","false","survey","micro","https://datacatalog.worldbank.org/int/public-licenses#cc-by"
"MLT","2023","24.7","7.6","consistent","EU-SILC","income","2023","24.709999999999997","7.630000000000001","2006 - 2023","20260922_2021_01_02_PROD","2026-10-10T15:05:43.529Z","2026-10-10T15:05:43.529Z","false","2026-10-10T15:05:42.520Z","2026-10-08","https://api.worldbank.org/pip/v1/pip?country=all&year=all&fill_gaps=false&reporting_level=national&welfare_type=all&version=20260922_2021_01_02_PROD&format=json","national","national","false","survey","micro","https://datacatalog.worldbank.org/int/public-licenses#cc-by"
"MHL","2019","27.5","7.2","consistent","HIES","consumption","2019.5","27.47","7.22","2019","20260922_2021_01_02_PROD","2026-10-10T15:05:43.529Z","2026-10-10T15:05:43.529Z","false","2026-10-10T15:05:42.520Z","2026-10-08","https://api.worldbank.org/pip/v1/pip?country=all&year=all&fill_gaps=false&reporting_level=national&welfare_type=all&version=20260922_2021_01_02_PROD&format=json","national","national","false","survey","micro","https://datacatalog.worldbank.org/int/public-licenses#cc-by"
"MRT","2000","29.5","6.2","consistent","EPCV","consumption","2000.5","29.53","6.17","2000 - 2019","20260922_2021_01_02_PROD","2026-10-10T15:05:43.529Z","2026-10-10T15:05:43.529Z","false","2026-10-10T15:05:42.520Z","2026-10-08","https://api.worldbank.org/pip/v1/pip?country=all&year=all&fill_gaps=false&reporting_level=national&welfare_type=all&version=20260922_2021_01_02_PROD&format=json","national","national","false","survey","micro","https://datacatalog.worldbank.org/int/public-licenses#cc-by"
"MRT","2004","32.6","6.5","precision-limited","EPCV","consumption","2004.55","32.62","6.54","2000 - 2019","20260922_2021_01_02_PROD","2026-10-10T15:05:43.529Z","2026-10-10T15:05:43.529Z","false","2026-10-10T15:05:42.520Z","2026-10-08","https://api.worldbank.org/pip/v1/pip?country=all&year=all&fill_gaps=false&reporting_level=national&welfare_type=all&version=20260922_2021_01_02_PROD&format=json","national","national","false","survey","micro","https://datacatalog.worldbank.org/int/public-licenses#cc-by"
"MRT","2008","26.2","6.7","consistent","EPCV","consumption","2008.2","26.179999999999996","6.710000000000001","2000 - 2019","20260922_2021_01_02_PROD","2026-10-10T15:05:43.529Z","2026-10-10T15:05:43.529Z","false","2026-10-10T15:05:42.520Z","2026-10-08","https://api.worldbank.org/pip/v1/pip?country=all&year=all&fill_gaps=false&reporting_level=national&welfare_type=all&version=20260922_2021_01_02_PROD&format=json","national","national","false","survey","micro","https://datacatalog.worldbank.org/int/public-licenses#cc-by"
"MRT","2014","24.9","7.5","consistent","EPCV","consumption","2014","24.93","7.53","2000 - 2019","20260922_2021_01_02_PROD","2026-10-10T15:05:43.529Z","2026-10-10T15:05:43.529Z","false","2026-10-10T15:05:42.520Z","2026-10-08","https://api.worldbank.org/pip/v1/pip?country=all&year=all&fill_gaps=false&reporting_level=national&welfare_type=all&version=20260922_2021_01_02_PROD&format=json","national","national","false","survey","micro","https://datacatalog.worldbank.org/int/public-licenses#cc-by"
"MRT","2019","24.6","7.8","precision-limited","EPCV","consumption","2019.6","24.59","7.85","2000 - 2019","20260922_2021_01_02_PROD","2026-10-10T15:05:43.529Z","2026-10-10T15:05:43.529Z","false","2026-10-10T15:05:42.520Z","2026-10-08","https://api.worldbank.org/pip/v1/pip?country=all&year=all&fill_gaps=false&reporting_level=national&welfare_type=all&version=20260922_2021_01_02_PROD&format=json","national","national","false","survey","micro","https://datacatalog.worldbank.org/int/public-licenses#cc-by"
"MUS","2006","28.7","7.6","consistent","HBS","consumption","2006.5","28.74","7.59","2006 - 2017","20260922_2021_01_02_PROD","2026-10-10T15:05:43.529Z","2026-10-10T15:05:43.529Z","false","2026-10-10T15:05:42.520Z","2026-10-08","https://api.worldbank.org/pip/v1/pip?country=all&year=all&fill_gaps=false&reporting_level=national&welfare_type=all&version=20260922_2021_01_02_PROD&format=json","national","national","false","survey","micro","https://datacatalog.worldbank.org/int/public-licenses#cc-by"
"MUS","2012","31.6","7","consistent","HBS","consumption","2012","31.6","7.01","2006 - 2017","20260922_2021_01_02_PROD","2026-10-10T15:05:43.529Z","2026-10-10T15:05:43.529Z","false","2026-10-10T15:05:42.520Z","2026-10-08","https://api.worldbank.org/pip/v1/pip?country=all&year=all&fill_gaps=false&reporting_level=national&welfare_type=all&version=20260922_2021_01_02_PROD&format=json","national","national","false","survey","micro","https://datacatalog.worldbank.org/int/public-licenses#cc-by"
"MUS","2017","29.9","7.2","consistent","HBS","consumption","2017","29.87","7.23","2006 - 2017","20260922_2021_01_02_PROD","2026-10-10T15:05:43.529Z","2026-10-10T15:05:43.529Z","false","2026-10-10T15:05:42.520Z","2026-10-08","https://api.worldbank.org/pip/v1/pip?country=all&year=all&fill_gaps=false&reporting_level=national&welfare_type=all&version=20260922_2021_01_02_PROD&format=json","national","national","false","survey","micro","https://datacatalog.worldbank.org/int/public-licenses#cc-by"
"MEX","2000","42.4","3.4","precision-limited","ENIGH","income","2000","42.43","3.45","1984 - 2014","20260922_2021_01_02_PROD","2026-10-10T15:05:43.529Z","2026-10-10T15:05:43.529Z","false","2026-10-10T15:05:42.520Z","2026-10-08","https://api.worldbank.org/pip/v1/pip?country=all&year=all&fill_gaps=false&reporting_level=national&welfare_type=all&version=20260922_2021_01_02_PROD&format=json","national","national","false","survey","micro","https://datacatalog.worldbank.org/int/public-licenses#cc-by"
"MEX","2002","39.9","4","consistent","ENIGH","income","2002","39.93","4.02","1984 - 2014","20260922_2021_01_02_PROD","2026-10-10T15:05:43.529Z","2026-10-10T15:05:43.529Z","false","2026-10-10T15:05:42.520Z","2026-10-08","https://api.worldbank.org/pip/v1/pip?country=all&year=all&fill_gaps=false&reporting_level=national&welfare_type=all&version=20260922_2021_01_02_PROD&format=json","national","national","false","survey","micro","https://datacatalog.worldbank.org/int/public-licenses#cc-by"
"MEX","2004","39.7","4","precision-limited","ENIGH","income","2004","39.7","4.05","1984 - 2014","20260922_2021_01_02_PROD","2026-10-10T15:05:43.529Z","2026-10-10T15:05:43.529Z","false","2026-10-10T15:05:42.520Z","2026-10-08","https://api.worldbank.org/pip/v1/pip?country=all&year=all&fill_gaps=false&reporting_level=national&welfare_type=all&version=20260922_2021_01_02_PROD&format=json","national","national","false","survey","micro","https://datacatalog.worldbank.org/int/public-licenses#cc-by"
"MEX","2005","40.3","3.8","precision-limited","ENIGH","income","2005","40.27","3.8400000000000003","1984 - 2014","20260922_2021_01_02_PROD","2026-10-10T15:05:43.529Z","2026-10-10T15:05:43.529Z","false","2026-10-10T15:05:42.520Z","2026-10-08","https://api.worldbank.org/pip/v1/pip?country=all&year=all&fill_gaps=false&reporting_level=national&welfare_type=all&version=20260922_2021_01_02_PROD&format=json","national","national","false","survey","micro","https://datacatalog.worldbank.org/int/public-licenses#cc-by"
"MEX","2006","39.5","4.2","precision-limited","ENIGH","income","2006","39.48","4.24","1984 - 2014","20260922_2021_01_02_PROD","2026-10-10T15:05:43.529Z","2026-10-10T15:05:43.529Z","false","2026-10-10T15:05:42.520Z","2026-10-08","https://api.worldbank.org/pip/v1/pip?country=all&year=all&fill_gaps=false&reporting_level=national&welfare_type=all&version=20260922_2021_01_02_PROD&format=json","national","national","false","survey","micro","https://datacatalog.worldbank.org/int/public-licenses#cc-by"
"MEX","2008","39.7","3.9","consistent","ENIGH","income","2008","39.72","3.8900000000000006","1984 - 2014","20260922_2021_01_02_PROD","2026-10-10T15:05:43.529Z","2026-10-10T15:05:43.529Z","false","2026-10-10T15:05:42.520Z","2026-10-08","https://api.worldbank.org/pip/v1/pip?country=all&year=all&fill_gaps=false&reporting_level=national&welfare_type=all&version=20260922_2021_01_02_PROD&format=json","national","national","false","survey","micro","https://datacatalog.worldbank.org/int/public-licenses#cc-by"
"MEX","2010","37.2","4.6","precision-limited","ENIGH","income","2010","37.24","4.55","1984 - 2014","20260922_2021_01_02_PROD","2026-10-10T15:05:43.529Z","2026-10-10T15:05:43.529Z","false","2026-10-10T15:05:42.520Z","2026-10-08","https://api.worldbank.org/pip/v1/pip?country=all&year=all&fill_gaps=false&reporting_level=national&welfare_type=all&version=20260922_2021_01_02_PROD&format=json","national","national","false","survey","micro","https://datacatalog.worldbank.org/int/public-licenses#cc-by"
"MEX","2012","39.6","4.4","precision-limited","ENIGH","income","2012","39.58","4.36","1984 - 2014","20260922_2021_01_02_PROD","2026-10-10T15:05:43.529Z","2026-10-10T15:05:43.529Z","false","2026-10-10T15:05:42.520Z","2026-10-08","https://api.worldbank.org/pip/v1/pip?country=all&year=all&fill_gaps=false&reporting_level=national&welfare_type=all&version=20260922_2021_01_02_PROD&format=json","national","national","false","survey","micro","https://datacatalog.worldbank.org/int/public-licenses#cc-by"
"MEX","2014","39.5","4.7","consistent","ENIGH","income","2014","39.46","4.7","1984 - 2014","20260922_2021_01_02_PROD","2026-10-10T15:05:43.529Z","2026-10-10T15:05:43.529Z","false","2026-10-10T15:05:42.520Z","2026-10-08","https://api.worldbank.org/pip/v1/pip?country=all&year=all&fill_gaps=false&reporting_level=national&welfare_type=all&version=20260922_2021_01_02_PROD&format=json","national","national","false","survey","micro","https://datacatalog.worldbank.org/int/public-licenses#cc-by"
"MEX","2016","37.4","5","consistent","ENIGHNS","income","2016","37.38","4.9799999999999995","2016 - 2024","20260922_2021_01_02_PROD","2026-10-10T15:05:43.529Z","2026-10-10T15:05:43.529Z","false","2026-10-10T15:05:42.520Z","2026-10-08","https://api.worldbank.org/pip/v1/pip?country=all&year=all&fill_gaps=false&reporting_level=national&welfare_type=all&version=20260922_2021_01_02_PROD&format=json","national","national","false","survey","micro","https://datacatalog.worldbank.org/int/public-licenses#cc-by"
"MEX","2018","36.6","5.2","precision-limited","ENIGHNS","income","2018","36.63","5.16","2016 - 2024","20260922_2021_01_02_PROD","2026-10-10T15:05:43.529Z","2026-10-10T15:05:43.529Z","false","2026-10-10T15:05:42.520Z","2026-10-08","https://api.worldbank.org/pip/v1/pip?country=all&year=all&fill_gaps=false&reporting_level=national&welfare_type=all&version=20260922_2021_01_02_PROD&format=json","national","national","false","survey","micro","https://datacatalog.worldbank.org/int/public-licenses#cc-by"
"MEX","2020","35.1","5.3","consistent","ENIGHNS","income","2020","35.07","5.29","2016 - 2024","20260922_2021_01_02_PROD","2026-10-10T15:05:43.529Z","2026-10-10T15:05:43.529Z","false","2026-10-10T15:05:42.520Z","2026-10-08","https://api.worldbank.org/pip/v1/pip?country=all&year=all&fill_gaps=false&reporting_level=national&welfare_type=all&version=20260922_2021_01_02_PROD&format=json","national","national","false","survey","micro","https://datacatalog.worldbank.org/int/public-licenses#cc-by"
"MEX","2022","34.4","5.6","consistent","ENIGHNS","income","2022","34.410000000000004","5.6","2016 - 2024","20260922_2021_01_02_PROD","2026-10-10T15:05:43.529Z","2026-10-10T15:05:43.529Z","false","2026-10-10T15:05:42.520Z","2026-10-08","https://api.worldbank.org/pip/v1/pip?country=all&year=all&fill_gaps=false&reporting_level=national&welfare_type=all&version=20260922_2021_01_02_PROD&format=json","national","national","false","survey","micro","https://datacatalog.worldbank.org/int/public-licenses#cc-by"
"MEX","2024","33.4","5.6","precision-limited","ENIGHNS","income","2024","33.42","5.6499999999999995","2016 - 2024","20260922_2021_01_02_PROD","2026-10-10T15:05:43.529Z","2026-10-10T15:05:43.529Z","false","2026-10-10T15:05:42.520Z","2026-10-08","https://api.worldbank.org/pip/v1/pip?country=all&year=all&fill_gaps=false&reporting_level=national&welfare_type=all&version=20260922_2021_01_02_PROD&format=json","national","national","false","survey","micro","https://datacatalog.worldbank.org/int/public-licenses#cc-by"
"FSM","2005","32.4","5.6","consistent","HIES","consumption","2005","32.4","5.57","2005","20260922_2021_01_02_PROD","2026-10-10T15:05:43.529Z","2026-10-10T15:05:43.529Z","false","2026-10-10T15:05:42.520Z","2026-10-08","https://api.worldbank.org/pip/v1/pip?country=all&year=all&fill_gaps=false&reporting_level=national&welfare_type=all&version=20260922_2021_01_02_PROD&format=json","national","national","false","survey","micro","https://datacatalog.worldbank.org/int/public-licenses#cc-by"
"FSM","2013","29.7","5.5","precision-limited","HIES","consumption","2013","29.709999999999997","5.540000000000001","2013","20260922_2021_01_02_PROD","2026-10-10T15:05:43.529Z","2026-10-10T15:05:43.529Z","false","2026-10-10T15:05:42.520Z","2026-10-08","https://api.worldbank.org/pip/v1/pip?country=all&year=all&fill_gaps=false&reporting_level=national&welfare_type=all&version=20260922_2021_01_02_PROD&format=json","national","national","false","survey","micro","https://datacatalog.worldbank.org/int/public-licenses#cc-by"
"MDA","2000","28.4","6.9","consistent","HBS","consumption","2000","28.43","6.93","1997 - 2004","20260922_2021_01_02_PROD","2026-10-10T15:05:43.529Z","2026-10-10T15:05:43.529Z","false","2026-10-10T15:05:42.520Z","2026-10-08","https://api.worldbank.org/pip/v1/pip?country=all&year=all&fill_gaps=false&reporting_level=national&welfare_type=all&version=20260922_2021_01_02_PROD&format=json","national","national","false","survey","micro","https://datacatalog.worldbank.org/int/public-licenses#cc-by"
"MDA","2001","29.8","6.7","consistent","HBS","consumption","2001","29.770000000000003","6.69","1997 - 2004","20260922_2021_01_02_PROD","2026-10-10T15:05:43.529Z","2026-10-10T15:05:43.529Z","false","2026-10-10T15:05:42.520Z","2026-10-08","https://api.worldbank.org/pip/v1/pip?country=all&year=all&fill_gaps=false&reporting_level=national&welfare_type=all&version=20260922_2021_01_02_PROD&format=json","national","national","false","survey","micro","https://datacatalog.worldbank.org/int/public-licenses#cc-by"
"MDA","2002","27.5","7","consistent","HBS","consumption","2002","27.529999999999998","6.98","1997 - 2004","20260922_2021_01_02_PROD","2026-10-10T15:05:43.529Z","2026-10-10T15:05:43.529Z","false","2026-10-10T15:05:42.520Z","2026-10-08","https://api.worldbank.org/pip/v1/pip?country=all&year=all&fill_gaps=false&reporting_level=national&welfare_type=all&version=20260922_2021_01_02_PROD&format=json","national","national","false","survey","micro","https://datacatalog.worldbank.org/int/public-licenses#cc-by"
"MDA","2003","27.7","7.6","consistent","HBS","consumption","2003","27.689999999999998","7.6","1997 - 2004","20260922_2021_01_02_PROD","2026-10-10T15:05:43.529Z","2026-10-10T15:05:43.529Z","false","2026-10-10T15:05:42.520Z","2026-10-08","https://api.worldbank.org/pip/v1/pip?country=all&year=all&fill_gaps=false&reporting_level=national&welfare_type=all&version=20260922_2021_01_02_PROD&format=json","national","national","false","survey","micro","https://datacatalog.worldbank.org/int/public-licenses#cc-by"
"MDA","2004","27.7","7.4","precision-limited","HBS","consumption","2004","27.689999999999998","7.359999999999999","1997 - 2004","20260922_2021_01_02_PROD","2026-10-10T15:05:43.529Z","2026-10-10T15:05:43.529Z","false","2026-10-10T15:05:42.520Z","2026-10-08","https://api.worldbank.org/pip/v1/pip?country=all&year=all&fill_gaps=false&reporting_level=national&welfare_type=all&version=20260922_2021_01_02_PROD&format=json","national","national","false","survey","micro","https://datacatalog.worldbank.org/int/public-licenses#cc-by"
"MDA","2005","28.4","7","consistent","HBS","consumption","2005","28.360000000000003","7.01","2005","20260922_2021_01_02_PROD","2026-10-10T15:05:43.529Z","2026-10-10T15:05:43.529Z","false","2026-10-10T15:05:42.520Z","2026-10-08","https://api.worldbank.org/pip/v1/pip?country=all&year=all&fill_gaps=false&reporting_level=national&welfare_type=all&version=20260922_2021_01_02_PROD&format=json","national","national","false","survey","micro","https://datacatalog.worldbank.org/int/public-licenses#cc-by"
"MDA","2006","27.4","7.1","consistent","HBS","consumption","2006","27.36","7.089999999999999","2006 - 2018","20260922_2021_01_02_PROD","2026-10-10T15:05:43.529Z","2026-10-10T15:05:43.529Z","false","2026-10-10T15:05:42.520Z","2026-10-08","https://api.worldbank.org/pip/v1/pip?country=all&year=all&fill_gaps=false&reporting_level=national&welfare_type=all&version=20260922_2021_01_02_PROD&format=json","national","national","false","survey","micro","https://datacatalog.worldbank.org/int/public-licenses#cc-by"
"MDA","2007","26.8","7.4","consistent","HBS","consumption","2007","26.779999999999998","7.380000000000001","2006 - 2018","20260922_2021_01_02_PROD","2026-10-10T15:05:43.529Z","2026-10-10T15:05:43.529Z","false","2026-10-10T15:05:42.520Z","2026-10-08","https://api.worldbank.org/pip/v1/pip?country=all&year=all&fill_gaps=false&reporting_level=national&welfare_type=all&version=20260922_2021_01_02_PROD&format=json","national","national","false","survey","micro","https://datacatalog.worldbank.org/int/public-licenses#cc-by"
"MDA","2008","27.1","7.3","consistent","HBS","consumption","2008","27.11","7.33","2006 - 2018","20260922_2021_01_02_PROD","2026-10-10T15:05:43.529Z","2026-10-10T15:05:43.529Z","false","2026-10-10T15:05:42.520Z","2026-10-08","https://api.worldbank.org/pip/v1/pip?country=all&year=all&fill_gaps=false&reporting_level=national&welfare_type=all&version=20260922_2021_01_02_PROD&format=json","national","national","false","survey","micro","https://datacatalog.worldbank.org/int/public-licenses#cc-by"
"MDA","2009","25","7.6","consistent","HBS","consumption","2009","25.019999999999996","7.59","2006 - 2018","20260922_2021_01_02_PROD","2026-10-10T15:05:43.529Z","2026-10-10T15:05:43.529Z","false","2026-10-10T15:05:42.520Z","2026-10-08","https://api.worldbank.org/pip/v1/pip?country=all&year=all&fill_gaps=false&reporting_level=national&welfare_type=all&version=20260922_2021_01_02_PROD&format=json","national","national","false","survey","micro","https://datacatalog.worldbank.org/int/public-licenses#cc-by"
"MDA","2010","25.4","8.1","consistent","HBS","consumption","2010","25.419999999999998","8.12","2006 - 2018","20260922_2021_01_02_PROD","2026-10-10T15:05:43.529Z","2026-10-10T15:05:43.529Z","false","2026-10-10T15:05:42.520Z","2026-10-08","https://api.worldbank.org/pip/v1/pip?country=all&year=all&fill_gaps=false&reporting_level=national&welfare_type=all&version=20260922_2021_01_02_PROD&format=json","national","national","false","survey","micro","https://datacatalog.worldbank.org/int/public-licenses#cc-by"
"MDA","2011","24.5","8.5","consistent","HBS","consumption","2011","24.490000000000002","8.5","2006 - 2018","20260922_2021_01_02_PROD","2026-10-10T15:05:43.529Z","2026-10-10T15:05:43.529Z","false","2026-10-10T15:05:42.520Z","2026-10-08","https://api.worldbank.org/pip/v1/pip?country=all&year=all&fill_gaps=false&reporting_level=national&welfare_type=all&version=20260922_2021_01_02_PROD&format=json","national","national","false","survey","micro","https://datacatalog.worldbank.org/int/public-licenses#cc-by"
"MDA","2012","23.6","9","consistent","HBS","consumption","2012","23.61","8.979999999999999","2006 - 2018","20260922_2021_01_02_PROD","2026-10-10T15:05:43.529Z","2026-10-10T15:05:43.529Z","false","2026-10-10T15:05:42.520Z","2026-10-08","https://api.worldbank.org/pip/v1/pip?country=all&year=all&fill_gaps=false&reporting_level=national&welfare_type=all&version=20260922_2021_01_02_PROD&format=json","national","national","false","survey","micro","https://datacatalog.worldbank.org/int/public-licenses#cc-by"
"MDA","2013","23.2","9.2","precision-limited","HBS","consumption","2013","23.25","9.15","2006 - 2018","20260922_2021_01_02_PROD","2026-10-10T15:05:43.529Z","2026-10-10T15:05:43.529Z","false","2026-10-10T15:05:42.520Z","2026-10-08","https://api.worldbank.org/pip/v1/pip?country=all&year=all&fill_gaps=false&reporting_level=national&welfare_type=all&version=20260922_2021_01_02_PROD&format=json","national","national","false","survey","micro","https://datacatalog.worldbank.org/int/public-licenses#cc-by"
"MDA","2014","22.1","9.7","consistent","HBS","consumption","2014","22.06","9.72","2006 - 2018","20260922_2021_01_02_PROD","2026-10-10T15:05:43.529Z","2026-10-10T15:05:43.529Z","false","2026-10-10T15:05:42.520Z","2026-10-08","https://api.worldbank.org/pip/v1/pip?country=all&year=all&fill_gaps=false&reporting_level=national&welfare_type=all&version=20260922_2021_01_02_PROD&format=json","national","national","false","survey","micro","https://datacatalog.worldbank.org/int/public-licenses#cc-by"
"MDA","2015","22.5","9.7","consistent","HBS","consumption","2015","22.5","9.709999999999999","2006 - 2018","20260922_2021_01_02_PROD","2026-10-10T15:05:43.529Z","2026-10-10T15:05:43.529Z","false","2026-10-10T15:05:42.520Z","2026-10-08","https://api.worldbank.org/pip/v1/pip?country=all&year=all&fill_gaps=false&reporting_level=national&welfare_type=all&version=20260922_2021_01_02_PROD&format=json","national","national","false","survey","micro","https://datacatalog.worldbank.org/int/public-licenses#cc-by"
"MDA","2016","22.7","10","consistent","HBS","consumption","2016","22.689999999999998","10.02","2006 - 2018","20260922_2021_01_02_PROD","2026-10-10T15:05:43.529Z","2026-10-10T15:05:43.529Z","false","2026-10-10T15:05:42.520Z","2026-10-08","https://api.worldbank.org/pip/v1/pip?country=all&year=all&fill_gaps=false&reporting_level=national&welfare_type=all&version=20260922_2021_01_02_PROD&format=json","national","national","false","survey","micro","https://datacatalog.worldbank.org/int/public-licenses#cc-by"
"MDA","2017","21.7","10","consistent","HBS","consumption","2017","21.66","9.98","2006 - 2018","20260922_2021_01_02_PROD","2026-10-10T15:05:43.529Z","2026-10-10T15:05:43.529Z","false","2026-10-10T15:05:42.520Z","2026-10-08","https://api.worldbank.org/pip/v1/pip?country=all&year=all&fill_gaps=false&reporting_level=national&welfare_type=all&version=20260922_2021_01_02_PROD&format=json","national","national","false","survey","micro","https://datacatalog.worldbank.org/int/public-licenses#cc-by"
"MDA","2018","21.9","10.2","precision-limited","HBS","consumption","2018","21.95","10.18","2006 - 2018","20260922_2021_01_02_PROD","2026-10-10T15:05:43.529Z","2026-10-10T15:05:43.529Z","false","2026-10-10T15:05:42.520Z","2026-10-08","https://api.worldbank.org/pip/v1/pip?country=all&year=all&fill_gaps=false&reporting_level=national&welfare_type=all&version=20260922_2021_01_02_PROD&format=json","national","national","false","survey","micro","https://datacatalog.worldbank.org/int/public-licenses#cc-by"
"MDA","2019","22","10","precision-limited","HBS","consumption","2019","21.97","9.959999999999999","2019 - 2024","20260922_2021_01_02_PROD","2026-10-10T15:05:43.529Z","2026-10-10T15:05:43.529Z","false","2026-10-10T15:05:42.520Z","2026-10-08","https://api.worldbank.org/pip/v1/pip?country=all&year=all&fill_gaps=false&reporting_level=national&welfare_type=all&version=20260922_2021_01_02_PROD&format=json","national","national","false","survey","micro","https://datacatalog.worldbank.org/int/public-licenses#cc-by"
"MDA","2020","21.5","10.3","consistent","HBS","consumption","2020","21.46","10.32","2019 - 2024","20260922_2021_01_02_PROD","2026-10-10T15:05:43.529Z","2026-10-10T15:05:43.529Z","false","2026-10-10T15:05:42.520Z","2026-10-08","https://api.worldbank.org/pip/v1/pip?country=all&year=all&fill_gaps=false&reporting_level=national&welfare_type=all&version=20260922_2021_01_02_PROD&format=json","national","national","false","survey","micro","https://datacatalog.worldbank.org/int/public-licenses#cc-by"
"MDA","2021","22.1","10.1","consistent","HBS","consumption","2021","22.06","10.08","2019 - 2024","20260922_2021_01_02_PROD","2026-10-10T15:05:43.529Z","2026-10-10T15:05:43.529Z","false","2026-10-10T15:05:42.520Z","2026-10-08","https://api.worldbank.org/pip/v1/pip?country=all&year=all&fill_gaps=false&reporting_level=national&welfare_type=all&version=20260922_2021_01_02_PROD&format=json","national","national","false","survey","micro","https://datacatalog.worldbank.org/int/public-licenses#cc-by"
"MDA","2022","22.5","10.2","precision-limited","HBS","consumption","2022","22.52","10.239999999999998","2019 - 2024","20260922_2021_01_02_PROD","2026-10-10T15:05:43.529Z","2026-10-10T15:05:43.529Z","false","2026-10-10T15:05:42.520Z","2026-10-08","https://api.worldbank.org/pip/v1/pip?country=all&year=all&fill_gaps=false&reporting_level=national&welfare_type=all&version=20260922_2021_01_02_PROD&format=json","national","national","false","survey","micro","https://datacatalog.worldbank.org/int/public-licenses#cc-by"
"MDA","2023","22.8","9.9","consistent","HBS","consumption","2023","22.759999999999998","9.9","2019 - 2024","20260922_2021_01_02_PROD","2026-10-10T15:05:43.529Z","2026-10-10T15:05:43.529Z","false","2026-10-10T15:05:42.520Z","2026-10-08","https://api.worldbank.org/pip/v1/pip?country=all&year=all&fill_gaps=false&reporting_level=national&welfare_type=all&version=20260922_2021_01_02_PROD&format=json","national","national","false","survey","micro","https://datacatalog.worldbank.org/int/public-licenses#cc-by"
"MDA","2024","22.7","9.9","precision-limited","HBS","consumption","2024","22.71","9.85","2019 - 2024","20260922_2021_01_02_PROD","2026-10-10T15:05:43.529Z","2026-10-10T15:05:43.529Z","false","2026-10-10T15:05:42.520Z","2026-10-08","https://api.worldbank.org/pip/v1/pip?country=all&year=all&fill_gaps=false&reporting_level=national&welfare_type=all&version=20260922_2021_01_02_PROD&format=json","national","national","false","survey","micro","https://datacatalog.worldbank.org/int/public-licenses#cc-by"
"MNG","2002","24.6","7.5","consistent","HIES-LSMS","consumption","2002.15","24.63","7.489999999999999","2002","20260922_2021_01_02_PROD","2026-10-10T15:05:43.529Z","2026-10-10T15:05:43.529Z","false","2026-10-10T15:05:42.520Z","2026-10-08","https://api.worldbank.org/pip/v1/pip?country=all&year=all&fill_gaps=false&reporting_level=national&welfare_type=all&version=20260922_2021_01_02_PROD&format=json","national","national","false","survey","micro","https://datacatalog.worldbank.org/int/public-licenses#cc-by"
"MNG","2007","27.7","7.3","precision-limited","HSES","consumption","2007.5","27.750000000000004","7.28","2007","20260922_2021_01_02_PROD","2026-10-10T15:05:43.529Z","2026-10-10T15:05:43.529Z","false","2026-10-10T15:05:42.520Z","2026-10-08","https://api.worldbank.org/pip/v1/pip?country=all&year=all&fill_gaps=false&reporting_level=national&welfare_type=all&version=20260922_2021_01_02_PROD&format=json","national","national","false","survey","micro","https://datacatalog.worldbank.org/int/public-licenses#cc-by"
"MNG","2010","25.7","7.8","consistent","HSES","consumption","2010","25.72","7.79","2010 - 2018","20260922_2021_01_02_PROD","2026-10-10T15:05:43.529Z","2026-10-10T15:05:43.529Z","false","2026-10-10T15:05:42.520Z","2026-10-08","https://api.worldbank.org/pip/v1/pip?country=all&year=all&fill_gaps=false&reporting_level=national&welfare_type=all&version=20260922_2021_01_02_PROD&format=json","national","national","false","survey","micro","https://datacatalog.worldbank.org/int/public-licenses#cc-by"
"MNG","2011","26.6","7.8","consistent","HSES","consumption","2011","26.619999999999997","7.780000000000001","2010 - 2018","20260922_2021_01_02_PROD","2026-10-10T15:05:43.529Z","2026-10-10T15:05:43.529Z","false","2026-10-10T15:05:42.520Z","2026-10-08","https://api.worldbank.org/pip/v1/pip?country=all&year=all&fill_gaps=false&reporting_level=national&welfare_type=all&version=20260922_2021_01_02_PROD&format=json","national","national","false","survey","micro","https://datacatalog.worldbank.org/int/public-licenses#cc-by"
"MNG","2012","26.2","7.6","precision-limited","HSES","consumption","2012","26.179999999999996","7.6499999999999995","2010 - 2018","20260922_2021_01_02_PROD","2026-10-10T15:05:43.529Z","2026-10-10T15:05:43.529Z","false","2026-10-10T15:05:42.520Z","2026-10-08","https://api.worldbank.org/pip/v1/pip?country=all&year=all&fill_gaps=false&reporting_level=national&welfare_type=all&version=20260922_2021_01_02_PROD&format=json","national","national","false","survey","micro","https://datacatalog.worldbank.org/int/public-licenses#cc-by"
"MNG","2014","25.5","8.1","consistent","HSES","consumption","2014","25.47","8.080000000000002","2010 - 2018","20260922_2021_01_02_PROD","2026-10-10T15:05:43.529Z","2026-10-10T15:05:43.529Z","false","2026-10-10T15:05:42.520Z","2026-10-08","https://api.worldbank.org/pip/v1/pip?country=all&year=all&fill_gaps=false&reporting_level=national&welfare_type=all&version=20260922_2021_01_02_PROD&format=json","national","national","false","survey","micro","https://datacatalog.worldbank.org/int/public-licenses#cc-by"
"MNG","2016","25.6","8","consistent","HSES","consumption","2016","25.619999999999997","8.030000000000001","2010 - 2018","20260922_2021_01_02_PROD","2026-10-10T15:05:43.529Z","2026-10-10T15:05:43.529Z","false","2026-10-10T15:05:42.520Z","2026-10-08","https://api.worldbank.org/pip/v1/pip?country=all&year=all&fill_gaps=false&reporting_level=national&welfare_type=all&version=20260922_2021_01_02_PROD&format=json","national","national","false","survey","micro","https://datacatalog.worldbank.org/int/public-licenses#cc-by"
"MNG","2018","25.7","7.9","precision-limited","HSES","consumption","2018","25.669999999999998","7.95","2010 - 2018","20260922_2021_01_02_PROD","2026-10-10T15:05:43.529Z","2026-10-10T15:05:43.529Z","false","2026-10-10T15:05:42.520Z","2026-10-08","https://api.worldbank.org/pip/v1/pip?country=all&year=all&fill_gaps=false&reporting_level=national&welfare_type=all&version=20260922_2021_01_02_PROD&format=json","national","national","false","survey","micro","https://datacatalog.worldbank.org/int/public-licenses#cc-by"
"MNG","2022","24.6","8.2","precision-limited","HSES","consumption","2022","24.65","8.19","2022","20260922_2021_01_02_PROD","2026-10-10T15:05:43.529Z","2026-10-10T15:05:43.529Z","false","2026-10-10T15:05:42.520Z","2026-10-08","https://api.worldbank.org/pip/v1/pip?country=all&year=all&fill_gaps=false&reporting_level=national&welfare_type=all&version=20260922_2021_01_02_PROD&format=json","national","national","false","survey","micro","https://datacatalog.worldbank.org/int/public-licenses#cc-by"
"MNE","2005","24","8.5","precision-limited","HBS","consumption","2005","23.990000000000002","8.540000000000001","2005 - 2014","20260922_2021_01_02_PROD","2026-10-10T15:05:43.529Z","2026-10-10T15:05:43.529Z","false","2026-10-10T15:05:42.520Z","2026-10-08","https://api.worldbank.org/pip/v1/pip?country=all&year=all&fill_gaps=false&reporting_level=national&welfare_type=all&version=20260922_2021_01_02_PROD&format=json","national","national","false","survey","micro","https://datacatalog.worldbank.org/int/public-licenses#cc-by"
"MNE","2006","23.2","8.4","consistent","HBS","consumption","2006","23.200000000000003","8.399999999999999","2005 - 2014","20260922_2021_01_02_PROD","2026-10-10T15:05:43.529Z","2026-10-10T15:05:43.529Z","false","2026-10-10T15:05:42.520Z","2026-10-08","https://api.worldbank.org/pip/v1/pip?country=all&year=all&fill_gaps=false&reporting_level=national&welfare_type=all&version=20260922_2021_01_02_PROD&format=json","national","national","false","survey","micro","https://datacatalog.worldbank.org/int/public-licenses#cc-by"
"MNE","2007","24.5","8.1","precision-limited","HBS","consumption","2007","24.46","8.05","2005 - 2014","20260922_2021_01_02_PROD","2026-10-10T15:05:43.529Z","2026-10-10T15:05:43.529Z","false","2026-10-10T15:05:42.520Z","2026-10-08","https://api.worldbank.org/pip/v1/pip?country=all&year=all&fill_gaps=false&reporting_level=national&welfare_type=all&version=20260922_2021_01_02_PROD&format=json","national","national","false","survey","micro","https://datacatalog.worldbank.org/int/public-licenses#cc-by"
"MNE","2008","24.5","8.4","consistent","HBS","consumption","2008","24.529999999999998","8.43","2005 - 2014","20260922_2021_01_02_PROD","2026-10-10T15:05:43.529Z","2026-10-10T15:05:43.529Z","false","2026-10-10T15:05:42.520Z","2026-10-08","https://api.worldbank.org/pip/v1/pip?country=all&year=all&fill_gaps=false&reporting_level=national&welfare_type=all&version=20260922_2021_01_02_PROD&format=json","national","national","false","survey","micro","https://datacatalog.worldbank.org/int/public-licenses#cc-by"
"MNE","2009","24.8","8.3","precision-limited","HBS","consumption","2009","24.84","8.260000000000002","2005 - 2014","20260922_2021_01_02_PROD","2026-10-10T15:05:43.529Z","2026-10-10T15:05:43.529Z","false","2026-10-10T15:05:42.520Z","2026-10-08","https://api.worldbank.org/pip/v1/pip?country=all&year=all&fill_gaps=false&reporting_level=national&welfare_type=all&version=20260922_2021_01_02_PROD&format=json","national","national","false","survey","micro","https://datacatalog.worldbank.org/int/public-licenses#cc-by"
"MNE","2010","22.6","8.7","precision-limited","HBS","consumption","2010","22.63","8.66","2005 - 2014","20260922_2021_01_02_PROD","2026-10-10T15:05:43.529Z","2026-10-10T15:05:43.529Z","false","2026-10-10T15:05:42.520Z","2026-10-08","https://api.worldbank.org/pip/v1/pip?country=all&year=all&fill_gaps=false&reporting_level=national&welfare_type=all&version=20260922_2021_01_02_PROD&format=json","national","national","false","survey","micro","https://datacatalog.worldbank.org/int/public-licenses#cc-by"
"MNE","2011","24.7","8.2","consistent","HBS","consumption","2011","24.67","8.23","2005 - 2014","20260922_2021_01_02_PROD","2026-10-10T15:05:43.529Z","2026-10-10T15:05:43.529Z","false","2026-10-10T15:05:42.520Z","2026-10-08","https://api.worldbank.org/pip/v1/pip?country=all&year=all&fill_gaps=false&reporting_level=national&welfare_type=all&version=20260922_2021_01_02_PROD&format=json","national","national","false","survey","micro","https://datacatalog.worldbank.org/int/public-licenses#cc-by"
"MNE","2012","28.7","4.5","consistent","SILC-C","income","2012","28.67","4.5","2012 - 2021","20260922_2021_01_02_PROD","2026-10-10T15:05:43.529Z","2026-10-10T15:05:43.529Z","false","2026-10-10T15:05:42.520Z","2026-10-08","https://api.worldbank.org/pip/v1/pip?country=all&year=all&fill_gaps=false&reporting_level=national&welfare_type=all&version=20260922_2021_01_02_PROD&format=json","national","national","false","survey","micro","https://datacatalog.worldbank.org/int/public-licenses#cc-by"
"MNE","2013","27.2","5.2","consistent","SILC-C","income","2013","27.21","5.18","2012 - 2021","20260922_2021_01_02_PROD","2026-10-10T15:05:43.529Z","2026-10-10T15:05:43.529Z","false","2026-10-10T15:05:42.520Z","2026-10-08","https://api.worldbank.org/pip/v1/pip?country=all&year=all&fill_gaps=false&reporting_level=national&welfare_type=all&version=20260922_2021_01_02_PROD&format=json","national","national","false","survey","micro","https://datacatalog.worldbank.org/int/public-licenses#cc-by"
"MNE","2014","26.9","5.1","precision-limited","SILC-C","income","2014","26.93","5.06","2012 - 2021","20260922_2021_01_02_PROD","2026-10-10T15:05:43.529Z","2026-10-10T15:05:43.529Z","false","2026-10-10T15:05:42.520Z","2026-10-08","https://api.worldbank.org/pip/v1/pip?country=all&year=all&fill_gaps=false&reporting_level=national&welfare_type=all&version=20260922_2021_01_02_PROD&format=json","national","national","false","survey","micro","https://datacatalog.worldbank.org/int/public-licenses#cc-by"
"MNE","2015","27.7","5.2","precision-limited","SILC-C","income","2015","27.689999999999998","5.160000000000001","2012 - 2021","20260922_2021_01_02_PROD","2026-10-10T15:05:43.529Z","2026-10-10T15:05:43.529Z","false","2026-10-10T15:05:42.520Z","2026-10-08","https://api.worldbank.org/pip/v1/pip?country=all&year=all&fill_gaps=false&reporting_level=national&welfare_type=all&version=20260922_2021_01_02_PROD&format=json","national","national","false","survey","micro","https://datacatalog.worldbank.org/int/public-licenses#cc-by"
"MNE","2016","27.7","5.2","consistent","SILC-C","income","2016","27.74","5.22","2012 - 2021","20260922_2021_01_02_PROD","2026-10-10T15:05:43.529Z","2026-10-10T15:05:43.529Z","false","2026-10-10T15:05:42.520Z","2026-10-08","https://api.worldbank.org/pip/v1/pip?country=all&year=all&fill_gaps=false&reporting_level=national&welfare_type=all&version=20260922_2021_01_02_PROD&format=json","national","national","false","survey","micro","https://datacatalog.worldbank.org/int/public-licenses#cc-by"
"MNE","2017","26","5.2","consistent","SILC-C","income","2017","26.029999999999998","5.17","2012 - 2021","20260922_2021_01_02_PROD","2026-10-10T15:05:43.529Z","2026-10-10T15:05:43.529Z","false","2026-10-10T15:05:42.520Z","2026-10-08","https://api.worldbank.org/pip/v1/pip?country=all&year=all&fill_gaps=false&reporting_level=national&welfare_type=all&version=20260922_2021_01_02_PROD&format=json","national","national","false","survey","micro","https://datacatalog.worldbank.org/int/public-licenses#cc-by"
"MNE","2018","26","5.3","precision-limited","SILC-C","income","2018","25.95","5.300000000000001","2012 - 2021","20260922_2021_01_02_PROD","2026-10-10T15:05:43.529Z","2026-10-10T15:05:43.529Z","false","2026-10-10T15:05:42.520Z","2026-10-08","https://api.worldbank.org/pip/v1/pip?country=all&year=all&fill_gaps=false&reporting_level=national&welfare_type=all&version=20260922_2021_01_02_PROD&format=json","national","national","false","survey","micro","https://datacatalog.worldbank.org/int/public-licenses#cc-by"
"MNE","2019","25.3","5.9","precision-limited","SILC-C","income","2019","25.35","5.8999999999999995","2012 - 2021","20260922_2021_01_02_PROD","2026-10-10T15:05:43.529Z","2026-10-10T15:05:43.529Z","false","2026-10-10T15:05:42.520Z","2026-10-08","https://api.worldbank.org/pip/v1/pip?country=all&year=all&fill_gaps=false&reporting_level=national&welfare_type=all&version=20260922_2021_01_02_PROD&format=json","national","national","false","survey","micro","https://datacatalog.worldbank.org/int/public-licenses#cc-by"
"MNE","2020","25.4","6.1","precision-limited","SILC-C","income","2020","25.35","6.07","2012 - 2021","20260922_2021_01_02_PROD","2026-10-10T15:05:43.529Z","2026-10-10T15:05:43.529Z","false","2026-10-10T15:05:42.520Z","2026-10-08","https://api.worldbank.org/pip/v1/pip?country=all&year=all&fill_gaps=false&reporting_level=national&welfare_type=all&version=20260922_2021_01_02_PROD&format=json","national","national","false","survey","micro","https://datacatalog.worldbank.org/int/public-licenses#cc-by"
"MNE","2021","24.7","6.2","precision-limited","SILC-C","income","2021","24.69","6.239999999999999","2012 - 2021","20260922_2021_01_02_PROD","2026-10-10T15:05:43.529Z","2026-10-10T15:05:43.529Z","false","2026-10-10T15:05:42.520Z","2026-10-08","https://api.worldbank.org/pip/v1/pip?country=all&year=all&fill_gaps=false&reporting_level=national&welfare_type=all&version=20260922_2021_01_02_PROD&format=json","national","national","false","survey","micro","https://datacatalog.worldbank.org/int/public-licenses#cc-by"
"MAR","2000","32.1","6.5","precision-limited","ENCDM","consumption","2000.83","32.129999999999995","6.460000000000001","2000 - 2013","20260922_2021_01_02_PROD","2026-10-10T15:05:43.529Z","2026-10-10T15:05:43.529Z","false","2026-10-10T15:05:42.520Z","2026-10-08","https://api.worldbank.org/pip/v1/pip?country=all&year=all&fill_gaps=false&reporting_level=national&welfare_type=all&version=20260922_2021_01_02_PROD&format=json","national","national","false","survey","micro","https://datacatalog.worldbank.org/int/public-licenses#cc-by"
"MAR","2006","33.1","6.5","precision-limited","ENNVM","consumption","2006.91","33.1","6.54","2000 - 2013","20260922_2021_01_02_PROD","2026-10-10T15:05:43.529Z","2026-10-10T15:05:43.529Z","false","2026-10-10T15:05:42.520Z","2026-10-08","https://api.worldbank.org/pip/v1/pip?country=all&year=all&fill_gaps=false&reporting_level=national&welfare_type=all&version=20260922_2021_01_02_PROD&format=json","national","national","false","survey","micro","https://datacatalog.worldbank.org/int/public-licenses#cc-by"
"MAR","2013","31.9","6.7","consistent","ENCDM","consumption","2013.5","31.879999999999995","6.7","2000 - 2013","20260922_2021_01_02_PROD","2026-10-10T15:05:43.529Z","2026-10-10T15:05:43.529Z","false","2026-10-10T15:05:42.520Z","2026-10-08","https://api.worldbank.org/pip/v1/pip?country=all&year=all&fill_gaps=false&reporting_level=national&welfare_type=all&version=20260922_2021_01_02_PROD&format=json","national","national","false","survey","micro","https://datacatalog.worldbank.org/int/public-licenses#cc-by"
"MOZ","2002","39.3","5.5","consistent","IAF","consumption","2002.5","39.32","5.49","1996 - 2022","20260922_2021_01_02_PROD","2026-10-10T15:05:43.529Z","2026-10-10T15:05:43.529Z","false","2026-10-10T15:05:42.520Z","2026-10-08","https://api.worldbank.org/pip/v1/pip?country=all&year=all&fill_gaps=false&reporting_level=national&welfare_type=all&version=20260922_2021_01_02_PROD&format=json","national","national","false","survey","micro","https://datacatalog.worldbank.org/int/public-licenses#cc-by"
"MOZ","2008","36.8","5.3","consistent","IOF","consumption","2008.67","36.76","5.29","1996 - 2022","20260922_2021_01_02_PROD","2026-10-10T15:05:43.529Z","2026-10-10T15:05:43.529Z","false","2026-10-10T15:05:42.520Z","2026-10-08","https://api.worldbank.org/pip/v1/pip?country=all&year=all&fill_gaps=false&reporting_level=national&welfare_type=all&version=20260922_2021_01_02_PROD&format=json","national","national","false","survey","micro","https://datacatalog.worldbank.org/int/public-licenses#cc-by"
"MOZ","2014","45.5","4.2","precision-limited","IOF","consumption","2014.44","45.47","4.25","1996 - 2022","20260922_2021_01_02_PROD","2026-10-10T15:05:43.529Z","2026-10-10T15:05:43.529Z","false","2026-10-10T15:05:42.520Z","2026-10-08","https://api.worldbank.org/pip/v1/pip?country=all&year=all&fill_gaps=false&reporting_level=national&welfare_type=all&version=20260922_2021_01_02_PROD&format=json","national","national","false","survey","micro","https://datacatalog.worldbank.org/int/public-licenses#cc-by"
"MOZ","2019","41.7","4.5","consistent","IOF","consumption","2019.92","41.68","4.5200000000000005","1996 - 2022","20260922_2021_01_02_PROD","2026-10-10T15:05:43.529Z","2026-10-10T15:05:43.529Z","false","2026-10-10T15:05:42.520Z","2026-10-08","https://api.worldbank.org/pip/v1/pip?country=all&year=all&fill_gaps=false&reporting_level=national&welfare_type=all&version=20260922_2021_01_02_PROD&format=json","national","national","false","survey","micro","https://datacatalog.worldbank.org/int/public-licenses#cc-by"
"MOZ","2022","40.8","4.7","precision-limited","IOF","consumption","2022.08","40.81","4.66","1996 - 2022","20260922_2021_01_02_PROD","2026-10-10T15:05:43.529Z","2026-10-10T15:05:43.529Z","false","2026-10-10T15:05:42.520Z","2026-10-08","https://api.worldbank.org/pip/v1/pip?country=all&year=all&fill_gaps=false&reporting_level=national&welfare_type=all&version=20260922_2021_01_02_PROD&format=json","national","national","false","survey","micro","https://datacatalog.worldbank.org/int/public-licenses#cc-by"
"MMR","2015","31.7","7.3","consistent","MPLCS","consumption","2015","31.71","7.33","2015 - 2017","20260922_2021_01_02_PROD","2026-10-10T15:05:43.529Z","2026-10-10T15:05:43.529Z","false","2026-10-10T15:05:42.520Z","2026-10-08","https://api.worldbank.org/pip/v1/pip?country=all&year=all&fill_gaps=false&reporting_level=national&welfare_type=all&version=20260922_2021_01_02_PROD&format=json","national","national","false","survey","micro","https://datacatalog.worldbank.org/int/public-licenses#cc-by"
"MMR","2017","25.5","8.9","precision-limited","MLCS","consumption","2017","25.52","8.85","2015 - 2017","20260922_2021_01_02_PROD","2026-10-10T15:05:43.529Z","2026-10-10T15:05:43.529Z","false","2026-10-10T15:05:42.520Z","2026-10-08","https://api.worldbank.org/pip/v1/pip?country=all&year=all&fill_gaps=false&reporting_level=national&welfare_type=all&version=20260922_2021_01_02_PROD&format=json","national","national","false","survey","micro","https://datacatalog.worldbank.org/int/public-licenses#cc-by"
"NAM","2003","54.8","3","precision-limited","NHIES","consumption","2003.67","54.75","3.0300000000000002","2003 - 2015","20260922_2021_01_02_PROD","2026-10-10T15:05:43.529Z","2026-10-10T15:05:43.529Z","false","2026-10-10T15:05:42.520Z","2026-10-08","https://api.worldbank.org/pip/v1/pip?country=all&year=all&fill_gaps=false&reporting_level=national&welfare_type=all&version=20260922_2021_01_02_PROD&format=json","national","national","false","survey","micro","https://datacatalog.worldbank.org/int/public-licenses#cc-by"
"NAM","2009","51.8","3.3","consistent","NHIES","consumption","2009.54","51.839999999999996","3.27","2003 - 2015","20260922_2021_01_02_PROD","2026-10-10T15:05:43.529Z","2026-10-10T15:05:43.529Z","false","2026-10-10T15:05:42.520Z","2026-10-08","https://api.worldbank.org/pip/v1/pip?country=all&year=all&fill_gaps=false&reporting_level=national&welfare_type=all&version=20260922_2021_01_02_PROD&format=json","national","national","false","survey","micro","https://datacatalog.worldbank.org/int/public-licenses#cc-by"
"NAM","2015","47.2","2.8","precision-limited","NHIES","consumption","2015.27","47.24","2.7499999999999996","2003 - 2015","20260922_2021_01_02_PROD","2026-10-10T15:05:43.529Z","2026-10-10T15:05:43.529Z","false","2026-10-10T15:05:42.520Z","2026-10-08","https://api.worldbank.org/pip/v1/pip?country=all&year=all&fill_gaps=false&reporting_level=national&welfare_type=all&version=20260922_2021_01_02_PROD&format=json","national","national","false","survey","micro","https://datacatalog.worldbank.org/int/public-licenses#cc-by"
"NRU","2012","25.3","8","consistent","HIES","consumption","2012.69","25.34","7.969999999999999","2012","20260922_2021_01_02_PROD","2026-10-10T15:05:43.529Z","2026-10-10T15:05:43.529Z","false","2026-10-10T15:05:42.520Z","2026-10-08","https://api.worldbank.org/pip/v1/pip?country=all&year=all&fill_gaps=false&reporting_level=national&welfare_type=all&version=20260922_2021_01_02_PROD&format=json","national","national","false","survey","micro","https://datacatalog.worldbank.org/int/public-licenses#cc-by"
"NPL","2003","36.9","6.5","precision-limited","LSS-II","consumption","2003.25","36.88","6.459999999999999","1995 - 2003","20260922_2021_01_02_PROD","2026-10-10T15:05:43.529Z","2026-10-10T15:05:43.529Z","false","2026-10-10T15:05:42.520Z","2026-10-08","https://api.worldbank.org/pip/v1/pip?country=all&year=all&fill_gaps=false&reporting_level=national&welfare_type=all&version=20260922_2021_01_02_PROD&format=json","national","national","false","survey","micro","https://datacatalog.worldbank.org/int/public-licenses#cc-by"
"NPL","2010","26.4","8.3","consistent","LSS-III","consumption","2010.17","26.41","8.32","2010","20260922_2021_01_02_PROD","2026-10-10T15:05:43.529Z","2026-10-10T15:05:43.529Z","false","2026-10-10T15:05:42.520Z","2026-10-08","https://api.worldbank.org/pip/v1/pip?country=all&year=all&fill_gaps=false&reporting_level=national&welfare_type=all&version=20260922_2021_01_02_PROD&format=json","national","national","false","survey","micro","https://datacatalog.worldbank.org/int/public-licenses#cc-by"
"NPL","2022","24.2","8.7","consistent","LSS-IV","consumption","2022.5","24.18","8.71","2022","20260922_2021_01_02_PROD","2026-10-10T15:05:43.529Z","2026-10-10T15:05:43.529Z","false","2026-10-10T15:05:42.520Z","2026-10-08","https://api.worldbank.org/pip/v1/pip?country=all&year=all&fill_gaps=false&reporting_level=national&welfare_type=all&version=20260922_2021_01_02_PROD&format=json","national","national","false","survey","micro","https://datacatalog.worldbank.org/int/public-licenses#cc-by"
"NLD","2004","23.7","8.4","consistent","EU-SILC","income","2004","23.7","8.399999999999999","2004 - 2014","20260922_2021_01_02_PROD","2026-10-10T15:05:43.529Z","2026-10-10T15:05:43.529Z","false","2026-10-10T15:05:42.520Z","2026-10-08","https://api.worldbank.org/pip/v1/pip?country=all&year=all&fill_gaps=false&reporting_level=national&welfare_type=all&version=20260922_2021_01_02_PROD&format=json","national","national","false","survey","micro","https://datacatalog.worldbank.org/int/public-licenses#cc-by"
"NLD","2005","23.4","8.7","consistent","EU-SILC","income","2005","23.369999999999997","8.72","2004 - 2014","20260922_2021_01_02_PROD","2026-10-10T15:05:43.529Z","2026-10-10T15:05:43.529Z","false","2026-10-10T15:05:42.520Z","2026-10-08","https://api.worldbank.org/pip/v1/pip?country=all&year=all&fill_gaps=false&reporting_level=national&welfare_type=all&version=20260922_2021_01_02_PROD&format=json","national","national","false","survey","micro","https://datacatalog.worldbank.org/int/public-licenses#cc-by"
"NLD","2006","24.7","8.7","consistent","EU-SILC","income","2006","24.7","8.71","2004 - 2014","20260922_2021_01_02_PROD","2026-10-10T15:05:43.529Z","2026-10-10T15:05:43.529Z","false","2026-10-10T15:05:42.520Z","2026-10-08","https://api.worldbank.org/pip/v1/pip?country=all&year=all&fill_gaps=false&reporting_level=national&welfare_type=all&version=20260922_2021_01_02_PROD&format=json","national","national","false","survey","micro","https://datacatalog.worldbank.org/int/public-licenses#cc-by"
"NLD","2007","24.1","8.8","consistent","EU-SILC","income","2007","24.08","8.780000000000001","2004 - 2014","20260922_2021_01_02_PROD","2026-10-10T15:05:43.529Z","2026-10-10T15:05:43.529Z","false","2026-10-10T15:05:42.520Z","2026-10-08","https://api.worldbank.org/pip/v1/pip?country=all&year=all&fill_gaps=false&reporting_level=national&welfare_type=all&version=20260922_2021_01_02_PROD&format=json","national","national","false","survey","micro","https://datacatalog.worldbank.org/int/public-licenses#cc-by"
"NLD","2008","23.7","8.7","precision-limited","EU-SILC","income","2008","23.68","8.649999999999999","2004 - 2014","20260922_2021_01_02_PROD","2026-10-10T15:05:43.529Z","2026-10-10T15:05:43.529Z","false","2026-10-10T15:05:42.520Z","2026-10-08","https://api.worldbank.org/pip/v1/pip?country=all&year=all&fill_gaps=false&reporting_level=national&welfare_type=all&version=20260922_2021_01_02_PROD&format=json","national","national","false","survey","micro","https://datacatalog.worldbank.org/int/public-licenses#cc-by"
"NLD","2009","22.4","9","precision-limited","EU-SILC","income","2009","22.38","8.95","2004 - 2014","20260922_2021_01_02_PROD","2026-10-10T15:05:43.529Z","2026-10-10T15:05:43.529Z","false","2026-10-10T15:05:42.520Z","2026-10-08","https://api.worldbank.org/pip/v1/pip?country=all&year=all&fill_gaps=false&reporting_level=national&welfare_type=all&version=20260922_2021_01_02_PROD&format=json","national","national","false","survey","micro","https://datacatalog.worldbank.org/int/public-licenses#cc-by"
"NLD","2010","22.4","9","precision-limited","EU-SILC","income","2010","22.439999999999998","8.96","2004 - 2014","20260922_2021_01_02_PROD","2026-10-10T15:05:43.529Z","2026-10-10T15:05:43.529Z","false","2026-10-10T15:05:42.520Z","2026-10-08","https://api.worldbank.org/pip/v1/pip?country=all&year=all&fill_gaps=false&reporting_level=national&welfare_type=all&version=20260922_2021_01_02_PROD&format=json","national","national","false","survey","micro","https://datacatalog.worldbank.org/int/public-licenses#cc-by"
"NLD","2011","22.6","9.1","consistent","EU-SILC","income","2011","22.58","9.079999999999998","2004 - 2014","20260922_2021_01_02_PROD","2026-10-10T15:05:43.529Z","2026-10-10T15:05:43.529Z","false","2026-10-10T15:05:42.520Z","2026-10-08","https://api.worldbank.org/pip/v1/pip?country=all&year=all&fill_gaps=false&reporting_level=national&welfare_type=all&version=20260922_2021_01_02_PROD&format=json","national","national","false","survey","micro","https://datacatalog.worldbank.org/int/public-licenses#cc-by"
"NLD","2012","22.5","9.1","consistent","EU-SILC","income","2012","22.48","9.129999999999999","2004 - 2014","20260922_2021_01_02_PROD","2026-10-10T15:05:43.529Z","2026-10-10T15:05:43.529Z","false","2026-10-10T15:05:42.520Z","2026-10-08","https://api.worldbank.org/pip/v1/pip?country=all&year=all&fill_gaps=false&reporting_level=national&welfare_type=all&version=20260922_2021_01_02_PROD&format=json","national","national","false","survey","micro","https://datacatalog.worldbank.org/int/public-licenses#cc-by"
"NLD","2013","22.8","8.9","consistent","EU-SILC","income","2013","22.759999999999998","8.91","2004 - 2014","20260922_2021_01_02_PROD","2026-10-10T15:05:43.529Z","2026-10-10T15:05:43.529Z","false","2026-10-10T15:05:42.520Z","2026-10-08","https://api.worldbank.org/pip/v1/pip?country=all&year=all&fill_gaps=false&reporting_level=national&welfare_type=all&version=20260922_2021_01_02_PROD&format=json","national","national","false","survey","micro","https://datacatalog.worldbank.org/int/public-licenses#cc-by"
"NLD","2014","23.3","8.8","consistent","EU-SILC","income","2014","23.28","8.829999999999998","2004 - 2014","20260922_2021_01_02_PROD","2026-10-10T15:05:43.529Z","2026-10-10T15:05:43.529Z","false","2026-10-10T15:05:42.520Z","2026-10-08","https://api.worldbank.org/pip/v1/pip?country=all&year=all&fill_gaps=false&reporting_level=national&welfare_type=all&version=20260922_2021_01_02_PROD&format=json","national","national","false","survey","micro","https://datacatalog.worldbank.org/int/public-licenses#cc-by"
"NLD","2015","23","8.9","consistent","EU-SILC","income","2015","23.02","8.91","2015 - 2021","20260922_2021_01_02_PROD","2026-10-10T15:05:43.529Z","2026-10-10T15:05:43.529Z","false","2026-10-10T15:05:42.520Z","2026-10-08","https://api.worldbank.org/pip/v1/pip?country=all&year=all&fill_gaps=false&reporting_level=national&welfare_type=all&version=20260922_2021_01_02_PROD&format=json","national","national","false","survey","micro","https://datacatalog.worldbank.org/int/public-licenses#cc-by"
"NLD","2016","22.9","8.8","precision-limited","EU-SILC","income","2016","22.89","8.85","2015 - 2021","20260922_2021_01_02_PROD","2026-10-10T15:05:43.529Z","2026-10-10T15:05:43.529Z","false","2026-10-10T15:05:42.520Z","2026-10-08","https://api.worldbank.org/pip/v1/pip?country=all&year=all&fill_gaps=false&reporting_level=national&welfare_type=all&version=20260922_2021_01_02_PROD&format=json","national","national","false","survey","micro","https://datacatalog.worldbank.org/int/public-licenses#cc-by"
"NLD","2017","23.3","8.8","consistent","EU-SILC","income","2017","23.330000000000002","8.82","2015 - 2021","20260922_2021_01_02_PROD","2026-10-10T15:05:43.529Z","2026-10-10T15:05:43.529Z","false","2026-10-10T15:05:42.520Z","2026-10-08","https://api.worldbank.org/pip/v1/pip?country=all&year=all&fill_gaps=false&reporting_level=national&welfare_type=all&version=20260922_2021_01_02_PROD&format=json","national","national","false","survey","micro","https://datacatalog.worldbank.org/int/public-licenses#cc-by"
"NLD","2018","23","8.9","consistent","EU-SILC","income","2018","22.96","8.910000000000002","2015 - 2021","20260922_2021_01_02_PROD","2026-10-10T15:05:43.529Z","2026-10-10T15:05:43.529Z","false","2026-10-10T15:05:42.520Z","2026-10-08","https://api.worldbank.org/pip/v1/pip?country=all&year=all&fill_gaps=false&reporting_level=national&welfare_type=all&version=20260922_2021_01_02_PROD&format=json","national","national","false","survey","micro","https://datacatalog.worldbank.org/int/public-licenses#cc-by"
"NLD","2019","23.9","8.6","consistent","EU-SILC","income","2019","23.919999999999998","8.59","2015 - 2021","20260922_2021_01_02_PROD","2026-10-10T15:05:43.529Z","2026-10-10T15:05:43.529Z","false","2026-10-10T15:05:42.520Z","2026-10-08","https://api.worldbank.org/pip/v1/pip?country=all&year=all&fill_gaps=false&reporting_level=national&welfare_type=all&version=20260922_2021_01_02_PROD&format=json","national","national","false","survey","micro","https://datacatalog.worldbank.org/int/public-licenses#cc-by"
"NLD","2020","21.6","9.2","precision-limited","EU-SILC","income","2020","21.58","9.24","2015 - 2021","20260922_2021_01_02_PROD","2026-10-10T15:05:43.529Z","2026-10-10T15:05:43.529Z","false","2026-10-10T15:05:42.520Z","2026-10-08","https://api.worldbank.org/pip/v1/pip?country=all&year=all&fill_gaps=false&reporting_level=national&welfare_type=all&version=20260922_2021_01_02_PROD&format=json","national","national","false","survey","micro","https://datacatalog.worldbank.org/int/public-licenses#cc-by"
"NLD","2021","21.4","9.4","consistent","EU-SILC","income","2021","21.36","9.370000000000001","2015 - 2021","20260922_2021_01_02_PROD","2026-10-10T15:05:43.529Z","2026-10-10T15:05:43.529Z","false","2026-10-10T15:05:42.520Z","2026-10-08","https://api.worldbank.org/pip/v1/pip?country=all&year=all&fill_gaps=false&reporting_level=national&welfare_type=all&version=20260922_2021_01_02_PROD&format=json","national","national","false","survey","micro","https://datacatalog.worldbank.org/int/public-licenses#cc-by"
"NIC","2001","42.9","3.9","consistent","EMNV","income","2001","42.92","3.93","1993 - 2001","20260922_2021_01_02_PROD","2026-10-10T15:05:43.529Z","2026-10-10T15:05:43.529Z","false","2026-10-10T15:05:42.520Z","2026-10-08","https://api.worldbank.org/pip/v1/pip?country=all&year=all&fill_gaps=false&reporting_level=national&welfare_type=all&version=20260922_2021_01_02_PROD&format=json","national","national","false","survey","micro","https://datacatalog.worldbank.org/int/public-licenses#cc-by"
"NIC","2005","39.6","4.8","consistent","EMNV","income","2005","39.62","4.829999999999999","2005 - 2014","20260922_2021_01_02_PROD","2026-10-10T15:05:43.529Z","2026-10-10T15:05:43.529Z","false","2026-10-10T15:05:42.520Z","2026-10-08","https://api.worldbank.org/pip/v1/pip?country=all&year=all&fill_gaps=false&reporting_level=national&welfare_type=all&version=20260922_2021_01_02_PROD&format=json","national","national","false","survey","micro","https://datacatalog.worldbank.org/int/public-licenses#cc-by"
"NIC","2009","34.2","5.3","consistent","EMNV","income","2009","34.2","5.29","2005 - 2014","20260922_2021_01_02_PROD","2026-10-10T15:05:43.529Z","2026-10-10T15:05:43.529Z","false","2026-10-10T15:05:42.520Z","2026-10-08","https://api.worldbank.org/pip/v1/pip?country=all&year=all&fill_gaps=false&reporting_level=national&welfare_type=all&version=20260922_2021_01_02_PROD&format=json","national","national","false","survey","micro","https://datacatalog.worldbank.org/int/public-licenses#cc-by"
"NIC","2014","37.2","5.1","precision-limited","EMNV","income","2014","37.21","5.140000000000001","2005 - 2014","20260922_2021_01_02_PROD","2026-10-10T15:05:43.529Z","2026-10-10T15:05:43.529Z","false","2026-10-10T15:05:42.520Z","2026-10-08","https://api.worldbank.org/pip/v1/pip?country=all&year=all&fill_gaps=false&reporting_level=national&welfare_type=all&version=20260922_2021_01_02_PROD&format=json","national","national","false","survey","micro","https://datacatalog.worldbank.org/int/public-licenses#cc-by"
"NER","2005","36.2","5.9","precision-limited","ENCVM","consumption","2005","36.22","5.86","2005","20260922_2021_01_02_PROD","2026-10-10T15:05:43.529Z","2026-10-10T15:05:43.529Z","false","2026-10-10T15:05:42.520Z","2026-10-08","https://api.worldbank.org/pip/v1/pip?country=all&year=all&fill_gaps=false&reporting_level=national&welfare_type=all&version=20260922_2021_01_02_PROD&format=json","national","national","false","survey","micro","https://datacatalog.worldbank.org/int/public-licenses#cc-by"
"NER","2007","31.3","7.7","consistent","ENBCM","consumption","2007.31","31.319999999999997","7.73","2007","20260922_2021_01_02_PROD","2026-10-10T15:05:43.529Z","2026-10-10T15:05:43.529Z","false","2026-10-10T15:05:42.520Z","2026-10-08","https://api.worldbank.org/pip/v1/pip?country=all&year=all&fill_gaps=false&reporting_level=national&welfare_type=all&version=20260922_2021_01_02_PROD&format=json","national","national","false","survey","micro","https://datacatalog.worldbank.org/int/public-licenses#cc-by"
"NER","2011","26.4","8.9","consistent","ECVMA","consumption","2011","26.400000000000002","8.93","2011 - 2014","20260922_2021_01_02_PROD","2026-10-10T15:05:43.529Z","2026-10-10T15:05:43.529Z","false","2026-10-10T15:05:42.520Z","2026-10-08","https://api.worldbank.org/pip/v1/pip?country=all&year=all&fill_gaps=false&reporting_level=national&welfare_type=all&version=20260922_2021_01_02_PROD&format=json","national","national","false","survey","micro","https://datacatalog.worldbank.org/int/public-licenses#cc-by"
"NER","2014","27","7.8","consistent","ECVMA","consumption","2014","27.02","7.79","2011 - 2014","20260922_2021_01_02_PROD","2026-10-10T15:05:43.529Z","2026-10-10T15:05:43.529Z","false","2026-10-10T15:05:42.520Z","2026-10-08","https://api.worldbank.org/pip/v1/pip?country=all&year=all&fill_gaps=false&reporting_level=national&welfare_type=all&version=20260922_2021_01_02_PROD&format=json","national","national","false","survey","micro","https://datacatalog.worldbank.org/int/public-licenses#cc-by"
"NER","2018","31.1","7.6","consistent","EHCVM","consumption","2018.57","31.119999999999997","7.630000000000001","2018 - 2021","20260922_2021_01_02_PROD","2026-10-10T15:05:43.529Z","2026-10-10T15:05:43.529Z","false","2026-10-10T15:05:42.520Z","2026-10-08","https://api.worldbank.org/pip/v1/pip?country=all&year=all&fill_gaps=false&reporting_level=national&welfare_type=all&version=20260922_2021_01_02_PROD&format=json","national","national","false","survey","micro","https://datacatalog.worldbank.org/int/public-licenses#cc-by"
"NER","2021","27.8","8.7","precision-limited","EHCVM","consumption","2021.5","27.810000000000002","8.74","2018 - 2021","20260922_2021_01_02_PROD","2026-10-10T15:05:43.529Z","2026-10-10T15:05:43.529Z","false","2026-10-10T15:05:42.520Z","2026-10-08","https://api.worldbank.org/pip/v1/pip?country=all&year=all&fill_gaps=false&reporting_level=national&welfare_type=all&version=20260922_2021_01_02_PROD&format=json","national","national","false","survey","micro","https://datacatalog.worldbank.org/int/public-licenses#cc-by"
"NGA","2003","29.8","5.7","consistent","LSS","consumption","2003.67","29.830000000000002","5.67","2003","20260922_2021_01_02_PROD","2026-10-10T15:05:43.529Z","2026-10-10T15:05:43.529Z","false","2026-10-10T15:05:42.520Z","2026-10-08","https://api.worldbank.org/pip/v1/pip?country=all&year=all&fill_gaps=false&reporting_level=national&welfare_type=all&version=20260922_2021_01_02_PROD&format=json","national","national","false","survey","micro","https://datacatalog.worldbank.org/int/public-licenses#cc-by"
"NGA","2010","26.7","7.1","precision-limited","GHSP-W1","consumption","2010.5","26.75","7.06","2010 - 2015","20260922_2021_01_02_PROD","2026-10-10T15:05:43.529Z","2026-10-10T15:05:43.529Z","false","2026-10-10T15:05:42.520Z","2026-10-08","https://api.worldbank.org/pip/v1/pip?country=all&year=all&fill_gaps=false&reporting_level=national&welfare_type=all&version=20260922_2021_01_02_PROD&format=json","national","national","false","survey","imputed","https://datacatalog.worldbank.org/int/public-licenses#cc-by"
"NGA","2012","26.6","7.1","consistent","GHSP-W2","consumption","2012.5","26.640000000000004","7.08","2010 - 2015","20260922_2021_01_02_PROD","2026-10-10T15:05:43.529Z","2026-10-10T15:05:43.529Z","false","2026-10-10T15:05:42.520Z","2026-10-08","https://api.worldbank.org/pip/v1/pip?country=all&year=all&fill_gaps=false&reporting_level=national&welfare_type=all&version=20260922_2021_01_02_PROD&format=json","national","national","false","survey","imputed","https://datacatalog.worldbank.org/int/public-licenses#cc-by"
"NGA","2015","26.9","7","consistent","GHSP-W3","consumption","2015.5","26.87","6.98","2010 - 2015","20260922_2021_01_02_PROD","2026-10-10T15:05:43.529Z","2026-10-10T15:05:43.529Z","false","2026-10-10T15:05:42.520Z","2026-10-08","https://api.worldbank.org/pip/v1/pip?country=all&year=all&fill_gaps=false&reporting_level=national&welfare_type=all&version=20260922_2021_01_02_PROD&format=json","national","national","false","survey","imputed","https://datacatalog.worldbank.org/int/public-licenses#cc-by"
"NGA","2018","26.7","7.1","consistent","LSS","consumption","2018.75","26.740000000000002","7.1000000000000005","2018 - 2022","20260922_2021_01_02_PROD","2026-10-10T15:05:43.529Z","2026-10-10T15:05:43.529Z","false","2026-10-10T15:05:42.520Z","2026-10-08","https://api.worldbank.org/pip/v1/pip?country=all&year=all&fill_gaps=false&reporting_level=national&welfare_type=all&version=20260922_2021_01_02_PROD&format=json","national","national","false","survey","micro","https://datacatalog.worldbank.org/int/public-licenses#cc-by"
"NGA","2022","26.3","7.5","consistent","LSS","consumption","2022.71","26.27","7.5","2018 - 2022","20260922_2021_01_02_PROD","2026-10-10T15:05:43.529Z","2026-10-10T15:05:43.529Z","false","2026-10-10T15:05:42.520Z","2026-10-08","https://api.worldbank.org/pip/v1/pip?country=all&year=all&fill_gaps=false&reporting_level=national&welfare_type=all&version=20260922_2021_01_02_PROD&format=json","national","national","false","survey","micro","https://datacatalog.worldbank.org/int/public-licenses#cc-by"
"MKD","2000","25.9","6.6","consistent","HBS","consumption","2000","25.869999999999997","6.59","2000 - 2008","20260922_2021_01_02_PROD","2026-10-10T15:05:43.529Z","2026-10-10T15:05:43.529Z","false","2026-10-10T15:05:42.520Z","2026-10-08","https://api.worldbank.org/pip/v1/pip?country=all&year=all&fill_gaps=false&reporting_level=national&welfare_type=all&version=20260922_2021_01_02_PROD&format=json","national","national","false","survey","micro","https://datacatalog.worldbank.org/int/public-licenses#cc-by"
"MKD","2002","29","6.1","consistent","HBS","consumption","2002","29.04","6.13","2000 - 2008","20260922_2021_01_02_PROD","2026-10-10T15:05:43.529Z","2026-10-10T15:05:43.529Z","false","2026-10-10T15:05:42.520Z","2026-10-08","https://api.worldbank.org/pip/v1/pip?country=all&year=all&fill_gaps=false&reporting_level=national&welfare_type=all&version=20260922_2021_01_02_PROD&format=json","national","national","false","survey","micro","https://datacatalog.worldbank.org/int/public-licenses#cc-by"
"MKD","2003","29.4","6.1","precision-limited","HBS","consumption","2003","29.349999999999998","6.12","2000 - 2008","20260922_2021_01_02_PROD","2026-10-10T15:05:43.529Z","2026-10-10T15:05:43.529Z","false","2026-10-10T15:05:42.520Z","2026-10-08","https://api.worldbank.org/pip/v1/pip?country=all&year=all&fill_gaps=false&reporting_level=national&welfare_type=all&version=20260922_2021_01_02_PROD&format=json","national","national","false","survey","micro","https://datacatalog.worldbank.org/int/public-licenses#cc-by"
"MKD","2004","29","6.1","consistent","HBS","consumption","2004","28.98","6.13","2000 - 2008","20260922_2021_01_02_PROD","2026-10-10T15:05:43.529Z","2026-10-10T15:05:43.529Z","false","2026-10-10T15:05:42.520Z","2026-10-08","https://api.worldbank.org/pip/v1/pip?country=all&year=all&fill_gaps=false&reporting_level=national&welfare_type=all&version=20260922_2021_01_02_PROD&format=json","national","national","false","survey","micro","https://datacatalog.worldbank.org/int/public-licenses#cc-by"
"MKD","2005","28.9","5.8","consistent","HBS","consumption","2005","28.88","5.790000000000001","2000 - 2008","20260922_2021_01_02_PROD","2026-10-10T15:05:43.529Z","2026-10-10T15:05:43.529Z","false","2026-10-10T15:05:42.520Z","2026-10-08","https://api.worldbank.org/pip/v1/pip?country=all&year=all&fill_gaps=false&reporting_level=national&welfare_type=all&version=20260922_2021_01_02_PROD&format=json","national","national","false","survey","micro","https://datacatalog.worldbank.org/int/public-licenses#cc-by"
"MKD","2006","32.1","5.2","precision-limited","HBS","consumption","2006","32.15","5.2299999999999995","2000 - 2008","20260922_2021_01_02_PROD","2026-10-10T15:05:43.529Z","2026-10-10T15:05:43.529Z","false","2026-10-10T15:05:42.520Z","2026-10-08","https://api.worldbank.org/pip/v1/pip?country=all&year=all&fill_gaps=false&reporting_level=national&welfare_type=all&version=20260922_2021_01_02_PROD&format=json","national","national","false","survey","micro","https://datacatalog.worldbank.org/int/public-licenses#cc-by"
"MKD","2008","35.5","5","precision-limited","HBS","consumption","2008","35.55","5.029999999999999","2000 - 2008","20260922_2021_01_02_PROD","2026-10-10T15:05:43.529Z","2026-10-10T15:05:43.529Z","false","2026-10-10T15:05:42.520Z","2026-10-08","https://api.worldbank.org/pip/v1/pip?country=all&year=all&fill_gaps=false&reporting_level=national&welfare_type=all&version=20260922_2021_01_02_PROD&format=json","national","national","false","survey","micro","https://datacatalog.worldbank.org/int/public-licenses#cc-by"
"MKD","2009","30.7","4.1","consistent","SILC-C","income","2009","30.72","4.109999999999999","2009 - 2019","20260922_2021_01_02_PROD","2026-10-10T15:05:43.529Z","2026-10-10T15:05:43.529Z","false","2026-10-10T15:05:42.520Z","2026-10-08","https://api.worldbank.org/pip/v1/pip?country=all&year=all&fill_gaps=false&reporting_level=national&welfare_type=all&version=20260922_2021_01_02_PROD&format=json","national","national","false","survey","micro","https://datacatalog.worldbank.org/int/public-licenses#cc-by"
"MKD","2010","27.1","3.8","consistent","SILC-C","income","2010","27.060000000000002","3.8","2009 - 2019","20260922_2021_01_02_PROD","2026-10-10T15:05:43.529Z","2026-10-10T15:05:43.529Z","false","2026-10-10T15:05:42.520Z","2026-10-08","https://api.worldbank.org/pip/v1/pip?country=all&year=all&fill_gaps=false&reporting_level=national&welfare_type=all&version=20260922_2021_01_02_PROD&format=json","national","national","false","survey","micro","https://datacatalog.worldbank.org/int/public-licenses#cc-by"
"MKD","2011","26.9","4.4","consistent","SILC-C","income","2011","26.86","4.390000000000001","2009 - 2019","20260922_2021_01_02_PROD","2026-10-10T15:05:43.529Z","2026-10-10T15:05:43.529Z","false","2026-10-10T15:05:42.520Z","2026-10-08","https://api.worldbank.org/pip/v1/pip?country=all&year=all&fill_gaps=false&reporting_level=national&welfare_type=all&version=20260922_2021_01_02_PROD&format=json","national","national","false","survey","micro","https://datacatalog.worldbank.org/int/public-licenses#cc-by"
"MKD","2012","26.5","4.9","consistent","SILC-C","income","2012","26.51","4.92","2009 - 2019","20260922_2021_01_02_PROD","2026-10-10T15:05:43.529Z","2026-10-10T15:05:43.529Z","false","2026-10-10T15:05:42.520Z","2026-10-08","https://api.worldbank.org/pip/v1/pip?country=all&year=all&fill_gaps=false&reporting_level=national&welfare_type=all&version=20260922_2021_01_02_PROD&format=json","national","national","false","survey","micro","https://datacatalog.worldbank.org/int/public-licenses#cc-by"
"MKD","2013","25.4","5.6","precision-limited","SILC-C","income","2013","25.380000000000003","5.640000000000001","2009 - 2019","20260922_2021_01_02_PROD","2026-10-10T15:05:43.529Z","2026-10-10T15:05:43.529Z","false","2026-10-10T15:05:42.520Z","2026-10-08","https://api.worldbank.org/pip/v1/pip?country=all&year=all&fill_gaps=false&reporting_level=national&welfare_type=all&version=20260922_2021_01_02_PROD&format=json","national","national","false","survey","micro","https://datacatalog.worldbank.org/int/public-licenses#cc-by"
"MKD","2014","24.8","5.8","consistent","SILC-C","income","2014","24.83","5.78","2009 - 2019","20260922_2021_01_02_PROD","2026-10-10T15:05:43.529Z","2026-10-10T15:05:43.529Z","false","2026-10-10T15:05:42.520Z","2026-10-08","https://api.worldbank.org/pip/v1/pip?country=all&year=all&fill_gaps=false&reporting_level=national&welfare_type=all&version=20260922_2021_01_02_PROD&format=json","national","national","false","survey","micro","https://datacatalog.worldbank.org/int/public-licenses#cc-by"
"MKD","2015","24.8","5.6","consistent","SILC-C","income","2015","24.779999999999998","5.58","2009 - 2019","20260922_2021_01_02_PROD","2026-10-10T15:05:43.529Z","2026-10-10T15:05:43.529Z","false","2026-10-10T15:05:42.520Z","2026-10-08","https://api.worldbank.org/pip/v1/pip?country=all&year=all&fill_gaps=false&reporting_level=national&welfare_type=all&version=20260922_2021_01_02_PROD&format=json","national","national","false","survey","micro","https://datacatalog.worldbank.org/int/public-licenses#cc-by"
"MKD","2016","24.1","5.6","precision-limited","SILC-C","income","2016","24.07","5.55","2009 - 2019","20260922_2021_01_02_PROD","2026-10-10T15:05:43.529Z","2026-10-10T15:05:43.529Z","false","2026-10-10T15:05:42.520Z","2026-10-08","https://api.worldbank.org/pip/v1/pip?country=all&year=all&fill_gaps=false&reporting_level=national&welfare_type=all&version=20260922_2021_01_02_PROD&format=json","national","national","false","survey","micro","https://datacatalog.worldbank.org/int/public-licenses#cc-by"
"MKD","2017","23.7","5.7","consistent","SILC-C","income","2017","23.74","5.67","2009 - 2019","20260922_2021_01_02_PROD","2026-10-10T15:05:43.529Z","2026-10-10T15:05:43.529Z","false","2026-10-10T15:05:42.520Z","2026-10-08","https://api.worldbank.org/pip/v1/pip?country=all&year=all&fill_gaps=false&reporting_level=national&welfare_type=all&version=20260922_2021_01_02_PROD&format=json","national","national","false","survey","micro","https://datacatalog.worldbank.org/int/public-licenses#cc-by"
"MKD","2018","22.9","6.1","consistent","SILC-C","income","2018","22.939999999999998","6.12","2009 - 2019","20260922_2021_01_02_PROD","2026-10-10T15:05:43.529Z","2026-10-10T15:05:43.529Z","false","2026-10-10T15:05:42.520Z","2026-10-08","https://api.worldbank.org/pip/v1/pip?country=all&year=all&fill_gaps=false&reporting_level=national&welfare_type=all&version=20260922_2021_01_02_PROD&format=json","national","national","false","survey","micro","https://datacatalog.worldbank.org/int/public-licenses#cc-by"
"MKD","2019","22.9","5.8","consistent","SILC-C","income","2019","22.89","5.82","2009 - 2019","20260922_2021_01_02_PROD","2026-10-10T15:05:43.529Z","2026-10-10T15:05:43.529Z","false","2026-10-10T15:05:42.520Z","2026-10-08","https://api.worldbank.org/pip/v1/pip?country=all&year=all&fill_gaps=false&reporting_level=national&welfare_type=all&version=20260922_2021_01_02_PROD&format=json","national","national","false","survey","micro","https://datacatalog.worldbank.org/int/public-licenses#cc-by"
"NOR","2000","23.3","9.7","consistent","IDS-LIS","income","2000","23.26","9.700000000000001","1979 - 2000","20260922_2021_01_02_PROD","2026-10-10T15:05:43.529Z","2026-10-10T15:05:43.529Z","false","2026-10-10T15:05:42.520Z","2026-10-08","https://api.worldbank.org/pip/v1/pip?country=all&year=all&fill_gaps=false&reporting_level=national&welfare_type=all&version=20260922_2021_01_02_PROD&format=json","national","national","false","survey","micro","https://datacatalog.worldbank.org/int/public-licenses#cc-by"
"NOR","2003","23.3","9.5","precision-limited","EU-SILC","income","2003","23.35","9.47","2003 - 2019","20260922_2021_01_02_PROD","2026-10-10T15:05:43.529Z","2026-10-10T15:05:43.529Z","false","2026-10-10T15:05:42.520Z","2026-10-08","https://api.worldbank.org/pip/v1/pip?country=all&year=all&fill_gaps=false&reporting_level=national&welfare_type=all&version=20260922_2021_01_02_PROD&format=json","national","national","false","survey","micro","https://datacatalog.worldbank.org/int/public-licenses#cc-by"
"NOR","2004","27.1","8.8","precision-limited","EU-SILC","income","2004","27.150000000000002","8.82","2003 - 2019","20260922_2021_01_02_PROD","2026-10-10T15:05:43.529Z","2026-10-10T15:05:43.529Z","false","2026-10-10T15:05:42.520Z","2026-10-08","https://api.worldbank.org/pip/v1/pip?country=all&year=all&fill_gaps=false&reporting_level=national&welfare_type=all&version=20260922_2021_01_02_PROD&format=json","national","national","false","survey","micro","https://datacatalog.worldbank.org/int/public-licenses#cc-by"
"NOR","2005","26.3","9","precision-limited","EU-SILC","income","2005","26.32","8.959999999999999","2003 - 2019","20260922_2021_01_02_PROD","2026-10-10T15:05:43.529Z","2026-10-10T15:05:43.529Z","false","2026-10-10T15:05:42.520Z","2026-10-08","https://api.worldbank.org/pip/v1/pip?country=all&year=all&fill_gaps=false&reporting_level=national&welfare_type=all&version=20260922_2021_01_02_PROD&format=json","national","national","false","survey","micro","https://datacatalog.worldbank.org/int/public-licenses#cc-by"
"NOR","2006","21.2","9.2","precision-limited","EU-SILC","income","2006","21.15","9.16","2003 - 2019","20260922_2021_01_02_PROD","2026-10-10T15:05:43.529Z","2026-10-10T15:05:43.529Z","false","2026-10-10T15:05:42.520Z","2026-10-08","https://api.worldbank.org/pip/v1/pip?country=all&year=all&fill_gaps=false&reporting_level=national&welfare_type=all&version=20260922_2021_01_02_PROD&format=json","national","national","false","survey","micro","https://datacatalog.worldbank.org/int/public-licenses#cc-by"
"NOR","2007","22.2","9.4","consistent","EU-SILC","income","2007","22.2","9.379999999999999","2003 - 2019","20260922_2021_01_02_PROD","2026-10-10T15:05:43.529Z","2026-10-10T15:05:43.529Z","false","2026-10-10T15:05:42.520Z","2026-10-08","https://api.worldbank.org/pip/v1/pip?country=all&year=all&fill_gaps=false&reporting_level=national&welfare_type=all&version=20260922_2021_01_02_PROD&format=json","national","national","false","survey","micro","https://datacatalog.worldbank.org/int/public-licenses#cc-by"
"NOR","2008","21.8","9.1","precision-limited","EU-SILC","income","2008","21.81","9.139999999999999","2003 - 2019","20260922_2021_01_02_PROD","2026-10-10T15:05:43.529Z","2026-10-10T15:05:43.529Z","false","2026-10-10T15:05:42.520Z","2026-10-08","https://api.worldbank.org/pip/v1/pip?country=all&year=all&fill_gaps=false&reporting_level=national&welfare_type=all&version=20260922_2021_01_02_PROD&format=json","national","national","false","survey","micro","https://datacatalog.worldbank.org/int/public-licenses#cc-by"
"NOR","2009","21.3","9.4","consistent","EU-SILC","income","2009","21.27","9.39","2003 - 2019","20260922_2021_01_02_PROD","2026-10-10T15:05:43.529Z","2026-10-10T15:05:43.529Z","false","2026-10-10T15:05:42.520Z","2026-10-08","https://api.worldbank.org/pip/v1/pip?country=all&year=all&fill_gaps=false&reporting_level=national&welfare_type=all&version=20260922_2021_01_02_PROD&format=json","national","national","false","survey","micro","https://datacatalog.worldbank.org/int/public-licenses#cc-by"
"NOR","2010","21","9.5","consistent","EU-SILC","income","2010","20.990000000000002","9.47","2003 - 2019","20260922_2021_01_02_PROD","2026-10-10T15:05:43.529Z","2026-10-10T15:05:43.529Z","false","2026-10-10T15:05:42.520Z","2026-10-08","https://api.worldbank.org/pip/v1/pip?country=all&year=all&fill_gaps=false&reporting_level=national&welfare_type=all&version=20260922_2021_01_02_PROD&format=json","national","national","false","survey","micro","https://datacatalog.worldbank.org/int/public-licenses#cc-by"
"NOR","2011","20.5","9.5","consistent","EU-SILC","income","2011","20.49","9.520000000000001","2003 - 2019","20260922_2021_01_02_PROD","2026-10-10T15:05:43.529Z","2026-10-10T15:05:43.529Z","false","2026-10-10T15:05:42.520Z","2026-10-08","https://api.worldbank.org/pip/v1/pip?country=all&year=all&fill_gaps=false&reporting_level=national&welfare_type=all&version=20260922_2021_01_02_PROD&format=json","national","national","false","survey","micro","https://datacatalog.worldbank.org/int/public-licenses#cc-by"
"NOR","2012","20.9","9.4","precision-limited","EU-SILC","income","2012","20.849999999999998","9.42","2003 - 2019","20260922_2021_01_02_PROD","2026-10-10T15:05:43.529Z","2026-10-10T15:05:43.529Z","false","2026-10-10T15:05:42.520Z","2026-10-08","https://api.worldbank.org/pip/v1/pip?country=all&year=all&fill_gaps=false&reporting_level=national&welfare_type=all&version=20260922_2021_01_02_PROD&format=json","national","national","false","survey","micro","https://datacatalog.worldbank.org/int/public-licenses#cc-by"
"NOR","2013","21.3","9.3","consistent","EU-SILC","income","2013","21.310000000000002","9.309999999999999","2003 - 2019","20260922_2021_01_02_PROD","2026-10-10T15:05:43.529Z","2026-10-10T15:05:43.529Z","false","2026-10-10T15:05:42.520Z","2026-10-08","https://api.worldbank.org/pip/v1/pip?country=all&year=all&fill_gaps=false&reporting_level=national&welfare_type=all&version=20260922_2021_01_02_PROD&format=json","national","national","false","survey","micro","https://datacatalog.worldbank.org/int/public-licenses#cc-by"
"NOR","2014","21.6","9.1","consistent","EU-SILC","income","2014","21.61","9.129999999999999","2003 - 2019","20260922_2021_01_02_PROD","2026-10-10T15:05:43.529Z","2026-10-10T15:05:43.529Z","false","2026-10-10T15:05:42.520Z","2026-10-08","https://api.worldbank.org/pip/v1/pip?country=all&year=all&fill_gaps=false&reporting_level=national&welfare_type=all&version=20260922_2021_01_02_PROD&format=json","national","national","false","survey","micro","https://datacatalog.worldbank.org/int/public-licenses#cc-by"
"NOR","2015","22.2","9","precision-limited","EU-SILC","income","2015","22.25","8.979999999999999","2003 - 2019","20260922_2021_01_02_PROD","2026-10-10T15:05:43.529Z","2026-10-10T15:05:43.529Z","false","2026-10-10T15:05:42.520Z","2026-10-08","https://api.worldbank.org/pip/v1/pip?country=all&year=all&fill_gaps=false&reporting_level=national&welfare_type=all&version=20260922_2021_01_02_PROD&format=json","national","national","false","survey","micro","https://datacatalog.worldbank.org/int/public-licenses#cc-by"
"NOR","2016","23.1","8.6","consistent","EU-SILC","income","2016","23.06","8.6","2003 - 2019","20260922_2021_01_02_PROD","2026-10-10T15:05:43.529Z","2026-10-10T15:05:43.529Z","false","2026-10-10T15:05:42.520Z","2026-10-08","https://api.worldbank.org/pip/v1/pip?country=all&year=all&fill_gaps=false&reporting_level=national&welfare_type=all&version=20260922_2021_01_02_PROD&format=json","national","national","false","survey","micro","https://datacatalog.worldbank.org/int/public-licenses#cc-by"
"NOR","2017","21.6","8.9","consistent","EU-SILC","income","2017","21.62","8.89","2003 - 2019","20260922_2021_01_02_PROD","2026-10-10T15:05:43.529Z","2026-10-10T15:05:43.529Z","false","2026-10-10T15:05:42.520Z","2026-10-08","https://api.worldbank.org/pip/v1/pip?country=all&year=all&fill_gaps=false&reporting_level=national&welfare_type=all&version=20260922_2021_01_02_PROD&format=json","national","national","false","survey","micro","https://datacatalog.worldbank.org/int/public-licenses#cc-by"
"NOR","2018","22.2","8.9","consistent","EU-SILC","income","2018","22.2","8.88","2003 - 2019","20260922_2021_01_02_PROD","2026-10-10T15:05:43.529Z","2026-10-10T15:05:43.529Z","false","2026-10-10T15:05:42.520Z","2026-10-08","https://api.worldbank.org/pip/v1/pip?country=all&year=all&fill_gaps=false&reporting_level=national&welfare_type=all&version=20260922_2021_01_02_PROD&format=json","national","national","false","survey","micro","https://datacatalog.worldbank.org/int/public-licenses#cc-by"
"NOR","2019","22.4","8.8","consistent","EU-SILC","income","2019","22.36","8.799999999999999","2003 - 2019","20260922_2021_01_02_PROD","2026-10-10T15:05:43.529Z","2026-10-10T15:05:43.529Z","false","2026-10-10T15:05:42.520Z","2026-10-08","https://api.worldbank.org/pip/v1/pip?country=all&year=all&fill_gaps=false&reporting_level=national&welfare_type=all&version=20260922_2021_01_02_PROD&format=json","national","national","false","survey","micro","https://datacatalog.worldbank.org/int/public-licenses#cc-by"
"NOR","2020","22.9","8.6","consistent","EU-SILC","income","2020","22.89","8.6","2020 - 2021","20260922_2021_01_02_PROD","2026-10-10T15:05:43.529Z","2026-10-10T15:05:43.529Z","false","2026-10-10T15:05:42.520Z","2026-10-08","https://api.worldbank.org/pip/v1/pip?country=all&year=all&fill_gaps=false&reporting_level=national&welfare_type=all&version=20260922_2021_01_02_PROD&format=json","national","national","false","survey","micro","https://datacatalog.worldbank.org/int/public-licenses#cc-by"
"NOR","2021","24.2","8.8","precision-limited","EU-SILC","income","2021","24.18","8.76","2020 - 2021","20260922_2021_01_02_PROD","2026-10-10T15:05:43.529Z","2026-10-10T15:05:43.529Z","false","2026-10-10T15:05:42.520Z","2026-10-08","https://api.worldbank.org/pip/v1/pip?country=all&year=all&fill_gaps=false&reporting_level=national&welfare_type=all&version=20260922_2021_01_02_PROD&format=json","national","national","false","survey","micro","https://datacatalog.worldbank.org/int/public-licenses#cc-by"
"NOR","2022","22","9.1","consistent","EU-SILC","income","2022","21.97","9.1","2022 - 2023","20260922_2021_01_02_PROD","2026-10-10T15:05:43.529Z","2026-10-10T15:05:43.529Z","false","2026-10-10T15:05:42.520Z","2026-10-08","https://api.worldbank.org/pip/v1/pip?country=all&year=all&fill_gaps=false&reporting_level=national&welfare_type=all&version=20260922_2021_01_02_PROD&format=json","national","national","false","survey","micro","https://datacatalog.worldbank.org/int/public-licenses#cc-by"
"NOR","2023","21.6","9.1","precision-limited","EU-SILC","income","2023","21.560000000000002","9.15","2022 - 2023","20260922_2021_01_02_PROD","2026-10-10T15:05:43.529Z","2026-10-10T15:05:43.529Z","false","2026-10-10T15:05:42.520Z","2026-10-08","https://api.worldbank.org/pip/v1/pip?country=all&year=all&fill_gaps=false&reporting_level=national&welfare_type=all&version=20260922_2021_01_02_PROD&format=json","national","national","false","survey","micro","https://datacatalog.worldbank.org/int/public-licenses#cc-by"
"PAK","2001","24.9","9.8","consistent","PIHS","consumption","2001.5","24.87","9.790000000000001","2001 - 2024","20260922_2021_01_02_PROD","2026-10-10T15:05:43.529Z","2026-10-10T15:05:43.529Z","false","2026-10-10T15:05:42.520Z","2026-10-08","https://api.worldbank.org/pip/v1/pip?country=all&year=all&fill_gaps=false&reporting_level=national&welfare_type=all&version=20260922_2021_01_02_PROD&format=json","national","national","false","survey","micro","https://datacatalog.worldbank.org/int/public-licenses#cc-by"
"PAK","2004","26.3","9.2","consistent","HIES","consumption","2004.5","26.32","9.19","2001 - 2024","20260922_2021_01_02_PROD","2026-10-10T15:05:43.529Z","2026-10-10T15:05:43.529Z","false","2026-10-10T15:05:42.520Z","2026-10-08","https://api.worldbank.org/pip/v1/pip?country=all&year=all&fill_gaps=false&reporting_level=national&welfare_type=all&version=20260922_2021_01_02_PROD&format=json","national","national","false","survey","micro","https://datacatalog.worldbank.org/int/public-licenses#cc-by"
"PAK","2005","27.1","9.3","consistent","HIES","consumption","2005.5","27.13","9.31","2001 - 2024","20260922_2021_01_02_PROD","2026-10-10T15:05:43.529Z","2026-10-10T15:05:43.529Z","false","2026-10-10T15:05:42.520Z","2026-10-08","https://api.worldbank.org/pip/v1/pip?country=all&year=all&fill_gaps=false&reporting_level=national&welfare_type=all&version=20260922_2021_01_02_PROD&format=json","national","national","false","survey","micro","https://datacatalog.worldbank.org/int/public-licenses#cc-by"
"PAK","2007","25.7","9.7","consistent","HIES","consumption","2007.5","25.71","9.68","2001 - 2024","20260922_2021_01_02_PROD","2026-10-10T15:05:43.529Z","2026-10-10T15:05:43.529Z","false","2026-10-10T15:05:42.520Z","2026-10-08","https://api.worldbank.org/pip/v1/pip?country=all&year=all&fill_gaps=false&reporting_level=national&welfare_type=all&version=20260922_2021_01_02_PROD&format=json","national","national","false","survey","micro","https://datacatalog.worldbank.org/int/public-licenses#cc-by"
"PAK","2010","25.1","9.9","precision-limited","HIES","consumption","2010.5","25.11","9.86","2001 - 2024","20260922_2021_01_02_PROD","2026-10-10T15:05:43.529Z","2026-10-10T15:05:43.529Z","false","2026-10-10T15:05:42.520Z","2026-10-08","https://api.worldbank.org/pip/v1/pip?country=all&year=all&fill_gaps=false&reporting_level=national&welfare_type=all&version=20260922_2021_01_02_PROD&format=json","national","national","false","survey","micro","https://datacatalog.worldbank.org/int/public-licenses#cc-by"
"PAK","2011","25.8","9.7","precision-limited","HIES","consumption","2011.5","25.82","9.659999999999998","2001 - 2024","20260922_2021_01_02_PROD","2026-10-10T15:05:43.529Z","2026-10-10T15:05:43.529Z","false","2026-10-10T15:05:42.520Z","2026-10-08","https://api.worldbank.org/pip/v1/pip?country=all&year=all&fill_gaps=false&reporting_level=national&welfare_type=all&version=20260922_2021_01_02_PROD&format=json","national","national","false","survey","micro","https://datacatalog.worldbank.org/int/public-licenses#cc-by"
"PAK","2013","25.3","9.5","precision-limited","HIES","consumption","2013.5","25.25","9.5","2001 - 2024","20260922_2021_01_02_PROD","2026-10-10T15:05:43.529Z","2026-10-10T15:05:43.529Z","false","2026-10-10T15:05:42.520Z","2026-10-08","https://api.worldbank.org/pip/v1/pip?country=all&year=all&fill_gaps=false&reporting_level=national&welfare_type=all&version=20260922_2021_01_02_PROD&format=json","national","national","false","survey","micro","https://datacatalog.worldbank.org/int/public-licenses#cc-by"
"PAK","2015","27","9.3","consistent","HIES","consumption","2015.5","26.97","9.3","2001 - 2024","20260922_2021_01_02_PROD","2026-10-10T15:05:43.529Z","2026-10-10T15:05:43.529Z","false","2026-10-10T15:05:42.520Z","2026-10-08","https://api.worldbank.org/pip/v1/pip?country=all&year=all&fill_gaps=false&reporting_level=national&welfare_type=all&version=20260922_2021_01_02_PROD&format=json","national","national","false","survey","micro","https://datacatalog.worldbank.org/int/public-licenses#cc-by"
"PAK","2018","25.5","9.6","consistent","HIES","consumption","2018.5","25.53","9.610000000000001","2001 - 2024","20260922_2021_01_02_PROD","2026-10-10T15:05:43.529Z","2026-10-10T15:05:43.529Z","false","2026-10-10T15:05:42.520Z","2026-10-08","https://api.worldbank.org/pip/v1/pip?country=all&year=all&fill_gaps=false&reporting_level=national&welfare_type=all&version=20260922_2021_01_02_PROD&format=json","national","national","false","survey","micro","https://datacatalog.worldbank.org/int/public-licenses#cc-by"
"PAK","2024","27.7","8.2","consistent","HIES","consumption","2024.6","27.67","8.23","2001 - 2024","20260922_2021_01_02_PROD","2026-10-10T15:05:43.529Z","2026-10-10T15:05:43.529Z","false","2026-10-10T15:05:42.520Z","2026-10-08","https://api.worldbank.org/pip/v1/pip?country=all&year=all&fill_gaps=false&reporting_level=national&welfare_type=all&version=20260922_2021_01_02_PROD&format=json","national","national","false","survey","micro","https://datacatalog.worldbank.org/int/public-licenses#cc-by"
"PAN","2000","43.2","2.2","consistent","EH","income","2000","43.16","2.19","1995 - 2000","20260922_2021_01_02_PROD","2026-10-10T15:05:43.529Z","2026-10-10T15:05:43.529Z","false","2026-10-10T15:05:42.520Z","2026-10-08","https://api.worldbank.org/pip/v1/pip?country=all&year=all&fill_gaps=false&reporting_level=national&welfare_type=all&version=20260922_2021_01_02_PROD&format=json","national","national","false","survey","micro","https://datacatalog.worldbank.org/int/public-licenses#cc-by"
"PAN","2001","42.6","2","consistent","EH","income","2001","42.620000000000005","1.9700000000000002","2001 - 2007","20260922_2021_01_02_PROD","2026-10-10T15:05:43.529Z","2026-10-10T15:05:43.529Z","false","2026-10-10T15:05:42.520Z","2026-10-08","https://api.worldbank.org/pip/v1/pip?country=all&year=all&fill_gaps=false&reporting_level=national&welfare_type=all&version=20260922_2021_01_02_PROD&format=json","national","national","false","survey","micro","https://datacatalog.worldbank.org/int/public-licenses#cc-by"
"PAN","2002","43","2.5","consistent","EH","income","2002","42.980000000000004","2.5","2001 - 2007","20260922_2021_01_02_PROD","2026-10-10T15:05:43.529Z","2026-10-10T15:05:43.529Z","false","2026-10-10T15:05:42.520Z","2026-10-08","https://api.worldbank.org/pip/v1/pip?country=all&year=all&fill_gaps=false&reporting_level=national&welfare_type=all&version=20260922_2021_01_02_PROD&format=json","national","national","false","survey","micro","https://datacatalog.worldbank.org/int/public-licenses#cc-by"
"PAN","2003","42.2","2.5","precision-limited","EH","income","2003","42.21","2.46","2001 - 2007","20260922_2021_01_02_PROD","2026-10-10T15:05:43.529Z","2026-10-10T15:05:43.529Z","false","2026-10-10T15:05:42.520Z","2026-10-08","https://api.worldbank.org/pip/v1/pip?country=all&year=all&fill_gaps=false&reporting_level=national&welfare_type=all&version=20260922_2021_01_02_PROD&format=json","national","national","false","survey","micro","https://datacatalog.worldbank.org/int/public-licenses#cc-by"
"PAN","2004","41.2","2.6","precision-limited","EH","income","2004","41.25","2.6","2001 - 2007","20260922_2021_01_02_PROD","2026-10-10T15:05:43.529Z","2026-10-10T15:05:43.529Z","false","2026-10-10T15:05:42.520Z","2026-10-08","https://api.worldbank.org/pip/v1/pip?country=all&year=all&fill_gaps=false&reporting_level=national&welfare_type=all&version=20260922_2021_01_02_PROD&format=json","national","national","false","survey","micro","https://datacatalog.worldbank.org/int/public-licenses#cc-by"
"PAN","2005","40.2","2.7","precision-limited","EH","income","2005","40.19","2.75","2001 - 2007","20260922_2021_01_02_PROD","2026-10-10T15:05:43.529Z","2026-10-10T15:05:43.529Z","false","2026-10-10T15:05:42.520Z","2026-10-08","https://api.worldbank.org/pip/v1/pip?country=all&year=all&fill_gaps=false&reporting_level=national&welfare_type=all&version=20260922_2021_01_02_PROD&format=json","national","national","false","survey","micro","https://datacatalog.worldbank.org/int/public-licenses#cc-by"
"PAN","2006","41.1","2.5","consistent","EH","income","2006","41.120000000000005","2.53","2001 - 2007","20260922_2021_01_02_PROD","2026-10-10T15:05:43.529Z","2026-10-10T15:05:43.529Z","false","2026-10-10T15:05:42.520Z","2026-10-08","https://api.worldbank.org/pip/v1/pip?country=all&year=all&fill_gaps=false&reporting_level=national&welfare_type=all&version=20260922_2021_01_02_PROD&format=json","national","national","false","survey","micro","https://datacatalog.worldbank.org/int/public-licenses#cc-by"
"PAN","2007","39.7","3","precision-limited","EH","income","2007","39.739999999999995","2.96","2001 - 2007","20260922_2021_01_02_PROD","2026-10-10T15:05:43.529Z","2026-10-10T15:05:43.529Z","false","2026-10-10T15:05:42.520Z","2026-10-08","https://api.worldbank.org/pip/v1/pip?country=all&year=all&fill_gaps=false&reporting_level=national&welfare_type=all&version=20260922_2021_01_02_PROD&format=json","national","national","false","survey","micro","https://datacatalog.worldbank.org/int/public-licenses#cc-by"
"PAN","2008","40.7","3.2","consistent","EH","income","2008","40.71","3.17","2008 - 2024","20260922_2021_01_02_PROD","2026-10-10T15:05:43.529Z","2026-10-10T15:05:43.529Z","false","2026-10-10T15:05:42.520Z","2026-10-08","https://api.worldbank.org/pip/v1/pip?country=all&year=all&fill_gaps=false&reporting_level=national&welfare_type=all&version=20260922_2021_01_02_PROD&format=json","national","national","false","survey","micro","https://datacatalog.worldbank.org/int/public-licenses#cc-by"
"PAN","2009","40.1","3.5","consistent","EH","income","2009","40.11","3.53","2008 - 2024","20260922_2021_01_02_PROD","2026-10-10T15:05:43.529Z","2026-10-10T15:05:43.529Z","false","2026-10-10T15:05:42.520Z","2026-10-08","https://api.worldbank.org/pip/v1/pip?country=all&year=all&fill_gaps=false&reporting_level=national&welfare_type=all&version=20260922_2021_01_02_PROD&format=json","national","national","false","survey","micro","https://datacatalog.worldbank.org/int/public-licenses#cc-by"
"PAN","2010","39.6","3.3","consistent","EH","income","2010","39.64","3.29","2008 - 2024","20260922_2021_01_02_PROD","2026-10-10T15:05:43.529Z","2026-10-10T15:05:43.529Z","false","2026-10-10T15:05:42.520Z","2026-10-08","https://api.worldbank.org/pip/v1/pip?country=all&year=all&fill_gaps=false&reporting_level=national&welfare_type=all&version=20260922_2021_01_02_PROD&format=json","national","national","false","survey","micro","https://datacatalog.worldbank.org/int/public-licenses#cc-by"
"PAN","2011","39.7","3.4","consistent","EH","income","2011","39.660000000000004","3.42","2008 - 2024","20260922_2021_01_02_PROD","2026-10-10T15:05:43.529Z","2026-10-10T15:05:43.529Z","false","2026-10-10T15:05:42.520Z","2026-10-08","https://api.worldbank.org/pip/v1/pip?country=all&year=all&fill_gaps=false&reporting_level=national&welfare_type=all&version=20260922_2021_01_02_PROD&format=json","national","national","false","survey","micro","https://datacatalog.worldbank.org/int/public-licenses#cc-by"
"PAN","2012","39.7","3.2","consistent","EH","income","2012","39.660000000000004","3.19","2008 - 2024","20260922_2021_01_02_PROD","2026-10-10T15:05:43.529Z","2026-10-10T15:05:43.529Z","false","2026-10-10T15:05:42.520Z","2026-10-08","https://api.worldbank.org/pip/v1/pip?country=all&year=all&fill_gaps=false&reporting_level=national&welfare_type=all&version=20260922_2021_01_02_PROD&format=json","national","national","false","survey","micro","https://datacatalog.worldbank.org/int/public-licenses#cc-by"
"PAN","2013","39.6","3.3","precision-limited","EH","income","2013","39.61","3.35","2008 - 2024","20260922_2021_01_02_PROD","2026-10-10T15:05:43.529Z","2026-10-10T15:05:43.529Z","false","2026-10-10T15:05:42.520Z","2026-10-08","https://api.worldbank.org/pip/v1/pip?country=all&year=all&fill_gaps=false&reporting_level=national&welfare_type=all&version=20260922_2021_01_02_PROD&format=json","national","national","false","survey","micro","https://datacatalog.worldbank.org/int/public-licenses#cc-by"
"PAN","2014","38.5","3.4","precision-limited","EH","income","2014","38.49","3.35","2008 - 2024","20260922_2021_01_02_PROD","2026-10-10T15:05:43.529Z","2026-10-10T15:05:43.529Z","false","2026-10-10T15:05:42.520Z","2026-10-08","https://api.worldbank.org/pip/v1/pip?country=all&year=all&fill_gaps=false&reporting_level=national&welfare_type=all&version=20260922_2021_01_02_PROD&format=json","national","national","false","survey","micro","https://datacatalog.worldbank.org/int/public-licenses#cc-by"
"PAN","2015","39","3.4","precision-limited","EH","income","2015","39.019999999999996","3.44","2008 - 2024","20260922_2021_01_02_PROD","2026-10-10T15:05:43.529Z","2026-10-10T15:05:43.529Z","false","2026-10-10T15:05:42.520Z","2026-10-08","https://api.worldbank.org/pip/v1/pip?country=all&year=all&fill_gaps=false&reporting_level=national&welfare_type=all&version=20260922_2021_01_02_PROD&format=json","national","national","false","survey","micro","https://datacatalog.worldbank.org/int/public-licenses#cc-by"
"PAN","2016","37.8","3.3","precision-limited","EH","income","2016","37.84","3.35","2008 - 2024","20260922_2021_01_02_PROD","2026-10-10T15:05:43.529Z","2026-10-10T15:05:43.529Z","false","2026-10-10T15:05:42.520Z","2026-10-08","https://api.worldbank.org/pip/v1/pip?country=all&year=all&fill_gaps=false&reporting_level=national&welfare_type=all&version=20260922_2021_01_02_PROD&format=json","national","national","false","survey","micro","https://datacatalog.worldbank.org/int/public-licenses#cc-by"
"PAN","2017","37.7","3.4","precision-limited","EH","income","2017","37.69","3.45","2008 - 2024","20260922_2021_01_02_PROD","2026-10-10T15:05:43.529Z","2026-10-10T15:05:43.529Z","false","2026-10-10T15:05:42.520Z","2026-10-08","https://api.worldbank.org/pip/v1/pip?country=all&year=all&fill_gaps=false&reporting_level=national&welfare_type=all&version=20260922_2021_01_02_PROD&format=json","national","national","false","survey","micro","https://datacatalog.worldbank.org/int/public-licenses#cc-by"
"PAN","2018","37.1","3.6","consistent","EH","income","2018","37.11","3.58","2008 - 2024","20260922_2021_01_02_PROD","2026-10-10T15:05:43.529Z","2026-10-10T15:05:43.529Z","false","2026-10-10T15:05:42.520Z","2026-10-08","https://api.worldbank.org/pip/v1/pip?country=all&year=all&fill_gaps=false&reporting_level=national&welfare_type=all&version=20260922_2021_01_02_PROD&format=json","national","national","false","survey","micro","https://datacatalog.worldbank.org/int/public-licenses#cc-by"
"PAN","2019","38","3.6","consistent","EH","income","2019","38.03","3.5900000000000003","2008 - 2024","20260922_2021_01_02_PROD","2026-10-10T15:05:43.529Z","2026-10-10T15:05:43.529Z","false","2026-10-10T15:05:42.520Z","2026-10-08","https://api.worldbank.org/pip/v1/pip?country=all&year=all&fill_gaps=false&reporting_level=national&welfare_type=all&version=20260922_2021_01_02_PROD&format=json","national","national","false","survey","micro","https://datacatalog.worldbank.org/int/public-licenses#cc-by"
"PAN","2021","39.3","3.7","precision-limited","EH","income","2021","39.35","3.6700000000000004","2008 - 2024","20260922_2021_01_02_PROD","2026-10-10T15:05:43.529Z","2026-10-10T15:05:43.529Z","false","2026-10-10T15:05:42.520Z","2026-10-08","https://api.worldbank.org/pip/v1/pip?country=all&year=all&fill_gaps=false&reporting_level=national&welfare_type=all&version=20260922_2021_01_02_PROD&format=json","national","national","false","survey","micro","https://datacatalog.worldbank.org/int/public-licenses#cc-by"
"PAN","2023","36.9","3.7","precision-limited","EH","income","2023","36.9","3.74","2008 - 2024","20260922_2021_01_02_PROD","2026-10-10T15:05:43.529Z","2026-10-10T15:05:43.529Z","false","2026-10-10T15:05:42.520Z","2026-10-08","https://api.worldbank.org/pip/v1/pip?country=all&year=all&fill_gaps=false&reporting_level=national&welfare_type=all&version=20260922_2021_01_02_PROD&format=json","national","national","false","survey","micro","https://datacatalog.worldbank.org/int/public-licenses#cc-by"
"PAN","2024","37.6","3.6","precision-limited","EH","income","2024","37.55","3.62","2008 - 2024","20260922_2021_01_02_PROD","2026-10-10T15:05:43.529Z","2026-10-10T15:05:43.529Z","false","2026-10-10T15:05:42.520Z","2026-10-08","https://api.worldbank.org/pip/v1/pip?country=all&year=all&fill_gaps=false&reporting_level=national&welfare_type=all&version=20260922_2021_01_02_PROD&format=json","national","national","false","survey","micro","https://datacatalog.worldbank.org/int/public-licenses#cc-by"
"PNG","2009","31","5.1","consistent","HIES","consumption","2009.67","30.990000000000002","5.08","2009","20260922_2021_01_02_PROD","2026-10-10T15:05:43.529Z","2026-10-10T15:05:43.529Z","false","2026-10-10T15:05:42.520Z","2026-10-08","https://api.worldbank.org/pip/v1/pip?country=all&year=all&fill_gaps=false&reporting_level=national&welfare_type=all&version=20260922_2021_01_02_PROD&format=json","national","national","false","survey","micro","https://datacatalog.worldbank.org/int/public-licenses#cc-by"
"PRY","2001","43.1","3.1","precision-limited","EIH","income","2001","43.07","3.06","1997 - 2001","20260922_2021_01_02_PROD","2026-10-10T15:05:43.529Z","2026-10-10T15:05:43.529Z","false","2026-10-10T15:05:42.520Z","2026-10-08","https://api.worldbank.org/pip/v1/pip?country=all&year=all&fill_gaps=false&reporting_level=national&welfare_type=all&version=20260922_2021_01_02_PROD&format=json","national","national","false","survey","micro","https://datacatalog.worldbank.org/int/public-licenses#cc-by"
"PRY","2002","46.2","2.9","consistent","EPH","income","2002","46.17","2.9","2002 - 2021","20260922_2021_01_02_PROD","2026-10-10T15:05:43.529Z","2026-10-10T15:05:43.529Z","false","2026-10-10T15:05:42.520Z","2026-10-08","https://api.worldbank.org/pip/v1/pip?country=all&year=all&fill_gaps=false&reporting_level=national&welfare_type=all&version=20260922_2021_01_02_PROD&format=json","national","national","false","survey","micro","https://datacatalog.worldbank.org/int/public-licenses#cc-by"
"PRY","2003","44.1","3.4","consistent","EPH","income","2003","44.080000000000005","3.37","2002 - 2021","20260922_2021_01_02_PROD","2026-10-10T15:05:43.529Z","2026-10-10T15:05:43.529Z","false","2026-10-10T15:05:42.520Z","2026-10-08","https://api.worldbank.org/pip/v1/pip?country=all&year=all&fill_gaps=false&reporting_level=national&welfare_type=all&version=20260922_2021_01_02_PROD&format=json","national","national","false","survey","micro","https://datacatalog.worldbank.org/int/public-licenses#cc-by"
"PRY","2004","42","4","consistent","EPH","income","2004","41.99","3.9699999999999998","2002 - 2021","20260922_2021_01_02_PROD","2026-10-10T15:05:43.529Z","2026-10-10T15:05:43.529Z","false","2026-10-10T15:05:42.520Z","2026-10-08","https://api.worldbank.org/pip/v1/pip?country=all&year=all&fill_gaps=false&reporting_level=national&welfare_type=all&version=20260922_2021_01_02_PROD&format=json","national","national","false","survey","micro","https://datacatalog.worldbank.org/int/public-licenses#cc-by"
"PRY","2005","40.4","3.9","consistent","EPH","income","2005","40.44","3.9","2002 - 2021","20260922_2021_01_02_PROD","2026-10-10T15:05:43.529Z","2026-10-10T15:05:43.529Z","false","2026-10-10T15:05:42.520Z","2026-10-08","https://api.worldbank.org/pip/v1/pip?country=all&year=all&fill_gaps=false&reporting_level=national&welfare_type=all&version=20260922_2021_01_02_PROD&format=json","national","national","false","survey","micro","https://datacatalog.worldbank.org/int/public-licenses#cc-by"
"PRY","2006","42.4","3.6","consistent","EPH","income","2006","42.41","3.5699999999999994","2002 - 2021","20260922_2021_01_02_PROD","2026-10-10T15:05:43.529Z","2026-10-10T15:05:43.529Z","false","2026-10-10T15:05:42.520Z","2026-10-08","https://api.worldbank.org/pip/v1/pip?country=all&year=all&fill_gaps=false&reporting_level=national&welfare_type=all&version=20260922_2021_01_02_PROD&format=json","national","national","false","survey","micro","https://datacatalog.worldbank.org/int/public-licenses#cc-by"
"PRY","2007","42.5","3.6","consistent","EPH","income","2007","42.53","3.5700000000000003","2002 - 2021","20260922_2021_01_02_PROD","2026-10-10T15:05:43.529Z","2026-10-10T15:05:43.529Z","false","2026-10-10T15:05:42.520Z","2026-10-08","https://api.worldbank.org/pip/v1/pip?country=all&year=all&fill_gaps=false&reporting_level=national&welfare_type=all&version=20260922_2021_01_02_PROD&format=json","national","national","false","survey","micro","https://datacatalog.worldbank.org/int/public-licenses#cc-by"
"PRY","2008","40.1","4.1","consistent","EPH","income","2008","40.1","4.09","2002 - 2021","20260922_2021_01_02_PROD","2026-10-10T15:05:43.529Z","2026-10-10T15:05:43.529Z","false","2026-10-10T15:05:42.520Z","2026-10-08","https://api.worldbank.org/pip/v1/pip?country=all&year=all&fill_gaps=false&reporting_level=national&welfare_type=all&version=20260922_2021_01_02_PROD&format=json","national","national","false","survey","micro","https://datacatalog.worldbank.org/int/public-licenses#cc-by"
"PRY","2009","38","4","consistent","EPH","income","2009","38.03","4.02","2002 - 2021","20260922_2021_01_02_PROD","2026-10-10T15:05:43.529Z","2026-10-10T15:05:43.529Z","false","2026-10-10T15:05:42.520Z","2026-10-08","https://api.worldbank.org/pip/v1/pip?country=all&year=all&fill_gaps=false&reporting_level=national&welfare_type=all&version=20260922_2021_01_02_PROD&format=json","national","national","false","survey","micro","https://datacatalog.worldbank.org/int/public-licenses#cc-by"
"PRY","2010","40.5","3.8","consistent","EPH","income","2010","40.47","3.7900000000000005","2002 - 2021","20260922_2021_01_02_PROD","2026-10-10T15:05:43.529Z","2026-10-10T15:05:43.529Z","false","2026-10-10T15:05:42.520Z","2026-10-08","https://api.worldbank.org/pip/v1/pip?country=all&year=all&fill_gaps=false&reporting_level=national&welfare_type=all&version=20260922_2021_01_02_PROD&format=json","national","national","false","survey","micro","https://datacatalog.worldbank.org/int/public-licenses#cc-by"
"PRY","2011","41.3","3.5","precision-limited","EPH","income","2011","41.349999999999994","3.5500000000000003","2002 - 2021","20260922_2021_01_02_PROD","2026-10-10T15:05:43.529Z","2026-10-10T15:05:43.529Z","false","2026-10-10T15:05:42.520Z","2026-10-08","https://api.worldbank.org/pip/v1/pip?country=all&year=all&fill_gaps=false&reporting_level=national&welfare_type=all&version=20260922_2021_01_02_PROD&format=json","national","national","false","survey","micro","https://datacatalog.worldbank.org/int/public-licenses#cc-by"
"PRY","2012","36.9","4.2","consistent","EPH","income","2012","36.870000000000005","4.180000000000001","2002 - 2021","20260922_2021_01_02_PROD","2026-10-10T15:05:43.529Z","2026-10-10T15:05:43.529Z","false","2026-10-10T15:05:42.520Z","2026-10-08","https://api.worldbank.org/pip/v1/pip?country=all&year=all&fill_gaps=false&reporting_level=national&welfare_type=all&version=20260922_2021_01_02_PROD&format=json","national","national","false","survey","micro","https://datacatalog.worldbank.org/int/public-licenses#cc-by"
"PRY","2013","37.3","4.4","consistent","EPH","income","2013","37.3","4.41","2002 - 2021","20260922_2021_01_02_PROD","2026-10-10T15:05:43.529Z","2026-10-10T15:05:43.529Z","false","2026-10-10T15:05:42.520Z","2026-10-08","https://api.worldbank.org/pip/v1/pip?country=all&year=all&fill_gaps=false&reporting_level=national&welfare_type=all&version=20260922_2021_01_02_PROD&format=json","national","national","false","survey","micro","https://datacatalog.worldbank.org/int/public-licenses#cc-by"
"PRY","2014","40.7","4","precision-limited","EPH","income","2014","40.699999999999996","4.04","2002 - 2021","20260922_2021_01_02_PROD","2026-10-10T15:05:43.529Z","2026-10-10T15:05:43.529Z","false","2026-10-10T15:05:42.520Z","2026-10-08","https://api.worldbank.org/pip/v1/pip?country=all&year=all&fill_gaps=false&reporting_level=national&welfare_type=all&version=20260922_2021_01_02_PROD&format=json","national","national","false","survey","micro","https://datacatalog.worldbank.org/int/public-licenses#cc-by"
"PRY","2015","36.7","4.3","precision-limited","EPH","income","2015","36.730000000000004","4.34","2002 - 2021","20260922_2021_01_02_PROD","2026-10-10T15:05:43.529Z","2026-10-10T15:05:43.529Z","false","2026-10-10T15:05:42.520Z","2026-10-08","https://api.worldbank.org/pip/v1/pip?country=all&year=all&fill_gaps=false&reporting_level=national&welfare_type=all&version=20260922_2021_01_02_PROD&format=json","national","national","false","survey","micro","https://datacatalog.worldbank.org/int/public-licenses#cc-by"
"PRY","2016","37.3","4.5","precision-limited","EPH","income","2016","37.35","4.489999999999999","2002 - 2021","20260922_2021_01_02_PROD","2026-10-10T15:05:43.529Z","2026-10-10T15:05:43.529Z","false","2026-10-10T15:05:42.520Z","2026-10-08","https://api.worldbank.org/pip/v1/pip?country=all&year=all&fill_gaps=false&reporting_level=national&welfare_type=all&version=20260922_2021_01_02_PROD&format=json","national","national","false","survey","micro","https://datacatalog.worldbank.org/int/public-licenses#cc-by"
"PRY","2017","39.1","4.7","consistent","EPH","income","2017","39.07","4.6899999999999995","2002 - 2021","20260922_2021_01_02_PROD","2026-10-10T15:05:43.529Z","2026-10-10T15:05:43.529Z","false","2026-10-10T15:05:42.520Z","2026-10-08","https://api.worldbank.org/pip/v1/pip?country=all&year=all&fill_gaps=false&reporting_level=national&welfare_type=all&version=20260922_2021_01_02_PROD&format=json","national","national","false","survey","micro","https://datacatalog.worldbank.org/int/public-licenses#cc-by"
"PRY","2018","35.8","4.8","consistent","EPH","income","2018","35.76","4.779999999999999","2002 - 2021","20260922_2021_01_02_PROD","2026-10-10T15:05:43.529Z","2026-10-10T15:05:43.529Z","false","2026-10-10T15:05:42.520Z","2026-10-08","https://api.worldbank.org/pip/v1/pip?country=all&year=all&fill_gaps=false&reporting_level=national&welfare_type=all&version=20260922_2021_01_02_PROD&format=json","national","national","false","survey","micro","https://datacatalog.worldbank.org/int/public-licenses#cc-by"
"PRY","2019","35.2","4.8","precision-limited","EPH","income","2019","35.17","4.84","2002 - 2021","20260922_2021_01_02_PROD","2026-10-10T15:05:43.529Z","2026-10-10T15:05:43.529Z","false","2026-10-10T15:05:42.520Z","2026-10-08","https://api.worldbank.org/pip/v1/pip?country=all&year=all&fill_gaps=false&reporting_level=national&welfare_type=all&version=20260922_2021_01_02_PROD&format=json","national","national","false","survey","micro","https://datacatalog.worldbank.org/int/public-licenses#cc-by"
"PRY","2020","33.3","5.3","precision-limited","EPH","income","2020","33.29","5.26","2002 - 2021","20260922_2021_01_02_PROD","2026-10-10T15:05:43.529Z","2026-10-10T15:05:43.529Z","false","2026-10-10T15:05:42.520Z","2026-10-08","https://api.worldbank.org/pip/v1/pip?country=all&year=all&fill_gaps=false&reporting_level=national&welfare_type=all&version=20260922_2021_01_02_PROD&format=json","national","national","false","survey","micro","https://datacatalog.worldbank.org/int/public-licenses#cc-by"
"PRY","2021","33.1","5.5","consistent","EPH","income","2021","33.14","5.48","2002 - 2021","20260922_2021_01_02_PROD","2026-10-10T15:05:43.529Z","2026-10-10T15:05:43.529Z","false","2026-10-10T15:05:42.520Z","2026-10-08","https://api.worldbank.org/pip/v1/pip?country=all&year=all&fill_gaps=false&reporting_level=national&welfare_type=all&version=20260922_2021_01_02_PROD&format=json","national","national","false","survey","micro","https://datacatalog.worldbank.org/int/public-licenses#cc-by"
"PRY","2022","34.2","5","precision-limited","EPHC","income","2022","34.17","4.960000000000001","2022 - 2024","20260922_2021_01_02_PROD","2026-10-10T15:05:43.529Z","2026-10-10T15:05:43.529Z","false","2026-10-10T15:05:42.520Z","2026-10-08","https://api.worldbank.org/pip/v1/pip?country=all&year=all&fill_gaps=false&reporting_level=national&welfare_type=all&version=20260922_2021_01_02_PROD&format=json","national","national","false","survey","micro","https://datacatalog.worldbank.org/int/public-licenses#cc-by"
"PRY","2023","34.3","5.2","precision-limited","EPHC","income","2023","34.35","5.160000000000001","2022 - 2024","20260922_2021_01_02_PROD","2026-10-10T15:05:43.529Z","2026-10-10T15:05:43.529Z","false","2026-10-10T15:05:42.520Z","2026-10-08","https://api.worldbank.org/pip/v1/pip?country=all&year=all&fill_gaps=false&reporting_level=national&welfare_type=all&version=20260922_2021_01_02_PROD&format=json","national","national","false","survey","micro","https://datacatalog.worldbank.org/int/public-licenses#cc-by"
"PRY","2024","35","5.3","consistent","EPHC","income","2024","34.99","5.29","2022 - 2024","20260922_2021_01_02_PROD","2026-10-10T15:05:43.529Z","2026-10-10T15:05:43.529Z","false","2026-10-10T15:05:42.520Z","2026-10-08","https://api.worldbank.org/pip/v1/pip?country=all&year=all&fill_gaps=false&reporting_level=national&welfare_type=all&version=20260922_2021_01_02_PROD&format=json","national","national","false","survey","micro","https://datacatalog.worldbank.org/int/public-licenses#cc-by"
"PER","2000","36.8","3.5","consistent","ENAHO","income","2000","36.77","3.53","2000 - 2003","20260922_2021_01_02_PROD","2026-10-10T15:05:43.529Z","2026-10-10T15:05:43.529Z","false","2026-10-10T15:05:42.520Z","2026-10-08","https://api.worldbank.org/pip/v1/pip?country=all&year=all&fill_gaps=false&reporting_level=national&welfare_type=all&version=20260922_2021_01_02_PROD&format=json","national","national","false","survey","micro","https://datacatalog.worldbank.org/int/public-licenses#cc-by"
"PER","2001","39.1","3.4","consistent","ENAHO","income","2001","39.14","3.4000000000000004","2000 - 2003","20260922_2021_01_02_PROD","2026-10-10T15:05:43.529Z","2026-10-10T15:05:43.529Z","false","2026-10-10T15:05:42.520Z","2026-10-08","https://api.worldbank.org/pip/v1/pip?country=all&year=all&fill_gaps=false&reporting_level=national&welfare_type=all&version=20260922_2021_01_02_PROD&format=json","national","national","false","survey","micro","https://datacatalog.worldbank.org/int/public-licenses#cc-by"
"PER","2002","42.1","3.2","consistent","ENAHO","income","2002","42.059999999999995","3.2100000000000004","2000 - 2003","20260922_2021_01_02_PROD","2026-10-10T15:05:43.529Z","2026-10-10T15:05:43.529Z","false","2026-10-10T15:05:42.520Z","2026-10-08","https://api.worldbank.org/pip/v1/pip?country=all&year=all&fill_gaps=false&reporting_level=national&welfare_type=all&version=20260922_2021_01_02_PROD&format=json","national","national","false","survey","micro","https://datacatalog.worldbank.org/int/public-licenses#cc-by"
"PER","2003","42.2","3.6","consistent","ENAHO","income","2003","42.199999999999996","3.6199999999999997","2000 - 2003","20260922_2021_01_02_PROD","2026-10-10T15:05:43.529Z","2026-10-10T15:05:43.529Z","false","2026-10-10T15:05:42.520Z","2026-10-08","https://api.worldbank.org/pip/v1/pip?country=all&year=all&fill_gaps=false&reporting_level=national&welfare_type=all&version=20260922_2021_01_02_PROD&format=json","national","national","false","survey","micro","https://datacatalog.worldbank.org/int/public-licenses#cc-by"
"PER","2004","37.9","3.7","precision-limited","ENAHO","income","2004","37.95","3.6999999999999997","2004 - 2024","20260922_2021_01_02_PROD","2026-10-10T15:05:43.529Z","2026-10-10T15:05:43.529Z","false","2026-10-10T15:05:42.520Z","2026-10-08","https://api.worldbank.org/pip/v1/pip?country=all&year=all&fill_gaps=false&reporting_level=national&welfare_type=all&version=20260922_2021_01_02_PROD&format=json","national","national","false","survey","micro","https://datacatalog.worldbank.org/int/public-licenses#cc-by"
"PER","2005","38.5","3.6","precision-limited","ENAHO","income","2005","38.51","3.56","2004 - 2024","20260922_2021_01_02_PROD","2026-10-10T15:05:43.529Z","2026-10-10T15:05:43.529Z","false","2026-10-10T15:05:42.520Z","2026-10-08","https://api.worldbank.org/pip/v1/pip?country=all&year=all&fill_gaps=false&reporting_level=national&welfare_type=all&version=20260922_2021_01_02_PROD&format=json","national","national","false","survey","micro","https://datacatalog.worldbank.org/int/public-licenses#cc-by"
"PER","2006","38.2","3.5","precision-limited","ENAHO","income","2006","38.16","3.4600000000000004","2004 - 2024","20260922_2021_01_02_PROD","2026-10-10T15:05:43.529Z","2026-10-10T15:05:43.529Z","false","2026-10-10T15:05:42.520Z","2026-10-08","https://api.worldbank.org/pip/v1/pip?country=all&year=all&fill_gaps=false&reporting_level=national&welfare_type=all&version=20260922_2021_01_02_PROD&format=json","national","national","false","survey","micro","https://datacatalog.worldbank.org/int/public-licenses#cc-by"
"PER","2007","37.8","3.5","precision-limited","ENAHO","income","2007","37.8","3.45","2004 - 2024","20260922_2021_01_02_PROD","2026-10-10T15:05:43.529Z","2026-10-10T15:05:43.529Z","false","2026-10-10T15:05:42.520Z","2026-10-08","https://api.worldbank.org/pip/v1/pip?country=all&year=all&fill_gaps=false&reporting_level=national&welfare_type=all&version=20260922_2021_01_02_PROD&format=json","national","national","false","survey","micro","https://datacatalog.worldbank.org/int/public-licenses#cc-by"
"PER","2008","35.4","3.8","consistent","ENAHO","income","2008","35.4","3.7899999999999996","2004 - 2024","20260922_2021_01_02_PROD","2026-10-10T15:05:43.529Z","2026-10-10T15:05:43.529Z","false","2026-10-10T15:05:42.520Z","2026-10-08","https://api.worldbank.org/pip/v1/pip?country=all&year=all&fill_gaps=false&reporting_level=national&welfare_type=all&version=20260922_2021_01_02_PROD&format=json","national","national","false","survey","micro","https://datacatalog.worldbank.org/int/public-licenses#cc-by"
"PER","2009","35.2","4","precision-limited","ENAHO","income","2009","35.19","4.04","2004 - 2024","20260922_2021_01_02_PROD","2026-10-10T15:05:43.529Z","2026-10-10T15:05:43.529Z","false","2026-10-10T15:05:42.520Z","2026-10-08","https://api.worldbank.org/pip/v1/pip?country=all&year=all&fill_gaps=false&reporting_level=national&welfare_type=all&version=20260922_2021_01_02_PROD&format=json","national","national","false","survey","micro","https://datacatalog.worldbank.org/int/public-licenses#cc-by"
"PER","2010","34.2","4.3","consistent","ENAHO","income","2010","34.22","4.32","2004 - 2024","20260922_2021_01_02_PROD","2026-10-10T15:05:43.529Z","2026-10-10T15:05:43.529Z","false","2026-10-10T15:05:42.520Z","2026-10-08","https://api.worldbank.org/pip/v1/pip?country=all&year=all&fill_gaps=false&reporting_level=national&welfare_type=all&version=20260922_2021_01_02_PROD&format=json","national","national","false","survey","micro","https://datacatalog.worldbank.org/int/public-licenses#cc-by"
"PER","2011","33.5","4.4","consistent","ENAHO","income","2011","33.48","4.3999999999999995","2004 - 2024","20260922_2021_01_02_PROD","2026-10-10T15:05:43.529Z","2026-10-10T15:05:43.529Z","false","2026-10-10T15:05:42.520Z","2026-10-08","https://api.worldbank.org/pip/v1/pip?country=all&year=all&fill_gaps=false&reporting_level=national&welfare_type=all&version=20260922_2021_01_02_PROD&format=json","national","national","false","survey","micro","https://datacatalog.worldbank.org/int/public-licenses#cc-by"
"PER","2012","33.3","4.4","precision-limited","ENAHO","income","2012","33.25","4.38","2004 - 2024","20260922_2021_01_02_PROD","2026-10-10T15:05:43.529Z","2026-10-10T15:05:43.529Z","false","2026-10-10T15:05:42.520Z","2026-10-08","https://api.worldbank.org/pip/v1/pip?country=all&year=all&fill_gaps=false&reporting_level=national&welfare_type=all&version=20260922_2021_01_02_PROD&format=json","national","national","false","survey","micro","https://datacatalog.worldbank.org/int/public-licenses#cc-by"
"PER","2013","32.7","4.5","precision-limited","ENAHO","income","2013","32.690000000000005","4.539999999999999","2004 - 2024","20260922_2021_01_02_PROD","2026-10-10T15:05:43.529Z","2026-10-10T15:05:43.529Z","false","2026-10-10T15:05:42.520Z","2026-10-08","https://api.worldbank.org/pip/v1/pip?country=all&year=all&fill_gaps=false&reporting_level=national&welfare_type=all&version=20260922_2021_01_02_PROD&format=json","national","national","false","survey","micro","https://datacatalog.worldbank.org/int/public-licenses#cc-by"
"PER","2014","32.1","4.7","consistent","ENAHO","income","2014","32.14","4.6899999999999995","2004 - 2024","20260922_2021_01_02_PROD","2026-10-10T15:05:43.529Z","2026-10-10T15:05:43.529Z","false","2026-10-10T15:05:42.520Z","2026-10-08","https://api.worldbank.org/pip/v1/pip?country=all&year=all&fill_gaps=false&reporting_level=national&welfare_type=all&version=20260922_2021_01_02_PROD&format=json","national","national","false","survey","micro","https://datacatalog.worldbank.org/int/public-licenses#cc-by"
"PER","2015","32.6","4.7","consistent","ENAHO","income","2015","32.61","4.72","2004 - 2024","20260922_2021_01_02_PROD","2026-10-10T15:05:43.529Z","2026-10-10T15:05:43.529Z","false","2026-10-10T15:05:42.520Z","2026-10-08","https://api.worldbank.org/pip/v1/pip?country=all&year=all&fill_gaps=false&reporting_level=national&welfare_type=all&version=20260922_2021_01_02_PROD&format=json","national","national","false","survey","micro","https://datacatalog.worldbank.org/int/public-licenses#cc-by"
"PER","2016","32.6","4.6","precision-limited","ENAHO","income","2016","32.56","4.64","2004 - 2024","20260922_2021_01_02_PROD","2026-10-10T15:05:43.529Z","2026-10-10T15:05:43.529Z","false","2026-10-10T15:05:42.520Z","2026-10-08","https://api.worldbank.org/pip/v1/pip?country=all&year=all&fill_gaps=false&reporting_level=national&welfare_type=all&version=20260922_2021_01_02_PROD&format=json","national","national","false","survey","micro","https://datacatalog.worldbank.org/int/public-licenses#cc-by"
"PER","2017","32.3","4.7","consistent","ENAHO","income","2017","32.300000000000004","4.73","2004 - 2024","20260922_2021_01_02_PROD","2026-10-10T15:05:43.529Z","2026-10-10T15:05:43.529Z","false","2026-10-10T15:05:42.520Z","2026-10-08","https://api.worldbank.org/pip/v1/pip?country=all&year=all&fill_gaps=false&reporting_level=national&welfare_type=all&version=20260922_2021_01_02_PROD&format=json","national","national","false","survey","micro","https://datacatalog.worldbank.org/int/public-licenses#cc-by"
"PER","2018","31.6","5","consistent","ENAHO","income","2018","31.6","4.9799999999999995","2004 - 2024","20260922_2021_01_02_PROD","2026-10-10T15:05:43.529Z","2026-10-10T15:05:43.529Z","false","2026-10-10T15:05:42.520Z","2026-10-08","https://api.worldbank.org/pip/v1/pip?country=all&year=all&fill_gaps=false&reporting_level=national&welfare_type=all&version=20260922_2021_01_02_PROD&format=json","national","national","false","survey","micro","https://datacatalog.worldbank.org/int/public-licenses#cc-by"
"PER","2019","31.1","5.2","consistent","ENAHO","income","2019","31.119999999999997","5.19","2004 - 2024","20260922_2021_01_02_PROD","2026-10-10T15:05:43.529Z","2026-10-10T15:05:43.529Z","false","2026-10-10T15:05:42.520Z","2026-10-08","https://api.worldbank.org/pip/v1/pip?country=all&year=all&fill_gaps=false&reporting_level=national&welfare_type=all&version=20260922_2021_01_02_PROD&format=json","national","national","false","survey","micro","https://datacatalog.worldbank.org/int/public-licenses#cc-by"
"PER","2020","32.9","4.8","consistent","ENAHO","income","2020","32.86","4.82","2004 - 2024","20260922_2021_01_02_PROD","2026-10-10T15:05:43.529Z","2026-10-10T15:05:43.529Z","false","2026-10-10T15:05:42.520Z","2026-10-08","https://api.worldbank.org/pip/v1/pip?country=all&year=all&fill_gaps=false&reporting_level=national&welfare_type=all&version=20260922_2021_01_02_PROD&format=json","national","national","false","survey","micro","https://datacatalog.worldbank.org/int/public-licenses#cc-by"
"PER","2021","30.5","5.8","consistent","ENAHO","income","2021","30.520000000000003","5.8","2004 - 2024","20260922_2021_01_02_PROD","2026-10-10T15:05:43.529Z","2026-10-10T15:05:43.529Z","false","2026-10-10T15:05:42.520Z","2026-10-08","https://api.worldbank.org/pip/v1/pip?country=all&year=all&fill_gaps=false&reporting_level=national&welfare_type=all&version=20260922_2021_01_02_PROD&format=json","national","national","false","survey","micro","https://datacatalog.worldbank.org/int/public-licenses#cc-by"
"PER","2022","30.7","5.7","consistent","ENAHO","income","2022","30.72","5.73","2004 - 2024","20260922_2021_01_02_PROD","2026-10-10T15:05:43.529Z","2026-10-10T15:05:43.529Z","false","2026-10-10T15:05:42.520Z","2026-10-08","https://api.worldbank.org/pip/v1/pip?country=all&year=all&fill_gaps=false&reporting_level=national&welfare_type=all&version=20260922_2021_01_02_PROD&format=json","national","national","false","survey","micro","https://datacatalog.worldbank.org/int/public-licenses#cc-by"
"PER","2023","30.6","5.5","consistent","ENAHO","income","2023","30.599999999999998","5.500000000000001","2004 - 2024","20260922_2021_01_02_PROD","2026-10-10T15:05:43.529Z","2026-10-10T15:05:43.529Z","false","2026-10-10T15:05:42.520Z","2026-10-08","https://api.worldbank.org/pip/v1/pip?country=all&year=all&fill_gaps=false&reporting_level=national&welfare_type=all&version=20260922_2021_01_02_PROD&format=json","national","national","false","survey","micro","https://datacatalog.worldbank.org/int/public-licenses#cc-by"
"PER","2024","30.3","5.6","consistent","ENAHO","income","2024","30.34","5.63","2004 - 2024","20260922_2021_01_02_PROD","2026-10-10T15:05:43.529Z","2026-10-10T15:05:43.529Z","false","2026-10-10T15:05:42.520Z","2026-10-08","https://api.worldbank.org/pip/v1/pip?country=all&year=all&fill_gaps=false&reporting_level=national&welfare_type=all&version=20260922_2021_01_02_PROD&format=json","national","national","false","survey","micro","https://datacatalog.worldbank.org/int/public-licenses#cc-by"
"PHL","2000","37.7","5.1","consistent","FIES","income","2000","37.7","5.11","2000 - 2000","20260922_2021_01_02_PROD","2026-10-10T15:05:43.529Z","2026-10-10T15:05:43.529Z","false","2026-10-10T15:05:42.520Z","2026-10-08","https://api.worldbank.org/pip/v1/pip?country=all&year=all&fill_gaps=false&reporting_level=national&welfare_type=all&version=20260922_2021_01_02_PROD&format=json","national","national","false","survey","micro","https://datacatalog.worldbank.org/int/public-licenses#cc-by"
"PHL","2003","36.6","5.2","consistent","FIES","income","2003","36.59","5.17","2003 - 2012","20260922_2021_01_02_PROD","2026-10-10T15:05:43.529Z","2026-10-10T15:05:43.529Z","false","2026-10-10T15:05:42.520Z","2026-10-08","https://api.worldbank.org/pip/v1/pip?country=all&year=all&fill_gaps=false&reporting_level=national&welfare_type=all&version=20260922_2021_01_02_PROD&format=json","national","national","false","survey","micro","https://datacatalog.worldbank.org/int/public-licenses#cc-by"
"PHL","2006","36.6","5","consistent","FIES","income","2006","36.59","5.029999999999999","2003 - 2012","20260922_2021_01_02_PROD","2026-10-10T15:05:43.529Z","2026-10-10T15:05:43.529Z","false","2026-10-10T15:05:42.520Z","2026-10-08","https://api.worldbank.org/pip/v1/pip?country=all&year=all&fill_gaps=false&reporting_level=national&welfare_type=all&version=20260922_2021_01_02_PROD&format=json","national","national","false","survey","micro","https://datacatalog.worldbank.org/int/public-licenses#cc-by"
"PHL","2009","36.3","5.3","consistent","FIES","income","2009","36.26","5.3100000000000005","2003 - 2012","20260922_2021_01_02_PROD","2026-10-10T15:05:43.529Z","2026-10-10T15:05:43.529Z","false","2026-10-10T15:05:42.520Z","2026-10-08","https://api.worldbank.org/pip/v1/pip?country=all&year=all&fill_gaps=false&reporting_level=national&welfare_type=all&version=20260922_2021_01_02_PROD&format=json","national","national","false","survey","micro","https://datacatalog.worldbank.org/int/public-licenses#cc-by"
"PHL","2012","36.3","5.2","consistent","FIES","income","2012","36.27","5.2299999999999995","2003 - 2012","20260922_2021_01_02_PROD","2026-10-10T15:05:43.529Z","2026-10-10T15:05:43.529Z","false","2026-10-10T15:05:42.520Z","2026-10-08","https://api.worldbank.org/pip/v1/pip?country=all&year=all&fill_gaps=false&reporting_level=national&welfare_type=all&version=20260922_2021_01_02_PROD&format=json","national","national","false","survey","micro","https://datacatalog.worldbank.org/int/public-licenses#cc-by"
"PHL","2015","34.9","5.6","precision-limited","FIES","income","2015","34.92","5.640000000000001","2015 - 2023","20260922_2021_01_02_PROD","2026-10-10T15:05:43.529Z","2026-10-10T15:05:43.529Z","false","2026-10-10T15:05:42.520Z","2026-10-08","https://api.worldbank.org/pip/v1/pip?country=all&year=all&fill_gaps=false&reporting_level=national&welfare_type=all&version=20260922_2021_01_02_PROD&format=json","national","national","false","survey","micro","https://datacatalog.worldbank.org/int/public-licenses#cc-by"
"PHL","2018","33.5","6.2","consistent","FIES","income","2018","33.53","6.18","2015 - 2023","20260922_2021_01_02_PROD","2026-10-10T15:05:43.529Z","2026-10-10T15:05:43.529Z","false","2026-10-10T15:05:42.520Z","2026-10-08","https://api.worldbank.org/pip/v1/pip?country=all&year=all&fill_gaps=false&reporting_level=national&welfare_type=all&version=20260922_2021_01_02_PROD&format=json","national","national","false","survey","micro","https://datacatalog.worldbank.org/int/public-licenses#cc-by"
"PHL","2021","32.5","6.5","precision-limited","FIES","income","2021","32.5","6.550000000000001","2015 - 2023","20260922_2021_01_02_PROD","2026-10-10T15:05:43.529Z","2026-10-10T15:05:43.529Z","false","2026-10-10T15:05:42.520Z","2026-10-08","https://api.worldbank.org/pip/v1/pip?country=all&year=all&fill_gaps=false&reporting_level=national&welfare_type=all&version=20260922_2021_01_02_PROD&format=json","national","national","false","survey","micro","https://datacatalog.worldbank.org/int/public-licenses#cc-by"
"PHL","2023","31.6","6.9","consistent","FIES","income","2023","31.61","6.92","2015 - 2023","20260922_2021_01_02_PROD","2026-10-10T15:05:43.529Z","2026-10-10T15:05:43.529Z","false","2026-10-10T15:05:42.520Z","2026-10-08","https://api.worldbank.org/pip/v1/pip?country=all&year=all&fill_gaps=false&reporting_level=national&welfare_type=all&version=20260922_2021_01_02_PROD&format=json","national","national","false","survey","micro","https://datacatalog.worldbank.org/int/public-licenses#cc-by"
"POL","2000","26.1","7.9","precision-limited","HBS","consumption","2000","26.090000000000003","7.86","1998 - 2019","20260922_2021_01_02_PROD","2026-10-10T15:05:43.529Z","2026-10-10T15:05:43.529Z","false","2026-10-10T15:05:42.520Z","2026-10-08","https://api.worldbank.org/pip/v1/pip?country=all&year=all&fill_gaps=false&reporting_level=national&welfare_type=all&version=20260922_2021_01_02_PROD&format=json","national","national","false","survey","micro","https://datacatalog.worldbank.org/int/public-licenses#cc-by"
"POL","2001","25.8","7.8","precision-limited","HBS","consumption","2001","25.75","7.84","1998 - 2019","20260922_2021_01_02_PROD","2026-10-10T15:05:43.529Z","2026-10-10T15:05:43.529Z","false","2026-10-10T15:05:42.520Z","2026-10-08","https://api.worldbank.org/pip/v1/pip?country=all&year=all&fill_gaps=false&reporting_level=national&welfare_type=all&version=20260922_2021_01_02_PROD&format=json","national","national","false","survey","micro","https://datacatalog.worldbank.org/int/public-licenses#cc-by"
"POL","2002","26.7","7.6","consistent","HBS","consumption","2002","26.729999999999997","7.6","1998 - 2019","20260922_2021_01_02_PROD","2026-10-10T15:05:43.529Z","2026-10-10T15:05:43.529Z","false","2026-10-10T15:05:42.520Z","2026-10-08","https://api.worldbank.org/pip/v1/pip?country=all&year=all&fill_gaps=false&reporting_level=national&welfare_type=all&version=20260922_2021_01_02_PROD&format=json","national","national","false","survey","micro","https://datacatalog.worldbank.org/int/public-licenses#cc-by"
"POL","2003","27","7.3","consistent","HBS","consumption","2003","26.99","7.28","1998 - 2019","20260922_2021_01_02_PROD","2026-10-10T15:05:43.529Z","2026-10-10T15:05:43.529Z","false","2026-10-10T15:05:42.520Z","2026-10-08","https://api.worldbank.org/pip/v1/pip?country=all&year=all&fill_gaps=false&reporting_level=national&welfare_type=all&version=20260922_2021_01_02_PROD&format=json","national","national","false","survey","micro","https://datacatalog.worldbank.org/int/public-licenses#cc-by"
"POL","2004","28.2","5.7","consistent","EU-SILC","income","2004","28.21","5.6899999999999995","2004 - 2021","20260922_2021_01_02_PROD","2026-10-10T15:05:43.529Z","2026-10-10T15:05:43.529Z","false","2026-10-10T15:05:42.520Z","2026-10-08","https://api.worldbank.org/pip/v1/pip?country=all&year=all&fill_gaps=false&reporting_level=national&welfare_type=all&version=20260922_2021_01_02_PROD&format=json","national","national","false","survey","micro","https://datacatalog.worldbank.org/int/public-licenses#cc-by"
"POL","2005","26.8","6.4","consistent","EU-SILC","income","2005","26.8","6.43","2004 - 2021","20260922_2021_01_02_PROD","2026-10-10T15:05:43.529Z","2026-10-10T15:05:43.529Z","false","2026-10-10T15:05:42.520Z","2026-10-08","https://api.worldbank.org/pip/v1/pip?country=all&year=all&fill_gaps=false&reporting_level=national&welfare_type=all&version=20260922_2021_01_02_PROD&format=json","national","national","false","survey","micro","https://datacatalog.worldbank.org/int/public-licenses#cc-by"
"POL","2006","26.4","6.8","precision-limited","EU-SILC","income","2006","26.400000000000002","6.84","2004 - 2021","20260922_2021_01_02_PROD","2026-10-10T15:05:43.529Z","2026-10-10T15:05:43.529Z","false","2026-10-10T15:05:42.520Z","2026-10-08","https://api.worldbank.org/pip/v1/pip?country=all&year=all&fill_gaps=false&reporting_level=national&welfare_type=all&version=20260922_2021_01_02_PROD&format=json","national","national","false","survey","micro","https://datacatalog.worldbank.org/int/public-licenses#cc-by"
"POL","2007","26.4","7.2","precision-limited","EU-SILC","income","2007","26.35","7.16","2004 - 2021","20260922_2021_01_02_PROD","2026-10-10T15:05:43.529Z","2026-10-10T15:05:43.529Z","false","2026-10-10T15:05:42.520Z","2026-10-08","https://api.worldbank.org/pip/v1/pip?country=all&year=all&fill_gaps=false&reporting_level=national&welfare_type=all&version=20260922_2021_01_02_PROD&format=json","national","national","false","survey","micro","https://datacatalog.worldbank.org/int/public-licenses#cc-by"
"POL","2008","26.1","7.3","consistent","EU-SILC","income","2008","26.090000000000003","7.32","2004 - 2021","20260922_2021_01_02_PROD","2026-10-10T15:05:43.529Z","2026-10-10T15:05:43.529Z","false","2026-10-10T15:05:42.520Z","2026-10-08","https://api.worldbank.org/pip/v1/pip?country=all&year=all&fill_gaps=false&reporting_level=national&welfare_type=all&version=20260922_2021_01_02_PROD&format=json","national","national","false","survey","micro","https://datacatalog.worldbank.org/int/public-licenses#cc-by"
"POL","2009","25.8","7.3","consistent","EU-SILC","income","2009","25.82","7.2700000000000005","2004 - 2021","20260922_2021_01_02_PROD","2026-10-10T15:05:43.529Z","2026-10-10T15:05:43.529Z","false","2026-10-10T15:05:42.520Z","2026-10-08","https://api.worldbank.org/pip/v1/pip?country=all&year=all&fill_gaps=false&reporting_level=national&welfare_type=all&version=20260922_2021_01_02_PROD&format=json","national","national","false","survey","micro","https://datacatalog.worldbank.org/int/public-licenses#cc-by"
"POL","2010","25.8","7.3","consistent","EU-SILC","income","2010","25.790000000000003","7.300000000000001","2004 - 2021","20260922_2021_01_02_PROD","2026-10-10T15:05:43.529Z","2026-10-10T15:05:43.529Z","false","2026-10-10T15:05:42.520Z","2026-10-08","https://api.worldbank.org/pip/v1/pip?country=all&year=all&fill_gaps=false&reporting_level=national&welfare_type=all&version=20260922_2021_01_02_PROD&format=json","national","national","false","survey","micro","https://datacatalog.worldbank.org/int/public-licenses#cc-by"
"POL","2011","25.5","7.3","precision-limited","EU-SILC","income","2011","25.53","7.26","2004 - 2021","20260922_2021_01_02_PROD","2026-10-10T15:05:43.529Z","2026-10-10T15:05:43.529Z","false","2026-10-10T15:05:42.520Z","2026-10-08","https://api.worldbank.org/pip/v1/pip?country=all&year=all&fill_gaps=false&reporting_level=national&welfare_type=all&version=20260922_2021_01_02_PROD&format=json","national","national","false","survey","micro","https://datacatalog.worldbank.org/int/public-licenses#cc-by"
"POL","2012","25.3","7.3","precision-limited","EU-SILC","income","2012","25.290000000000003","7.26","2004 - 2021","20260922_2021_01_02_PROD","2026-10-10T15:05:43.529Z","2026-10-10T15:05:43.529Z","false","2026-10-10T15:05:42.520Z","2026-10-08","https://api.worldbank.org/pip/v1/pip?country=all&year=all&fill_gaps=false&reporting_level=national&welfare_type=all&version=20260922_2021_01_02_PROD&format=json","national","national","false","survey","micro","https://datacatalog.worldbank.org/int/public-licenses#cc-by"
"POL","2013","25.4","7.2","consistent","EU-SILC","income","2013","25.369999999999997","7.23","2004 - 2021","20260922_2021_01_02_PROD","2026-10-10T15:05:43.529Z","2026-10-10T15:05:43.529Z","false","2026-10-10T15:05:42.520Z","2026-10-08","https://api.worldbank.org/pip/v1/pip?country=all&year=all&fill_gaps=false&reporting_level=national&welfare_type=all&version=20260922_2021_01_02_PROD&format=json","national","national","false","survey","micro","https://datacatalog.worldbank.org/int/public-licenses#cc-by"
"POL","2014","25.1","7.3","precision-limited","EU-SILC","income","2014","25.15","7.249999999999999","2004 - 2021","20260922_2021_01_02_PROD","2026-10-10T15:05:43.529Z","2026-10-10T15:05:43.529Z","false","2026-10-10T15:05:42.520Z","2026-10-08","https://api.worldbank.org/pip/v1/pip?country=all&year=all&fill_gaps=false&reporting_level=national&welfare_type=all&version=20260922_2021_01_02_PROD&format=json","national","national","false","survey","micro","https://datacatalog.worldbank.org/int/public-licenses#cc-by"
"POL","2015","24.2","7.4","consistent","EU-SILC","income","2015","24.23","7.3999999999999995","2004 - 2021","20260922_2021_01_02_PROD","2026-10-10T15:05:43.529Z","2026-10-10T15:05:43.529Z","false","2026-10-10T15:05:42.520Z","2026-10-08","https://api.worldbank.org/pip/v1/pip?country=all&year=all&fill_gaps=false&reporting_level=national&welfare_type=all&version=20260922_2021_01_02_PROD&format=json","national","national","false","survey","micro","https://datacatalog.worldbank.org/int/public-licenses#cc-by"
"POL","2016","24.6","8","consistent","EU-SILC","income","2016","24.59","7.969999999999999","2004 - 2021","20260922_2021_01_02_PROD","2026-10-10T15:05:43.529Z","2026-10-10T15:05:43.529Z","false","2026-10-10T15:05:42.520Z","2026-10-08","https://api.worldbank.org/pip/v1/pip?country=all&year=all&fill_gaps=false&reporting_level=national&welfare_type=all&version=20260922_2021_01_02_PROD&format=json","national","national","false","survey","micro","https://datacatalog.worldbank.org/int/public-licenses#cc-by"
"POL","2017","23.5","8.3","consistent","EU-SILC","income","2017","23.51","8.31","2004 - 2021","20260922_2021_01_02_PROD","2026-10-10T15:05:43.529Z","2026-10-10T15:05:43.529Z","false","2026-10-10T15:05:42.520Z","2026-10-08","https://api.worldbank.org/pip/v1/pip?country=all&year=all&fill_gaps=false&reporting_level=national&welfare_type=all&version=20260922_2021_01_02_PROD&format=json","national","national","false","survey","micro","https://datacatalog.worldbank.org/int/public-licenses#cc-by"
"POL","2018","24","8.2","consistent","EU-SILC","income","2018","24.01","8.19","2004 - 2021","20260922_2021_01_02_PROD","2026-10-10T15:05:43.529Z","2026-10-10T15:05:43.529Z","false","2026-10-10T15:05:42.520Z","2026-10-08","https://api.worldbank.org/pip/v1/pip?country=all&year=all&fill_gaps=false&reporting_level=national&welfare_type=all&version=20260922_2021_01_02_PROD&format=json","national","national","false","survey","micro","https://datacatalog.worldbank.org/int/public-licenses#cc-by"
"POL","2019","23.1","8.6","consistent","EU-SILC","income","2019","23.119999999999997","8.62","2004 - 2021","20260922_2021_01_02_PROD","2026-10-10T15:05:43.529Z","2026-10-10T15:05:43.529Z","false","2026-10-10T15:05:42.520Z","2026-10-08","https://api.worldbank.org/pip/v1/pip?country=all&year=all&fill_gaps=false&reporting_level=national&welfare_type=all&version=20260922_2021_01_02_PROD&format=json","national","national","false","survey","micro","https://datacatalog.worldbank.org/int/public-licenses#cc-by"
"POL","2020","22.8","8.6","consistent","EU-SILC","income","2020","22.759999999999998","8.58","2004 - 2021","20260922_2021_01_02_PROD","2026-10-10T15:05:43.529Z","2026-10-10T15:05:43.529Z","false","2026-10-10T15:05:42.520Z","2026-10-08","https://api.worldbank.org/pip/v1/pip?country=all&year=all&fill_gaps=false&reporting_level=national&welfare_type=all&version=20260922_2021_01_02_PROD&format=json","national","national","false","survey","micro","https://datacatalog.worldbank.org/int/public-licenses#cc-by"
"POL","2021","22.8","8.6","consistent","EU-SILC","income","2021","22.8","8.59","2004 - 2021","20260922_2021_01_02_PROD","2026-10-10T15:05:43.529Z","2026-10-10T15:05:43.529Z","false","2026-10-10T15:05:42.520Z","2026-10-08","https://api.worldbank.org/pip/v1/pip?country=all&year=all&fill_gaps=false&reporting_level=national&welfare_type=all&version=20260922_2021_01_02_PROD&format=json","national","national","false","survey","micro","https://datacatalog.worldbank.org/int/public-licenses#cc-by"
"POL","2022","23.1","8.5","consistent","EU-SILC","income","2022","23.119999999999997","8.52","2022 - 2023","20260922_2021_01_02_PROD","2026-10-10T15:05:43.529Z","2026-10-10T15:05:43.529Z","false","2026-10-10T15:05:42.520Z","2026-10-08","https://api.worldbank.org/pip/v1/pip?country=all&year=all&fill_gaps=false&reporting_level=national&welfare_type=all&version=20260922_2021_01_02_PROD&format=json","national","national","false","survey","micro","https://datacatalog.worldbank.org/int/public-licenses#cc-by"
"POL","2023","22.9","8.6","consistent","EU-SILC","income","2023","22.93","8.6","2022 - 2023","20260922_2021_01_02_PROD","2026-10-10T15:05:43.529Z","2026-10-10T15:05:43.529Z","false","2026-10-10T15:05:42.520Z","2026-10-08","https://api.worldbank.org/pip/v1/pip?country=all&year=all&fill_gaps=false&reporting_level=national&welfare_type=all&version=20260922_2021_01_02_PROD&format=json","national","national","false","survey","micro","https://datacatalog.worldbank.org/int/public-licenses#cc-by"
"PRT","2003","30.2","6.2","precision-limited","EU-SILC","income","2003","30.23","6.25","2003 - 2020","20260922_2021_01_02_PROD","2026-10-10T15:05:43.529Z","2026-10-10T15:05:43.529Z","false","2026-10-10T15:05:42.520Z","2026-10-08","https://api.worldbank.org/pip/v1/pip?country=all&year=all&fill_gaps=false&reporting_level=national&welfare_type=all&version=20260922_2021_01_02_PROD&format=json","national","national","false","survey","micro","https://datacatalog.worldbank.org/int/public-licenses#cc-by"
"PRT","2004","30.9","6.4","consistent","EU-SILC","income","2004","30.86","6.41","2003 - 2020","20260922_2021_01_02_PROD","2026-10-10T15:05:43.529Z","2026-10-10T15:05:43.529Z","false","2026-10-10T15:05:42.520Z","2026-10-08","https://api.worldbank.org/pip/v1/pip?country=all&year=all&fill_gaps=false&reporting_level=national&welfare_type=all&version=20260922_2021_01_02_PROD&format=json","national","national","false","survey","micro","https://datacatalog.worldbank.org/int/public-licenses#cc-by"
"PRT","2005","30.6","6.7","precision-limited","EU-SILC","income","2005","30.570000000000004","6.659999999999999","2003 - 2020","20260922_2021_01_02_PROD","2026-10-10T15:05:43.529Z","2026-10-10T15:05:43.529Z","false","2026-10-10T15:05:42.520Z","2026-10-08","https://api.worldbank.org/pip/v1/pip?country=all&year=all&fill_gaps=false&reporting_level=national&welfare_type=all&version=20260922_2021_01_02_PROD&format=json","national","national","false","survey","micro","https://datacatalog.worldbank.org/int/public-licenses#cc-by"
"PRT","2006","29.6","6.7","precision-limited","EU-SILC","income","2006","29.65","6.7","2003 - 2020","20260922_2021_01_02_PROD","2026-10-10T15:05:43.529Z","2026-10-10T15:05:43.529Z","false","2026-10-10T15:05:42.520Z","2026-10-08","https://api.worldbank.org/pip/v1/pip?country=all&year=all&fill_gaps=false&reporting_level=national&welfare_type=all&version=20260922_2021_01_02_PROD&format=json","national","national","false","survey","micro","https://datacatalog.worldbank.org/int/public-licenses#cc-by"
"PRT","2007","28.8","6.9","precision-limited","EU-SILC","income","2007","28.849999999999998","6.8500000000000005","2003 - 2020","20260922_2021_01_02_PROD","2026-10-10T15:05:43.529Z","2026-10-10T15:05:43.529Z","false","2026-10-10T15:05:42.520Z","2026-10-08","https://api.worldbank.org/pip/v1/pip?country=all&year=all&fill_gaps=false&reporting_level=national&welfare_type=all&version=20260922_2021_01_02_PROD&format=json","national","national","false","survey","micro","https://datacatalog.worldbank.org/int/public-licenses#cc-by"
"PRT","2008","28.9","6.9","consistent","EU-SILC","income","2008","28.910000000000004","6.87","2003 - 2020","20260922_2021_01_02_PROD","2026-10-10T15:05:43.529Z","2026-10-10T15:05:43.529Z","false","2026-10-10T15:05:42.520Z","2026-10-08","https://api.worldbank.org/pip/v1/pip?country=all&year=all&fill_gaps=false&reporting_level=national&welfare_type=all&version=20260922_2021_01_02_PROD&format=json","national","national","false","survey","micro","https://datacatalog.worldbank.org/int/public-licenses#cc-by"
"PRT","2009","27.5","7.2","precision-limited","EU-SILC","income","2009","27.46","7.1499999999999995","2003 - 2020","20260922_2021_01_02_PROD","2026-10-10T15:05:43.529Z","2026-10-10T15:05:43.529Z","false","2026-10-10T15:05:42.520Z","2026-10-08","https://api.worldbank.org/pip/v1/pip?country=all&year=all&fill_gaps=false&reporting_level=national&welfare_type=all&version=20260922_2021_01_02_PROD&format=json","national","national","false","survey","micro","https://datacatalog.worldbank.org/int/public-licenses#cc-by"
"PRT","2010","28.3","7","precision-limited","EU-SILC","income","2010","28.28","7.039999999999999","2003 - 2020","20260922_2021_01_02_PROD","2026-10-10T15:05:43.529Z","2026-10-10T15:05:43.529Z","false","2026-10-10T15:05:42.520Z","2026-10-08","https://api.worldbank.org/pip/v1/pip?country=all&year=all&fill_gaps=false&reporting_level=national&welfare_type=all&version=20260922_2021_01_02_PROD&format=json","national","national","false","survey","micro","https://datacatalog.worldbank.org/int/public-licenses#cc-by"
"PRT","2011","28.7","6.8","precision-limited","EU-SILC","income","2011","28.67","6.8500000000000005","2003 - 2020","20260922_2021_01_02_PROD","2026-10-10T15:05:43.529Z","2026-10-10T15:05:43.529Z","false","2026-10-10T15:05:42.520Z","2026-10-08","https://api.worldbank.org/pip/v1/pip?country=all&year=all&fill_gaps=false&reporting_level=national&welfare_type=all&version=20260922_2021_01_02_PROD&format=json","national","national","false","survey","micro","https://datacatalog.worldbank.org/int/public-licenses#cc-by"
"PRT","2012","27.8","6.5","precision-limited","EU-SILC","income","2012","27.77","6.45","2003 - 2020","20260922_2021_01_02_PROD","2026-10-10T15:05:43.529Z","2026-10-10T15:05:43.529Z","false","2026-10-10T15:05:42.520Z","2026-10-08","https://api.worldbank.org/pip/v1/pip?country=all&year=all&fill_gaps=false&reporting_level=national&welfare_type=all&version=20260922_2021_01_02_PROD&format=json","national","national","false","survey","micro","https://datacatalog.worldbank.org/int/public-licenses#cc-by"
"PRT","2013","27.5","6.2","precision-limited","EU-SILC","income","2013","27.500000000000004","6.25","2003 - 2020","20260922_2021_01_02_PROD","2026-10-10T15:05:43.529Z","2026-10-10T15:05:43.529Z","false","2026-10-10T15:05:42.520Z","2026-10-08","https://api.worldbank.org/pip/v1/pip?country=all&year=all&fill_gaps=false&reporting_level=national&welfare_type=all&version=20260922_2021_01_02_PROD&format=json","national","national","false","survey","micro","https://datacatalog.worldbank.org/int/public-licenses#cc-by"
"PRT","2014","27.4","6.5","consistent","EU-SILC","income","2014","27.400000000000002","6.5","2003 - 2020","20260922_2021_01_02_PROD","2026-10-10T15:05:43.529Z","2026-10-10T15:05:43.529Z","false","2026-10-10T15:05:42.520Z","2026-10-08","https://api.worldbank.org/pip/v1/pip?country=all&year=all&fill_gaps=false&reporting_level=national&welfare_type=all&version=20260922_2021_01_02_PROD&format=json","national","national","false","survey","micro","https://datacatalog.worldbank.org/int/public-licenses#cc-by"
"PRT","2015","27.3","6.7","consistent","EU-SILC","income","2015","27.33","6.69","2003 - 2020","20260922_2021_01_02_PROD","2026-10-10T15:05:43.529Z","2026-10-10T15:05:43.529Z","false","2026-10-10T15:05:42.520Z","2026-10-08","https://api.worldbank.org/pip/v1/pip?country=all&year=all&fill_gaps=false&reporting_level=national&welfare_type=all&version=20260922_2021_01_02_PROD&format=json","national","national","false","survey","micro","https://datacatalog.worldbank.org/int/public-licenses#cc-by"
"PRT","2016","27.5","6.9","precision-limited","EU-SILC","income","2016","27.55","6.87","2003 - 2020","20260922_2021_01_02_PROD","2026-10-10T15:05:43.529Z","2026-10-10T15:05:43.529Z","false","2026-10-10T15:05:42.520Z","2026-10-08","https://api.worldbank.org/pip/v1/pip?country=all&year=all&fill_gaps=false&reporting_level=national&welfare_type=all&version=20260922_2021_01_02_PROD&format=json","national","national","false","survey","micro","https://datacatalog.worldbank.org/int/public-licenses#cc-by"
"PRT","2017","26.7","7.4","precision-limited","EU-SILC","income","2017","26.66","7.359999999999999","2003 - 2020","20260922_2021_01_02_PROD","2026-10-10T15:05:43.529Z","2026-10-10T15:05:43.529Z","false","2026-10-10T15:05:42.520Z","2026-10-08","https://api.worldbank.org/pip/v1/pip?country=all&year=all&fill_gaps=false&reporting_level=national&welfare_type=all&version=20260922_2021_01_02_PROD&format=json","national","national","false","survey","micro","https://datacatalog.worldbank.org/int/public-licenses#cc-by"
"PRT","2018","26.6","7.4","consistent","EU-SILC","income","2018","26.6","7.41","2003 - 2020","20260922_2021_01_02_PROD","2026-10-10T15:05:43.529Z","2026-10-10T15:05:43.529Z","false","2026-10-10T15:05:42.520Z","2026-10-08","https://api.worldbank.org/pip/v1/pip?country=all&year=all&fill_gaps=false&reporting_level=national&welfare_type=all&version=20260922_2021_01_02_PROD&format=json","national","national","false","survey","micro","https://datacatalog.worldbank.org/int/public-licenses#cc-by"
"PRT","2019","26","7.6","consistent","EU-SILC","income","2019","25.979999999999997","7.600000000000001","2003 - 2020","20260922_2021_01_02_PROD","2026-10-10T15:05:43.529Z","2026-10-10T15:05:43.529Z","false","2026-10-10T15:05:42.520Z","2026-10-08","https://api.worldbank.org/pip/v1/pip?country=all&year=all&fill_gaps=false&reporting_level=national&welfare_type=all&version=20260922_2021_01_02_PROD&format=json","national","national","false","survey","micro","https://datacatalog.worldbank.org/int/public-licenses#cc-by"
"PRT","2020","26.9","6.9","consistent","EU-SILC","income","2020","26.919999999999998","6.88","2003 - 2020","20260922_2021_01_02_PROD","2026-10-10T15:05:43.529Z","2026-10-10T15:05:43.529Z","false","2026-10-10T15:05:42.520Z","2026-10-08","https://api.worldbank.org/pip/v1/pip?country=all&year=all&fill_gaps=false&reporting_level=national&welfare_type=all&version=20260922_2021_01_02_PROD&format=json","national","national","false","survey","micro","https://datacatalog.worldbank.org/int/public-licenses#cc-by"
"PRT","2021","27.5","7.4","consistent","EU-SILC","income","2021","27.51","7.37","2021 - 2023","20260922_2021_01_02_PROD","2026-10-10T15:05:43.529Z","2026-10-10T15:05:43.529Z","false","2026-10-10T15:05:42.520Z","2026-10-08","https://api.worldbank.org/pip/v1/pip?country=all&year=all&fill_gaps=false&reporting_level=national&welfare_type=all&version=20260922_2021_01_02_PROD&format=json","national","national","false","survey","micro","https://datacatalog.worldbank.org/int/public-licenses#cc-by"
"PRT","2022","28.8","6.9","precision-limited","EU-SILC","income","2022","28.749999999999996","6.9","2021 - 2023","20260922_2021_01_02_PROD","2026-10-10T15:05:43.529Z","2026-10-10T15:05:43.529Z","false","2026-10-10T15:05:42.520Z","2026-10-08","https://api.worldbank.org/pip/v1/pip?country=all&year=all&fill_gaps=false&reporting_level=national&welfare_type=all&version=20260922_2021_01_02_PROD&format=json","national","national","false","survey","micro","https://datacatalog.worldbank.org/int/public-licenses#cc-by"
"PRT","2023","26.9","7.4","consistent","EU-SILC","income","2023","26.939999999999998","7.380000000000001","2021 - 2023","20260922_2021_01_02_PROD","2026-10-10T15:05:43.529Z","2026-10-10T15:05:43.529Z","false","2026-10-10T15:05:42.520Z","2026-10-08","https://api.worldbank.org/pip/v1/pip?country=all&year=all&fill_gaps=false&reporting_level=national&welfare_type=all&version=20260922_2021_01_02_PROD&format=json","national","national","false","survey","micro","https://datacatalog.worldbank.org/int/public-licenses#cc-by"
"QAT","2017","25.8","6.5","consistent","HIES","income","2017.5","25.77","6.5200000000000005","2017","20260922_2021_01_02_PROD","2026-10-10T15:05:43.529Z","2026-10-10T15:05:43.529Z","false","2026-10-10T15:05:42.520Z","2026-10-08","https://api.worldbank.org/pip/v1/pip?country=all&year=all&fill_gaps=false&reporting_level=national&welfare_type=all&version=20260922_2021_01_02_PROD&format=json","national","national","false","survey","group","https://datacatalog.worldbank.org/int/public-licenses#cc-by"
"ROU","2000","23.3","8.5","precision-limited","IHS","consumption","2000","23.31","8.540000000000001","1998 - 2000","20260922_2021_01_02_PROD","2026-10-10T15:05:43.529Z","2026-10-10T15:05:43.529Z","false","2026-10-10T15:05:42.520Z","2026-10-08","https://api.worldbank.org/pip/v1/pip?country=all&year=all&fill_gaps=false&reporting_level=national&welfare_type=all&version=20260922_2021_01_02_PROD&format=json","national","national","false","survey","micro","https://datacatalog.worldbank.org/int/public-licenses#cc-by"
"ROU","2001","23.2","8.4","consistent","HBS","consumption","2001","23.24","8.42","1999 - 2021","20260922_2021_01_02_PROD","2026-10-10T15:05:43.529Z","2026-10-10T15:05:43.529Z","false","2026-10-10T15:05:42.520Z","2026-10-08","https://api.worldbank.org/pip/v1/pip?country=all&year=all&fill_gaps=false&reporting_level=national&welfare_type=all&version=20260922_2021_01_02_PROD&format=json","national","national","false","survey","micro","https://datacatalog.worldbank.org/int/public-licenses#cc-by"
"ROU","2002","23.7","8.2","precision-limited","HBS","consumption","2002","23.75","8.18","1999 - 2021","20260922_2021_01_02_PROD","2026-10-10T15:05:43.529Z","2026-10-10T15:05:43.529Z","false","2026-10-10T15:05:42.520Z","2026-10-08","https://api.worldbank.org/pip/v1/pip?country=all&year=all&fill_gaps=false&reporting_level=national&welfare_type=all&version=20260922_2021_01_02_PROD&format=json","national","national","false","survey","micro","https://datacatalog.worldbank.org/int/public-licenses#cc-by"
"ROU","2003","23.7","8.4","consistent","HBS","consumption","2003","23.69","8.399999999999999","1999 - 2021","20260922_2021_01_02_PROD","2026-10-10T15:05:43.529Z","2026-10-10T15:05:43.529Z","false","2026-10-10T15:05:42.520Z","2026-10-08","https://api.worldbank.org/pip/v1/pip?country=all&year=all&fill_gaps=false&reporting_level=national&welfare_type=all&version=20260922_2021_01_02_PROD&format=json","national","national","false","survey","micro","https://datacatalog.worldbank.org/int/public-licenses#cc-by"
"ROU","2004","23.5","8.3","consistent","HBS","consumption","2004","23.53","8.27","1999 - 2021","20260922_2021_01_02_PROD","2026-10-10T15:05:43.529Z","2026-10-10T15:05:43.529Z","false","2026-10-10T15:05:42.520Z","2026-10-08","https://api.worldbank.org/pip/v1/pip?country=all&year=all&fill_gaps=false&reporting_level=national&welfare_type=all&version=20260922_2021_01_02_PROD&format=json","national","national","false","survey","micro","https://datacatalog.worldbank.org/int/public-licenses#cc-by"
"ROU","2005","23.5","8.4","consistent","HBS","consumption","2005","23.52","8.38","1999 - 2021","20260922_2021_01_02_PROD","2026-10-10T15:05:43.529Z","2026-10-10T15:05:43.529Z","false","2026-10-10T15:05:42.520Z","2026-10-08","https://api.worldbank.org/pip/v1/pip?country=all&year=all&fill_gaps=false&reporting_level=national&welfare_type=all&version=20260922_2021_01_02_PROD&format=json","national","national","false","survey","micro","https://datacatalog.worldbank.org/int/public-licenses#cc-by"
"ROU","2006","29","5","precision-limited","EU-SILC","income","2006","29.04","5.04","2006 - 2023","20260922_2021_01_02_PROD","2026-10-10T15:05:43.529Z","2026-10-10T15:05:43.529Z","false","2026-10-10T15:05:42.520Z","2026-10-08","https://api.worldbank.org/pip/v1/pip?country=all&year=all&fill_gaps=false&reporting_level=national&welfare_type=all&version=20260922_2021_01_02_PROD&format=json","national","national","false","survey","micro","https://datacatalog.worldbank.org/int/public-licenses#cc-by"
"ROU","2007","27.4","5.5","consistent","EU-SILC","income","2007","27.439999999999998","5.52","2006 - 2023","20260922_2021_01_02_PROD","2026-10-10T15:05:43.529Z","2026-10-10T15:05:43.529Z","false","2026-10-10T15:05:42.520Z","2026-10-08","https://api.worldbank.org/pip/v1/pip?country=all&year=all&fill_gaps=false&reporting_level=national&welfare_type=all&version=20260922_2021_01_02_PROD&format=json","national","national","false","survey","micro","https://datacatalog.worldbank.org/int/public-licenses#cc-by"
"ROU","2008","26.5","5.8","consistent","EU-SILC","income","2008","26.51","5.779999999999999","2006 - 2023","20260922_2021_01_02_PROD","2026-10-10T15:05:43.529Z","2026-10-10T15:05:43.529Z","false","2026-10-10T15:05:42.520Z","2026-10-08","https://api.worldbank.org/pip/v1/pip?country=all&year=all&fill_gaps=false&reporting_level=national&welfare_type=all&version=20260922_2021_01_02_PROD&format=json","national","national","false","survey","micro","https://datacatalog.worldbank.org/int/public-licenses#cc-by"
"ROU","2009","25.7","6","consistent","EU-SILC","income","2009","25.72","5.970000000000001","2006 - 2023","20260922_2021_01_02_PROD","2026-10-10T15:05:43.529Z","2026-10-10T15:05:43.529Z","false","2026-10-10T15:05:42.520Z","2026-10-08","https://api.worldbank.org/pip/v1/pip?country=all&year=all&fill_gaps=false&reporting_level=national&welfare_type=all&version=20260922_2021_01_02_PROD&format=json","national","national","false","survey","micro","https://datacatalog.worldbank.org/int/public-licenses#cc-by"
"ROU","2010","25","5.7","precision-limited","EU-SILC","income","2010","25.019999999999996","5.75","2006 - 2023","20260922_2021_01_02_PROD","2026-10-10T15:05:43.529Z","2026-10-10T15:05:43.529Z","false","2026-10-10T15:05:42.520Z","2026-10-08","https://api.worldbank.org/pip/v1/pip?country=all&year=all&fill_gaps=false&reporting_level=national&welfare_type=all&version=20260922_2021_01_02_PROD&format=json","national","national","false","survey","micro","https://datacatalog.worldbank.org/int/public-licenses#cc-by"
"ROU","2011","24.9","5.6","precision-limited","EU-SILC","income","2011","24.87","5.56","2006 - 2023","20260922_2021_01_02_PROD","2026-10-10T15:05:43.529Z","2026-10-10T15:05:43.529Z","false","2026-10-10T15:05:42.520Z","2026-10-08","https://api.worldbank.org/pip/v1/pip?country=all&year=all&fill_gaps=false&reporting_level=national&welfare_type=all&version=20260922_2021_01_02_PROD&format=json","national","national","false","survey","micro","https://datacatalog.worldbank.org/int/public-licenses#cc-by"
"ROU","2012","25.4","5.3","precision-limited","EU-SILC","income","2012","25.45","5.34","2006 - 2023","20260922_2021_01_02_PROD","2026-10-10T15:05:43.529Z","2026-10-10T15:05:43.529Z","false","2026-10-10T15:05:42.520Z","2026-10-08","https://api.worldbank.org/pip/v1/pip?country=all&year=all&fill_gaps=false&reporting_level=national&welfare_type=all&version=20260922_2021_01_02_PROD&format=json","national","national","false","survey","micro","https://datacatalog.worldbank.org/int/public-licenses#cc-by"
"ROU","2013","25.4","5","consistent","EU-SILC","income","2013","25.41","4.97","2006 - 2023","20260922_2021_01_02_PROD","2026-10-10T15:05:43.529Z","2026-10-10T15:05:43.529Z","false","2026-10-10T15:05:42.520Z","2026-10-08","https://api.worldbank.org/pip/v1/pip?country=all&year=all&fill_gaps=false&reporting_level=national&welfare_type=all&version=20260922_2021_01_02_PROD&format=json","national","national","false","survey","micro","https://datacatalog.worldbank.org/int/public-licenses#cc-by"
"ROU","2014","24.5","4.9","consistent","EU-SILC","income","2014","24.490000000000002","4.88","2006 - 2023","20260922_2021_01_02_PROD","2026-10-10T15:05:43.529Z","2026-10-10T15:05:43.529Z","false","2026-10-10T15:05:42.520Z","2026-10-08","https://api.worldbank.org/pip/v1/pip?country=all&year=all&fill_gaps=false&reporting_level=national&welfare_type=all&version=20260922_2021_01_02_PROD&format=json","national","national","false","survey","micro","https://datacatalog.worldbank.org/int/public-licenses#cc-by"
"ROU","2015","24.8","5.1","consistent","EU-SILC","income","2015","24.759999999999998","5.08","2006 - 2023","20260922_2021_01_02_PROD","2026-10-10T15:05:43.529Z","2026-10-10T15:05:43.529Z","false","2026-10-10T15:05:42.520Z","2026-10-08","https://api.worldbank.org/pip/v1/pip?country=all&year=all&fill_gaps=false&reporting_level=national&welfare_type=all&version=20260922_2021_01_02_PROD&format=json","national","national","false","survey","micro","https://datacatalog.worldbank.org/int/public-licenses#cc-by"
"ROU","2016","23.7","5.6","consistent","EU-SILC","income","2016","23.7","5.57","2006 - 2023","20260922_2021_01_02_PROD","2026-10-10T15:05:43.529Z","2026-10-10T15:05:43.529Z","false","2026-10-10T15:05:42.520Z","2026-10-08","https://api.worldbank.org/pip/v1/pip?country=all&year=all&fill_gaps=false&reporting_level=national&welfare_type=all&version=20260922_2021_01_02_PROD&format=json","national","national","false","survey","micro","https://datacatalog.worldbank.org/int/public-licenses#cc-by"
"ROU","2017","24.9","5.3","consistent","EU-SILC","income","2017","24.86","5.27","2006 - 2023","20260922_2021_01_02_PROD","2026-10-10T15:05:43.529Z","2026-10-10T15:05:43.529Z","false","2026-10-10T15:05:42.520Z","2026-10-08","https://api.worldbank.org/pip/v1/pip?country=all&year=all&fill_gaps=false&reporting_level=national&welfare_type=all&version=20260922_2021_01_02_PROD&format=json","national","national","false","survey","micro","https://datacatalog.worldbank.org/int/public-licenses#cc-by"
"ROU","2018","24.9","5.4","consistent","EU-SILC","income","2018","24.92","5.42","2006 - 2023","20260922_2021_01_02_PROD","2026-10-10T15:05:43.529Z","2026-10-10T15:05:43.529Z","false","2026-10-10T15:05:42.520Z","2026-10-08","https://api.worldbank.org/pip/v1/pip?country=all&year=all&fill_gaps=false&reporting_level=national&welfare_type=all&version=20260922_2021_01_02_PROD&format=json","national","national","false","survey","micro","https://datacatalog.worldbank.org/int/public-licenses#cc-by"
"ROU","2019","24.5","5.7","precision-limited","EU-SILC","income","2019","24.47","5.66","2006 - 2023","20260922_2021_01_02_PROD","2026-10-10T15:05:43.529Z","2026-10-10T15:05:43.529Z","false","2026-10-10T15:05:42.520Z","2026-10-08","https://api.worldbank.org/pip/v1/pip?country=all&year=all&fill_gaps=false&reporting_level=national&welfare_type=all&version=20260922_2021_01_02_PROD&format=json","national","national","false","survey","micro","https://datacatalog.worldbank.org/int/public-licenses#cc-by"
"ROU","2020","24.2","5.6","precision-limited","EU-SILC","income","2020","24.240000000000002","5.5600000000000005","2006 - 2023","20260922_2021_01_02_PROD","2026-10-10T15:05:43.529Z","2026-10-10T15:05:43.529Z","false","2026-10-10T15:05:42.520Z","2026-10-08","https://api.worldbank.org/pip/v1/pip?country=all&year=all&fill_gaps=false&reporting_level=national&welfare_type=all&version=20260922_2021_01_02_PROD&format=json","national","national","false","survey","micro","https://datacatalog.worldbank.org/int/public-licenses#cc-by"
"ROU","2021","24","6","consistent","EU-SILC","income","2021","24","6.03","2006 - 2023","20260922_2021_01_02_PROD","2026-10-10T15:05:43.529Z","2026-10-10T15:05:43.529Z","false","2026-10-10T15:05:42.520Z","2026-10-08","https://api.worldbank.org/pip/v1/pip?country=all&year=all&fill_gaps=false&reporting_level=national&welfare_type=all&version=20260922_2021_01_02_PROD&format=json","national","national","false","survey","micro","https://datacatalog.worldbank.org/int/public-licenses#cc-by"
"ROU","2022","22.6","5.9","precision-limited","EU-SILC","income","2022","22.64","5.86","2006 - 2023","20260922_2021_01_02_PROD","2026-10-10T15:05:43.529Z","2026-10-10T15:05:43.529Z","false","2026-10-10T15:05:42.520Z","2026-10-08","https://api.worldbank.org/pip/v1/pip?country=all&year=all&fill_gaps=false&reporting_level=national&welfare_type=all&version=20260922_2021_01_02_PROD&format=json","national","national","false","survey","micro","https://datacatalog.worldbank.org/int/public-licenses#cc-by"
"ROU","2023","21.8","7","consistent","EU-SILC","income","2023","21.790000000000003","7.000000000000001","2006 - 2023","20260922_2021_01_02_PROD","2026-10-10T15:05:43.529Z","2026-10-10T15:05:43.529Z","false","2026-10-10T15:05:42.520Z","2026-10-08","https://api.worldbank.org/pip/v1/pip?country=all&year=all&fill_gaps=false&reporting_level=national&welfare_type=all&version=20260922_2021_01_02_PROD&format=json","national","national","false","survey","micro","https://datacatalog.worldbank.org/int/public-licenses#cc-by"
"RUS","2000","27.6","6.4","consistent","HBS","consumption","2000","27.62","6.43","1997 - 2014","20260922_2021_01_02_PROD","2026-10-10T15:05:43.529Z","2026-10-10T15:05:43.529Z","false","2026-10-10T15:05:42.520Z","2026-10-08","https://api.worldbank.org/pip/v1/pip?country=all&year=all&fill_gaps=false&reporting_level=national&welfare_type=all&version=20260922_2021_01_02_PROD&format=json","national","national","false","survey","micro","https://datacatalog.worldbank.org/int/public-licenses#cc-by"
"RUS","2001","27.9","6.6","precision-limited","HBS","consumption","2001","27.85","6.619999999999999","1997 - 2014","20260922_2021_01_02_PROD","2026-10-10T15:05:43.529Z","2026-10-10T15:05:43.529Z","false","2026-10-10T15:05:42.520Z","2026-10-08","https://api.worldbank.org/pip/v1/pip?country=all&year=all&fill_gaps=false&reporting_level=national&welfare_type=all&version=20260922_2021_01_02_PROD&format=json","national","national","false","survey","micro","https://datacatalog.worldbank.org/int/public-licenses#cc-by"
"RUS","2002","28.1","6.6","precision-limited","HBS","consumption","2002","28.139999999999997","6.64","1997 - 2014","20260922_2021_01_02_PROD","2026-10-10T15:05:43.529Z","2026-10-10T15:05:43.529Z","false","2026-10-10T15:05:42.520Z","2026-10-08","https://api.worldbank.org/pip/v1/pip?country=all&year=all&fill_gaps=false&reporting_level=national&welfare_type=all&version=20260922_2021_01_02_PROD&format=json","national","national","false","survey","micro","https://datacatalog.worldbank.org/int/public-licenses#cc-by"
"RUS","2003","30.3","6.1","consistent","HBS","consumption","2003","30.320000000000004","6.069999999999999","1997 - 2014","20260922_2021_01_02_PROD","2026-10-10T15:05:43.529Z","2026-10-10T15:05:43.529Z","false","2026-10-10T15:05:42.520Z","2026-10-08","https://api.worldbank.org/pip/v1/pip?country=all&year=all&fill_gaps=false&reporting_level=national&welfare_type=all&version=20260922_2021_01_02_PROD&format=json","national","national","false","survey","micro","https://datacatalog.worldbank.org/int/public-licenses#cc-by"
"RUS","2004","30.5","6","consistent","HBS","consumption","2004","30.490000000000002","5.97","1997 - 2014","20260922_2021_01_02_PROD","2026-10-10T15:05:43.529Z","2026-10-10T15:05:43.529Z","false","2026-10-10T15:05:42.520Z","2026-10-08","https://api.worldbank.org/pip/v1/pip?country=all&year=all&fill_gaps=false&reporting_level=national&welfare_type=all&version=20260922_2021_01_02_PROD&format=json","national","national","false","survey","micro","https://datacatalog.worldbank.org/int/public-licenses#cc-by"
"RUS","2005","31.2","5.8","consistent","HBS","consumption","2005","31.230000000000004","5.83","1997 - 2014","20260922_2021_01_02_PROD","2026-10-10T15:05:43.529Z","2026-10-10T15:05:43.529Z","false","2026-10-10T15:05:42.520Z","2026-10-08","https://api.worldbank.org/pip/v1/pip?country=all&year=all&fill_gaps=false&reporting_level=national&welfare_type=all&version=20260922_2021_01_02_PROD&format=json","national","national","false","survey","micro","https://datacatalog.worldbank.org/int/public-licenses#cc-by"
"RUS","2006","31.3","5.9","consistent","HBS","consumption","2006","31.269999999999996","5.8999999999999995","1997 - 2014","20260922_2021_01_02_PROD","2026-10-10T15:05:43.529Z","2026-10-10T15:05:43.529Z","false","2026-10-10T15:05:42.520Z","2026-10-08","https://api.worldbank.org/pip/v1/pip?country=all&year=all&fill_gaps=false&reporting_level=national&welfare_type=all&version=20260922_2021_01_02_PROD&format=json","national","national","false","survey","micro","https://datacatalog.worldbank.org/int/public-licenses#cc-by"
"RUS","2007","32.8","5.8","consistent","HBS","consumption","2007","32.76","5.79","1997 - 2014","20260922_2021_01_02_PROD","2026-10-10T15:05:43.529Z","2026-10-10T15:05:43.529Z","false","2026-10-10T15:05:42.520Z","2026-10-08","https://api.worldbank.org/pip/v1/pip?country=all&year=all&fill_gaps=false&reporting_level=national&welfare_type=all&version=20260922_2021_01_02_PROD&format=json","national","national","false","survey","micro","https://datacatalog.worldbank.org/int/public-licenses#cc-by"
"RUS","2008","32.5","6.1","precision-limited","HBS","consumption","2008","32.49","6.0600000000000005","1997 - 2014","20260922_2021_01_02_PROD","2026-10-10T15:05:43.529Z","2026-10-10T15:05:43.529Z","false","2026-10-10T15:05:42.520Z","2026-10-08","https://api.worldbank.org/pip/v1/pip?country=all&year=all&fill_gaps=false&reporting_level=national&welfare_type=all&version=20260922_2021_01_02_PROD&format=json","national","national","false","survey","micro","https://datacatalog.worldbank.org/int/public-licenses#cc-by"
"RUS","2009","31.1","6.4","consistent","HBS","consumption","2009","31.080000000000002","6.4","1997 - 2014","20260922_2021_01_02_PROD","2026-10-10T15:05:43.529Z","2026-10-10T15:05:43.529Z","false","2026-10-10T15:05:42.520Z","2026-10-08","https://api.worldbank.org/pip/v1/pip?country=all&year=all&fill_gaps=false&reporting_level=national&welfare_type=all&version=20260922_2021_01_02_PROD&format=json","national","national","false","survey","micro","https://datacatalog.worldbank.org/int/public-licenses#cc-by"
"RUS","2010","30.6","6.4","consistent","HBS","consumption","2010","30.61","6.41","1997 - 2014","20260922_2021_01_02_PROD","2026-10-10T15:05:43.529Z","2026-10-10T15:05:43.529Z","false","2026-10-10T15:05:42.520Z","2026-10-08","https://api.worldbank.org/pip/v1/pip?country=all&year=all&fill_gaps=false&reporting_level=national&welfare_type=all&version=20260922_2021_01_02_PROD&format=json","national","national","false","survey","micro","https://datacatalog.worldbank.org/int/public-licenses#cc-by"
"RUS","2011","31.1","6.5","precision-limited","HBS","consumption","2011","31.11","6.45","1997 - 2014","20260922_2021_01_02_PROD","2026-10-10T15:05:43.529Z","2026-10-10T15:05:43.529Z","false","2026-10-10T15:05:42.520Z","2026-10-08","https://api.worldbank.org/pip/v1/pip?country=all&year=all&fill_gaps=false&reporting_level=national&welfare_type=all&version=20260922_2021_01_02_PROD&format=json","national","national","false","survey","micro","https://datacatalog.worldbank.org/int/public-licenses#cc-by"
"RUS","2012","32.2","6.3","precision-limited","HBS","consumption","2012","32.17","6.34","1997 - 2014","20260922_2021_01_02_PROD","2026-10-10T15:05:43.529Z","2026-10-10T15:05:43.529Z","false","2026-10-10T15:05:42.520Z","2026-10-08","https://api.worldbank.org/pip/v1/pip?country=all&year=all&fill_gaps=false&reporting_level=national&welfare_type=all&version=20260922_2021_01_02_PROD&format=json","national","national","false","survey","micro","https://datacatalog.worldbank.org/int/public-licenses#cc-by"
"RUS","2013","32.4","6.4","precision-limited","HBS","consumption","2013","32.45","6.370000000000001","1997 - 2014","20260922_2021_01_02_PROD","2026-10-10T15:05:43.529Z","2026-10-10T15:05:43.529Z","false","2026-10-10T15:05:42.520Z","2026-10-08","https://api.worldbank.org/pip/v1/pip?country=all&year=all&fill_gaps=false&reporting_level=national&welfare_type=all&version=20260922_2021_01_02_PROD&format=json","national","national","false","survey","micro","https://datacatalog.worldbank.org/int/public-licenses#cc-by"
"RUS","2014","27.5","6.2","consistent","VNDN","income","2014","27.49","6.21","2014 - 2023","20260922_2021_01_02_PROD","2026-10-10T15:05:43.529Z","2026-10-10T15:05:43.529Z","false","2026-10-10T15:05:42.520Z","2026-10-08","https://api.worldbank.org/pip/v1/pip?country=all&year=all&fill_gaps=false&reporting_level=national&welfare_type=all&version=20260922_2021_01_02_PROD&format=json","national","national","false","survey","micro","https://datacatalog.worldbank.org/int/public-licenses#cc-by"
"RUS","2015","26.8","6.2","precision-limited","VNDN","income","2015","26.779999999999998","6.16","2014 - 2023","20260922_2021_01_02_PROD","2026-10-10T15:05:43.529Z","2026-10-10T15:05:43.529Z","false","2026-10-10T15:05:42.520Z","2026-10-08","https://api.worldbank.org/pip/v1/pip?country=all&year=all&fill_gaps=false&reporting_level=national&welfare_type=all&version=20260922_2021_01_02_PROD&format=json","national","national","false","survey","micro","https://datacatalog.worldbank.org/int/public-licenses#cc-by"
"RUS","2016","27","6.2","precision-limited","VNDN","income","2016","27.029999999999998","6.239999999999999","2014 - 2023","20260922_2021_01_02_PROD","2026-10-10T15:05:43.529Z","2026-10-10T15:05:43.529Z","false","2026-10-10T15:05:42.520Z","2026-10-08","https://api.worldbank.org/pip/v1/pip?country=all&year=all&fill_gaps=false&reporting_level=national&welfare_type=all&version=20260922_2021_01_02_PROD&format=json","national","national","false","survey","micro","https://datacatalog.worldbank.org/int/public-licenses#cc-by"
"RUS","2017","26.2","6.5","consistent","VNDN","income","2017","26.200000000000003","6.529999999999999","2014 - 2023","20260922_2021_01_02_PROD","2026-10-10T15:05:43.529Z","2026-10-10T15:05:43.529Z","false","2026-10-10T15:05:42.520Z","2026-10-08","https://api.worldbank.org/pip/v1/pip?country=all&year=all&fill_gaps=false&reporting_level=national&welfare_type=all&version=20260922_2021_01_02_PROD&format=json","national","national","false","survey","micro","https://datacatalog.worldbank.org/int/public-licenses#cc-by"
"RUS","2018","26.3","6.7","consistent","VNDN","income","2018","26.31","6.710000000000001","2014 - 2023","20260922_2021_01_02_PROD","2026-10-10T15:05:43.529Z","2026-10-10T15:05:43.529Z","false","2026-10-10T15:05:42.520Z","2026-10-08","https://api.worldbank.org/pip/v1/pip?country=all&year=all&fill_gaps=false&reporting_level=national&welfare_type=all&version=20260922_2021_01_02_PROD&format=json","national","national","false","survey","micro","https://datacatalog.worldbank.org/int/public-licenses#cc-by"
"RUS","2019","26.9","6.7","consistent","VNDN","income","2019","26.889999999999997","6.68","2014 - 2023","20260922_2021_01_02_PROD","2026-10-10T15:05:43.529Z","2026-10-10T15:05:43.529Z","false","2026-10-10T15:05:42.520Z","2026-10-08","https://api.worldbank.org/pip/v1/pip?country=all&year=all&fill_gaps=false&reporting_level=national&welfare_type=all&version=20260922_2021_01_02_PROD&format=json","national","national","false","survey","micro","https://datacatalog.worldbank.org/int/public-licenses#cc-by"
"RUS","2020","25.7","7.4","precision-limited","VNDN","income","2020","25.729999999999997","7.359999999999999","2014 - 2023","20260922_2021_01_02_PROD","2026-10-10T15:05:43.529Z","2026-10-10T15:05:43.529Z","false","2026-10-10T15:05:42.520Z","2026-10-08","https://api.worldbank.org/pip/v1/pip?country=all&year=all&fill_gaps=false&reporting_level=national&welfare_type=all&version=20260922_2021_01_02_PROD&format=json","national","national","false","survey","micro","https://datacatalog.worldbank.org/int/public-licenses#cc-by"
"RUS","2021","26.6","6.9","precision-limited","VNDN","income","2021","26.63","6.950000000000001","2014 - 2023","20260922_2021_01_02_PROD","2026-10-10T15:05:43.529Z","2026-10-10T15:05:43.529Z","false","2026-10-10T15:05:42.520Z","2026-10-08","https://api.worldbank.org/pip/v1/pip?country=all&year=all&fill_gaps=false&reporting_level=national&welfare_type=all&version=20260922_2021_01_02_PROD&format=json","national","national","false","survey","micro","https://datacatalog.worldbank.org/int/public-licenses#cc-by"
"RUS","2022","26.2","7.5","consistent","VNDN","income","2022","26.19","7.5200000000000005","2014 - 2023","20260922_2021_01_02_PROD","2026-10-10T15:05:43.529Z","2026-10-10T15:05:43.529Z","false","2026-10-10T15:05:42.520Z","2026-10-08","https://api.worldbank.org/pip/v1/pip?country=all&year=all&fill_gaps=false&reporting_level=national&welfare_type=all&version=20260922_2021_01_02_PROD&format=json","national","national","false","survey","micro","https://datacatalog.worldbank.org/int/public-licenses#cc-by"
"RUS","2023","25.1","7.7","consistent","VNDN","income","2023","25.1","7.670000000000001","2014 - 2023","20260922_2021_01_02_PROD","2026-10-10T15:05:43.529Z","2026-10-10T15:05:43.529Z","false","2026-10-10T15:05:42.520Z","2026-10-08","https://api.worldbank.org/pip/v1/pip?country=all&year=all&fill_gaps=false&reporting_level=national&welfare_type=all&version=20260922_2021_01_02_PROD&format=json","national","national","false","survey","micro","https://datacatalog.worldbank.org/int/public-licenses#cc-by"
"RWA","2000","40.8","5.2","consistent","EICV-I","consumption","2000.38","40.79","5.21","2000 - 2016","20260922_2021_01_02_PROD","2026-10-10T15:05:43.529Z","2026-10-10T15:05:43.529Z","false","2026-10-10T15:05:42.520Z","2026-10-08","https://api.worldbank.org/pip/v1/pip?country=all&year=all&fill_gaps=false&reporting_level=national&welfare_type=all&version=20260922_2021_01_02_PROD&format=json","national","national","false","survey","micro","https://datacatalog.worldbank.org/int/public-licenses#cc-by"
"RWA","2005","43.9","4.6","precision-limited","EICV-II","consumption","2005.75","43.87","4.55","2000 - 2016","20260922_2021_01_02_PROD","2026-10-10T15:05:43.529Z","2026-10-10T15:05:43.529Z","false","2026-10-10T15:05:42.520Z","2026-10-08","https://api.worldbank.org/pip/v1/pip?country=all&year=all&fill_gaps=false&reporting_level=national&welfare_type=all&version=20260922_2021_01_02_PROD&format=json","national","national","false","survey","micro","https://datacatalog.worldbank.org/int/public-licenses#cc-by"
"RWA","2010","39.8","5.6","precision-limited","EICV-III","consumption","2010.83","39.77","5.640000000000001","2000 - 2016","20260922_2021_01_02_PROD","2026-10-10T15:05:43.529Z","2026-10-10T15:05:43.529Z","false","2026-10-10T15:05:42.520Z","2026-10-08","https://api.worldbank.org/pip/v1/pip?country=all&year=all&fill_gaps=false&reporting_level=national&welfare_type=all&version=20260922_2021_01_02_PROD&format=json","national","national","false","survey","micro","https://datacatalog.worldbank.org/int/public-licenses#cc-by"
"RWA","2013","37.9","6","precision-limited","EICV-IV","consumption","2013.75","37.93","5.96","2000 - 2016","20260922_2021_01_02_PROD","2026-10-10T15:05:43.529Z","2026-10-10T15:05:43.529Z","false","2026-10-10T15:05:42.520Z","2026-10-08","https://api.worldbank.org/pip/v1/pip?country=all&year=all&fill_gaps=false&reporting_level=national&welfare_type=all&version=20260922_2021_01_02_PROD&format=json","national","national","false","survey","micro","https://datacatalog.worldbank.org/int/public-licenses#cc-by"
"RWA","2016","35.6","6","consistent","EICV-V","consumption","2016.77","35.63","6.03","2000 - 2016","20260922_2021_01_02_PROD","2026-10-10T15:05:43.529Z","2026-10-10T15:05:43.529Z","false","2026-10-10T15:05:42.520Z","2026-10-08","https://api.worldbank.org/pip/v1/pip?country=all&year=all&fill_gaps=false&reporting_level=national&welfare_type=all&version=20260922_2021_01_02_PROD&format=json","national","national","false","survey","micro","https://datacatalog.worldbank.org/int/public-licenses#cc-by"
"RWA","2023","33.4","7.4","consistent","EICV7","consumption","2023.77","33.410000000000004","7.37","2023","20260922_2021_01_02_PROD","2026-10-10T15:05:43.529Z","2026-10-10T15:05:43.529Z","false","2026-10-10T15:05:42.520Z","2026-10-08","https://api.worldbank.org/pip/v1/pip?country=all&year=all&fill_gaps=false&reporting_level=national&welfare_type=all&version=20260922_2021_01_02_PROD&format=json","national","national","false","survey","micro","https://datacatalog.worldbank.org/int/public-licenses#cc-by"
"WSM","2002","32.5","6.3","consistent","HIES","consumption","2002","32.48","6.2700000000000005","2002 - 2013","20260922_2021_01_02_PROD","2026-10-10T15:05:43.529Z","2026-10-10T15:05:43.529Z","false","2026-10-10T15:05:42.520Z","2026-10-08","https://api.worldbank.org/pip/v1/pip?country=all&year=all&fill_gaps=false&reporting_level=national&welfare_type=all&version=20260922_2021_01_02_PROD&format=json","national","national","false","survey","micro","https://datacatalog.worldbank.org/int/public-licenses#cc-by"
"WSM","2008","34","6.4","consistent","HIES","consumption","2008","34.01","6.41","2002 - 2013","20260922_2021_01_02_PROD","2026-10-10T15:05:43.529Z","2026-10-10T15:05:43.529Z","false","2026-10-10T15:05:42.520Z","2026-10-08","https://api.worldbank.org/pip/v1/pip?country=all&year=all&fill_gaps=false&reporting_level=national&welfare_type=all&version=20260922_2021_01_02_PROD&format=json","national","national","false","survey","micro","https://datacatalog.worldbank.org/int/public-licenses#cc-by"
"WSM","2013","31.3","6.8","precision-limited","HIES","consumption","2013.25","31.290000000000003","6.8500000000000005","2002 - 2013","20260922_2021_01_02_PROD","2026-10-10T15:05:43.529Z","2026-10-10T15:05:43.529Z","false","2026-10-10T15:05:42.520Z","2026-10-08","https://api.worldbank.org/pip/v1/pip?country=all&year=all&fill_gaps=false&reporting_level=national&welfare_type=all&version=20260922_2021_01_02_PROD&format=json","national","national","false","survey","micro","https://datacatalog.worldbank.org/int/public-licenses#cc-by"
"STP","2000","24.5","8","precision-limited","IOF","consumption","2000.5","24.54","7.949999999999998","2000","20260922_2021_01_02_PROD","2026-10-10T15:05:43.529Z","2026-10-10T15:05:43.529Z","false","2026-10-10T15:05:42.520Z","2026-10-08","https://api.worldbank.org/pip/v1/pip?country=all&year=all&fill_gaps=false&reporting_level=national&welfare_type=all&version=20260922_2021_01_02_PROD&format=json","national","national","false","survey","micro","https://datacatalog.worldbank.org/int/public-licenses#cc-by"
"STP","2010","24.2","8.4","consistent","IOF","consumption","2010","24.169999999999998","8.38","2010","20260922_2021_01_02_PROD","2026-10-10T15:05:43.529Z","2026-10-10T15:05:43.529Z","false","2026-10-10T15:05:42.520Z","2026-10-08","https://api.worldbank.org/pip/v1/pip?country=all&year=all&fill_gaps=false&reporting_level=national&welfare_type=all&version=20260922_2021_01_02_PROD&format=json","national","national","false","survey","micro","https://datacatalog.worldbank.org/int/public-licenses#cc-by"
"STP","2017","32.8","6.4","precision-limited","IOF","consumption","2017","32.800000000000004","6.4399999999999995","2017","20260922_2021_01_02_PROD","2026-10-10T15:05:43.529Z","2026-10-10T15:05:43.529Z","false","2026-10-10T15:05:42.520Z","2026-10-08","https://api.worldbank.org/pip/v1/pip?country=all&year=all&fill_gaps=false&reporting_level=national&welfare_type=all&version=20260922_2021_01_02_PROD&format=json","national","national","false","survey","micro","https://datacatalog.worldbank.org/int/public-licenses#cc-by"
"SEN","2001","33.4","6.6","consistent","ESAM-II","consumption","2001.31","33.44","6.569999999999999","2001","20260922_2021_01_02_PROD","2026-10-10T15:05:43.529Z","2026-10-10T15:05:43.529Z","false","2026-10-10T15:05:42.520Z","2026-10-08","https://api.worldbank.org/pip/v1/pip?country=all&year=all&fill_gaps=false&reporting_level=national&welfare_type=all&version=20260922_2021_01_02_PROD&format=json","national","national","false","survey","micro","https://datacatalog.worldbank.org/int/public-licenses#cc-by"
"SEN","2005","30","6.2","precision-limited","ESPS-I","consumption","2005.8","30.04","6.239999999999999","2005 - 2011","20260922_2021_01_02_PROD","2026-10-10T15:05:43.529Z","2026-10-10T15:05:43.529Z","false","2026-10-10T15:05:42.520Z","2026-10-08","https://api.worldbank.org/pip/v1/pip?country=all&year=all&fill_gaps=false&reporting_level=national&welfare_type=all&version=20260922_2021_01_02_PROD&format=json","national","national","false","survey","micro","https://datacatalog.worldbank.org/int/public-licenses#cc-by"
"SEN","2011","31","6.1","consistent","ESPS-II","consumption","2011.29","31.04","6.07","2005 - 2011","20260922_2021_01_02_PROD","2026-10-10T15:05:43.529Z","2026-10-10T15:05:43.529Z","false","2026-10-10T15:05:42.520Z","2026-10-08","https://api.worldbank.org/pip/v1/pip?country=all&year=all&fill_gaps=false&reporting_level=national&welfare_type=all&version=20260922_2021_01_02_PROD&format=json","national","national","false","survey","micro","https://datacatalog.worldbank.org/int/public-licenses#cc-by"
"SEN","2018","30.8","7.1","consistent","EHCVM","consumption","2018.5","30.78","7.07","2018 - 2021","20260922_2021_01_02_PROD","2026-10-10T15:05:43.529Z","2026-10-10T15:05:43.529Z","false","2026-10-10T15:05:42.520Z","2026-10-08","https://api.worldbank.org/pip/v1/pip?country=all&year=all&fill_gaps=false&reporting_level=national&welfare_type=all&version=20260922_2021_01_02_PROD&format=json","national","national","false","survey","micro","https://datacatalog.worldbank.org/int/public-licenses#cc-by"
"SEN","2021","28.8","7.3","consistent","EHCVM","consumption","2021.71","28.83","7.31","2018 - 2021","20260922_2021_01_02_PROD","2026-10-10T15:05:43.529Z","2026-10-10T15:05:43.529Z","false","2026-10-10T15:05:42.520Z","2026-10-08","https://api.worldbank.org/pip/v1/pip?country=all&year=all&fill_gaps=false&reporting_level=national&welfare_type=all&version=20260922_2021_01_02_PROD&format=json","national","national","false","survey","micro","https://datacatalog.worldbank.org/int/public-licenses#cc-by"
"SRB","2002","26.2","8","consistent","LSMS","consumption","2002","26.21","7.980000000000001","2002","20260922_2021_01_02_PROD","2026-10-10T15:05:43.529Z","2026-10-10T15:05:43.529Z","false","2026-10-10T15:05:42.520Z","2026-10-08","https://api.worldbank.org/pip/v1/pip?country=all&year=all&fill_gaps=false&reporting_level=national&welfare_type=all&version=20260922_2021_01_02_PROD&format=json","national","national","false","survey","micro","https://datacatalog.worldbank.org/int/public-licenses#cc-by"
"SRB","2003","26","7.8","consistent","HBS","consumption","2003","25.990000000000002","7.819999999999999","2003 - 2019","20260922_2021_01_02_PROD","2026-10-10T15:05:43.529Z","2026-10-10T15:05:43.529Z","false","2026-10-10T15:05:42.520Z","2026-10-08","https://api.worldbank.org/pip/v1/pip?country=all&year=all&fill_gaps=false&reporting_level=national&welfare_type=all&version=20260922_2021_01_02_PROD&format=json","national","national","false","survey","micro","https://datacatalog.worldbank.org/int/public-licenses#cc-by"
"SRB","2004","27.9","7.3","consistent","HBS","consumption","2004","27.889999999999997","7.290000000000001","2003 - 2019","20260922_2021_01_02_PROD","2026-10-10T15:05:43.529Z","2026-10-10T15:05:43.529Z","false","2026-10-10T15:05:42.520Z","2026-10-08","https://api.worldbank.org/pip/v1/pip?country=all&year=all&fill_gaps=false&reporting_level=national&welfare_type=all&version=20260922_2021_01_02_PROD&format=json","national","national","false","survey","micro","https://datacatalog.worldbank.org/int/public-licenses#cc-by"
"SRB","2005","28.7","6.9","precision-limited","HBS","consumption","2005","28.73","6.859999999999999","2003 - 2019","20260922_2021_01_02_PROD","2026-10-10T15:05:43.529Z","2026-10-10T15:05:43.529Z","false","2026-10-10T15:05:42.520Z","2026-10-08","https://api.worldbank.org/pip/v1/pip?country=all&year=all&fill_gaps=false&reporting_level=national&welfare_type=all&version=20260922_2021_01_02_PROD&format=json","national","national","false","survey","micro","https://datacatalog.worldbank.org/int/public-licenses#cc-by"
"SRB","2006","23.8","8.5","precision-limited","HBS","consumption","2006","23.77","8.540000000000001","2003 - 2019","20260922_2021_01_02_PROD","2026-10-10T15:05:43.529Z","2026-10-10T15:05:43.529Z","false","2026-10-10T15:05:42.520Z","2026-10-08","https://api.worldbank.org/pip/v1/pip?country=all&year=all&fill_gaps=false&reporting_level=national&welfare_type=all&version=20260922_2021_01_02_PROD&format=json","national","national","false","survey","micro","https://datacatalog.worldbank.org/int/public-licenses#cc-by"
"SRB","2007","23.2","8.9","precision-limited","HBS","consumption","2007","23.189999999999998","8.86","2003 - 2019","20260922_2021_01_02_PROD","2026-10-10T15:05:43.529Z","2026-10-10T15:05:43.529Z","false","2026-10-10T15:05:42.520Z","2026-10-08","https://api.worldbank.org/pip/v1/pip?country=all&year=all&fill_gaps=false&reporting_level=national&welfare_type=all&version=20260922_2021_01_02_PROD&format=json","national","national","false","survey","micro","https://datacatalog.worldbank.org/int/public-licenses#cc-by"
"SRB","2008","22.5","9.3","consistent","HBS","consumption","2008","22.46","9.28","2003 - 2019","20260922_2021_01_02_PROD","2026-10-10T15:05:43.529Z","2026-10-10T15:05:43.529Z","false","2026-10-10T15:05:42.520Z","2026-10-08","https://api.worldbank.org/pip/v1/pip?country=all&year=all&fill_gaps=false&reporting_level=national&welfare_type=all&version=20260922_2021_01_02_PROD&format=json","national","national","false","survey","micro","https://datacatalog.worldbank.org/int/public-licenses#cc-by"
"SRB","2009","22.5","9","consistent","HBS","consumption","2009","22.49","9.010000000000002","2003 - 2019","20260922_2021_01_02_PROD","2026-10-10T15:05:43.529Z","2026-10-10T15:05:43.529Z","false","2026-10-10T15:05:42.520Z","2026-10-08","https://api.worldbank.org/pip/v1/pip?country=all&year=all&fill_gaps=false&reporting_level=national&welfare_type=all&version=20260922_2021_01_02_PROD&format=json","national","national","false","survey","micro","https://datacatalog.worldbank.org/int/public-licenses#cc-by"
"SRB","2010","23","8.6","precision-limited","HBS","consumption","2010","22.98","8.649999999999999","2003 - 2019","20260922_2021_01_02_PROD","2026-10-10T15:05:43.529Z","2026-10-10T15:05:43.529Z","false","2026-10-10T15:05:42.520Z","2026-10-08","https://api.worldbank.org/pip/v1/pip?country=all&year=all&fill_gaps=false&reporting_level=national&welfare_type=all&version=20260922_2021_01_02_PROD&format=json","national","national","false","survey","micro","https://datacatalog.worldbank.org/int/public-licenses#cc-by"
"SRB","2012","28.6","4.7","precision-limited","EU-SILC","income","2012","28.64","4.74","2012 - 2023","20260922_2021_01_02_PROD","2026-10-10T15:05:43.529Z","2026-10-10T15:05:43.529Z","false","2026-10-10T15:05:42.520Z","2026-10-08","https://api.worldbank.org/pip/v1/pip?country=all&year=all&fill_gaps=false&reporting_level=national&welfare_type=all&version=20260922_2021_01_02_PROD&format=json","national","national","false","survey","micro","https://datacatalog.worldbank.org/int/public-licenses#cc-by"
"SRB","2013","28.2","4.7","consistent","EU-SILC","income","2013","28.17","4.7","2012 - 2023","20260922_2021_01_02_PROD","2026-10-10T15:05:43.529Z","2026-10-10T15:05:43.529Z","false","2026-10-10T15:05:42.520Z","2026-10-08","https://api.worldbank.org/pip/v1/pip?country=all&year=all&fill_gaps=false&reporting_level=national&welfare_type=all&version=20260922_2021_01_02_PROD&format=json","national","national","false","survey","micro","https://datacatalog.worldbank.org/int/public-licenses#cc-by"
"SRB","2014","28.6","4.3","consistent","EU-SILC","income","2014","28.610000000000003","4.31","2012 - 2023","20260922_2021_01_02_PROD","2026-10-10T15:05:43.529Z","2026-10-10T15:05:43.529Z","false","2026-10-10T15:05:42.520Z","2026-10-08","https://api.worldbank.org/pip/v1/pip?country=all&year=all&fill_gaps=false&reporting_level=national&welfare_type=all&version=20260922_2021_01_02_PROD&format=json","national","national","false","survey","micro","https://datacatalog.worldbank.org/int/public-licenses#cc-by"
"SRB","2015","29.2","4.4","consistent","EU-SILC","income","2015","29.18","4.41","2012 - 2023","20260922_2021_01_02_PROD","2026-10-10T15:05:43.529Z","2026-10-10T15:05:43.529Z","false","2026-10-10T15:05:42.520Z","2026-10-08","https://api.worldbank.org/pip/v1/pip?country=all&year=all&fill_gaps=false&reporting_level=national&welfare_type=all&version=20260922_2021_01_02_PROD&format=json","national","national","false","survey","micro","https://datacatalog.worldbank.org/int/public-licenses#cc-by"
"SRB","2016","27.3","4.5","consistent","EU-SILC","income","2016","27.29","4.51","2012 - 2023","20260922_2021_01_02_PROD","2026-10-10T15:05:43.529Z","2026-10-10T15:05:43.529Z","false","2026-10-10T15:05:42.520Z","2026-10-08","https://api.worldbank.org/pip/v1/pip?country=all&year=all&fill_gaps=false&reporting_level=national&welfare_type=all&version=20260922_2021_01_02_PROD&format=json","national","national","false","survey","micro","https://datacatalog.worldbank.org/int/public-licenses#cc-by"
"SRB","2017","25.5","5.2","precision-limited","EU-SILC","income","2017","25.55","5.19","2012 - 2023","20260922_2021_01_02_PROD","2026-10-10T15:05:43.529Z","2026-10-10T15:05:43.529Z","false","2026-10-10T15:05:42.520Z","2026-10-08","https://api.worldbank.org/pip/v1/pip?country=all&year=all&fill_gaps=false&reporting_level=national&welfare_type=all&version=20260922_2021_01_02_PROD&format=json","national","national","false","survey","micro","https://datacatalog.worldbank.org/int/public-licenses#cc-by"
"SRB","2018","25.4","5.9","precision-limited","EU-SILC","income","2018","25.45","5.91","2012 - 2023","20260922_2021_01_02_PROD","2026-10-10T15:05:43.529Z","2026-10-10T15:05:43.529Z","false","2026-10-10T15:05:42.520Z","2026-10-08","https://api.worldbank.org/pip/v1/pip?country=all&year=all&fill_gaps=false&reporting_level=national&welfare_type=all&version=20260922_2021_01_02_PROD&format=json","national","national","false","survey","micro","https://datacatalog.worldbank.org/int/public-licenses#cc-by"
"SRB","2019","26","6.4","consistent","EU-SILC","income","2019","25.96","6.39","2012 - 2023","20260922_2021_01_02_PROD","2026-10-10T15:05:43.529Z","2026-10-10T15:05:43.529Z","false","2026-10-10T15:05:42.520Z","2026-10-08","https://api.worldbank.org/pip/v1/pip?country=all&year=all&fill_gaps=false&reporting_level=national&welfare_type=all&version=20260922_2021_01_02_PROD&format=json","national","national","false","survey","micro","https://datacatalog.worldbank.org/int/public-licenses#cc-by"
"SRB","2020","27.1","6.6","precision-limited","EU-SILC","income","2020","27.139999999999997","6.559999999999999","2012 - 2023","20260922_2021_01_02_PROD","2026-10-10T15:05:43.529Z","2026-10-10T15:05:43.529Z","false","2026-10-10T15:05:42.520Z","2026-10-08","https://api.worldbank.org/pip/v1/pip?country=all&year=all&fill_gaps=false&reporting_level=national&welfare_type=all&version=20260922_2021_01_02_PROD&format=json","national","national","false","survey","micro","https://datacatalog.worldbank.org/int/public-licenses#cc-by"
"SRB","2021","25.9","7.1","consistent","EU-SILC","income","2021","25.900000000000002","7.089999999999999","2012 - 2023","20260922_2021_01_02_PROD","2026-10-10T15:05:43.529Z","2026-10-10T15:05:43.529Z","false","2026-10-10T15:05:42.520Z","2026-10-08","https://api.worldbank.org/pip/v1/pip?country=all&year=all&fill_gaps=false&reporting_level=national&welfare_type=all&version=20260922_2021_01_02_PROD&format=json","national","national","false","survey","micro","https://datacatalog.worldbank.org/int/public-licenses#cc-by"
"SRB","2022","24.7","6.9","precision-limited","EU-SILC","income","2022","24.7","6.859999999999999","2012 - 2023","20260922_2021_01_02_PROD","2026-10-10T15:05:43.529Z","2026-10-10T15:05:43.529Z","false","2026-10-10T15:05:42.520Z","2026-10-08","https://api.worldbank.org/pip/v1/pip?country=all&year=all&fill_gaps=false&reporting_level=national&welfare_type=all&version=20260922_2021_01_02_PROD&format=json","national","national","false","survey","micro","https://datacatalog.worldbank.org/int/public-licenses#cc-by"
"SRB","2023","24.7","6.9","consistent","EU-SILC","income","2023","24.73","6.93","2012 - 2023","20260922_2021_01_02_PROD","2026-10-10T15:05:43.529Z","2026-10-10T15:05:43.529Z","false","2026-10-10T15:05:42.520Z","2026-10-08","https://api.worldbank.org/pip/v1/pip?country=all&year=all&fill_gaps=false&reporting_level=national&welfare_type=all&version=20260922_2021_01_02_PROD&format=json","national","national","false","survey","micro","https://datacatalog.worldbank.org/int/public-licenses#cc-by"
"SYC","2006","33.7","5.8","precision-limited","HBS","consumption","2006.43","33.71","5.84","2006","20260922_2021_01_02_PROD","2026-10-10T15:05:43.529Z","2026-10-10T15:05:43.529Z","false","2026-10-10T15:05:42.520Z","2026-10-08","https://api.worldbank.org/pip/v1/pip?country=all&year=all&fill_gaps=false&reporting_level=national&welfare_type=all&version=20260922_2021_01_02_PROD&format=json","national","national","false","survey","micro","https://datacatalog.worldbank.org/int/public-licenses#cc-by"
"SYC","2013","39.9","5.4","consistent","HBS","income","2013","39.87","5.42","2013 - 2018","20260922_2021_01_02_PROD","2026-10-10T15:05:43.529Z","2026-10-10T15:05:43.529Z","false","2026-10-10T15:05:42.520Z","2026-10-08","https://api.worldbank.org/pip/v1/pip?country=all&year=all&fill_gaps=false&reporting_level=national&welfare_type=all&version=20260922_2021_01_02_PROD&format=json","national","national","false","survey","micro","https://datacatalog.worldbank.org/int/public-licenses#cc-by"
"SYC","2018","23.9","7.1","consistent","HBS","income","2018.08","23.87","7.12","2013 - 2018","20260922_2021_01_02_PROD","2026-10-10T15:05:43.529Z","2026-10-10T15:05:43.529Z","false","2026-10-10T15:05:42.520Z","2026-10-08","https://api.worldbank.org/pip/v1/pip?country=all&year=all&fill_gaps=false&reporting_level=national&welfare_type=all&version=20260922_2021_01_02_PROD&format=json","national","national","false","survey","micro","https://datacatalog.worldbank.org/int/public-licenses#cc-by"
"SLE","2003","31.9","6.6","consistent","SLIHS","consumption","2003.25","31.919999999999998","6.6000000000000005","2003 - 2018","20260922_2021_01_02_PROD","2026-10-10T15:05:43.529Z","2026-10-10T15:05:43.529Z","false","2026-10-10T15:05:42.520Z","2026-10-08","https://api.worldbank.org/pip/v1/pip?country=all&year=all&fill_gaps=false&reporting_level=national&welfare_type=all&version=20260922_2021_01_02_PROD&format=json","national","national","false","survey","micro","https://datacatalog.worldbank.org/int/public-licenses#cc-by"
"SLE","2011","26.9","7.9","consistent","SLIHS","consumption","2011","26.91","7.91","2003 - 2018","20260922_2021_01_02_PROD","2026-10-10T15:05:43.529Z","2026-10-10T15:05:43.529Z","false","2026-10-10T15:05:42.520Z","2026-10-08","https://api.worldbank.org/pip/v1/pip?country=all&year=all&fill_gaps=false&reporting_level=national&welfare_type=all&version=20260922_2021_01_02_PROD&format=json","national","national","false","survey","micro","https://datacatalog.worldbank.org/int/public-licenses#cc-by"
"SLE","2018","29.4","7.9","consistent","SLIHS","consumption","2018","29.39","7.9","2003 - 2018","20260922_2021_01_02_PROD","2026-10-10T15:05:43.529Z","2026-10-10T15:05:43.529Z","false","2026-10-10T15:05:42.520Z","2026-10-08","https://api.worldbank.org/pip/v1/pip?country=all&year=all&fill_gaps=false&reporting_level=national&welfare_type=all&version=20260922_2021_01_02_PROD&format=json","national","national","false","survey","micro","https://datacatalog.worldbank.org/int/public-licenses#cc-by"
"SVK","2004","22.1","8.7","precision-limited","EU-SILC","income","2004","22.05","8.68","2004 - 2023","20260922_2021_01_02_PROD","2026-10-10T15:05:43.529Z","2026-10-10T15:05:43.529Z","false","2026-10-10T15:05:42.520Z","2026-10-08","https://api.worldbank.org/pip/v1/pip?country=all&year=all&fill_gaps=false&reporting_level=national&welfare_type=all&version=20260922_2021_01_02_PROD&format=json","national","national","false","survey","micro","https://datacatalog.worldbank.org/int/public-licenses#cc-by"
"SVK","2005","24.9","8.7","consistent","EU-SILC","income","2005","24.91","8.709999999999999","2004 - 2023","20260922_2021_01_02_PROD","2026-10-10T15:05:43.529Z","2026-10-10T15:05:43.529Z","false","2026-10-10T15:05:42.520Z","2026-10-08","https://api.worldbank.org/pip/v1/pip?country=all&year=all&fill_gaps=false&reporting_level=national&welfare_type=all&version=20260922_2021_01_02_PROD&format=json","national","national","false","survey","micro","https://datacatalog.worldbank.org/int/public-licenses#cc-by"
"SVK","2006","21.8","9.3","consistent","EU-SILC","income","2006","21.81","9.309999999999999","2004 - 2023","20260922_2021_01_02_PROD","2026-10-10T15:05:43.529Z","2026-10-10T15:05:43.529Z","false","2026-10-10T15:05:42.520Z","2026-10-08","https://api.worldbank.org/pip/v1/pip?country=all&year=all&fill_gaps=false&reporting_level=national&welfare_type=all&version=20260922_2021_01_02_PROD&format=json","national","national","false","survey","micro","https://datacatalog.worldbank.org/int/public-licenses#cc-by"
"SVK","2007","20.8","9.5","consistent","EU-SILC","income","2007","20.76","9.5","2004 - 2023","20260922_2021_01_02_PROD","2026-10-10T15:05:43.529Z","2026-10-10T15:05:43.529Z","false","2026-10-10T15:05:42.520Z","2026-10-08","https://api.worldbank.org/pip/v1/pip?country=all&year=all&fill_gaps=false&reporting_level=national&welfare_type=all&version=20260922_2021_01_02_PROD&format=json","national","national","false","survey","micro","https://datacatalog.worldbank.org/int/public-licenses#cc-by"
"SVK","2008","21.4","9.2","precision-limited","EU-SILC","income","2008","21.36","9.15","2004 - 2023","20260922_2021_01_02_PROD","2026-10-10T15:05:43.529Z","2026-10-10T15:05:43.529Z","false","2026-10-10T15:05:42.520Z","2026-10-08","https://api.worldbank.org/pip/v1/pip?country=all&year=all&fill_gaps=false&reporting_level=national&welfare_type=all&version=20260922_2021_01_02_PROD&format=json","national","national","false","survey","micro","https://datacatalog.worldbank.org/int/public-licenses#cc-by"
"SVK","2009","21.8","8.6","consistent","EU-SILC","income","2009","21.78","8.610000000000001","2004 - 2023","20260922_2021_01_02_PROD","2026-10-10T15:05:43.529Z","2026-10-10T15:05:43.529Z","false","2026-10-10T15:05:42.520Z","2026-10-08","https://api.worldbank.org/pip/v1/pip?country=all&year=all&fill_gaps=false&reporting_level=national&welfare_type=all&version=20260922_2021_01_02_PROD&format=json","national","national","false","survey","micro","https://datacatalog.worldbank.org/int/public-licenses#cc-by"
"SVK","2010","21.9","8.5","precision-limited","EU-SILC","income","2010","21.85","8.51","2004 - 2023","20260922_2021_01_02_PROD","2026-10-10T15:05:43.529Z","2026-10-10T15:05:43.529Z","false","2026-10-10T15:05:42.520Z","2026-10-08","https://api.worldbank.org/pip/v1/pip?country=all&year=all&fill_gaps=false&reporting_level=national&welfare_type=all&version=20260922_2021_01_02_PROD&format=json","national","national","false","survey","micro","https://datacatalog.worldbank.org/int/public-licenses#cc-by"
"SVK","2011","21","8.7","precision-limited","EU-SILC","income","2011","20.96","8.66","2004 - 2023","20260922_2021_01_02_PROD","2026-10-10T15:05:43.529Z","2026-10-10T15:05:43.529Z","false","2026-10-10T15:05:42.520Z","2026-10-08","https://api.worldbank.org/pip/v1/pip?country=all&year=all&fill_gaps=false&reporting_level=national&welfare_type=all&version=20260922_2021_01_02_PROD&format=json","national","national","false","survey","micro","https://datacatalog.worldbank.org/int/public-licenses#cc-by"
"SVK","2012","20.5","8.6","consistent","EU-SILC","income","2012","20.5","8.62","2004 - 2023","20260922_2021_01_02_PROD","2026-10-10T15:05:43.529Z","2026-10-10T15:05:43.529Z","false","2026-10-10T15:05:42.520Z","2026-10-08","https://api.worldbank.org/pip/v1/pip?country=all&year=all&fill_gaps=false&reporting_level=national&welfare_type=all&version=20260922_2021_01_02_PROD&format=json","national","national","false","survey","micro","https://datacatalog.worldbank.org/int/public-licenses#cc-by"
"SVK","2013","22.2","8.3","consistent","EU-SILC","income","2013","22.16","8.27","2004 - 2023","20260922_2021_01_02_PROD","2026-10-10T15:05:43.529Z","2026-10-10T15:05:43.529Z","false","2026-10-10T15:05:42.520Z","2026-10-08","https://api.worldbank.org/pip/v1/pip?country=all&year=all&fill_gaps=false&reporting_level=national&welfare_type=all&version=20260922_2021_01_02_PROD&format=json","national","national","false","survey","micro","https://datacatalog.worldbank.org/int/public-licenses#cc-by"
"SVK","2014","20.3","8.4","consistent","EU-SILC","income","2014","20.27","8.39","2004 - 2023","20260922_2021_01_02_PROD","2026-10-10T15:05:43.529Z","2026-10-10T15:05:43.529Z","false","2026-10-10T15:05:42.520Z","2026-10-08","https://api.worldbank.org/pip/v1/pip?country=all&year=all&fill_gaps=false&reporting_level=national&welfare_type=all&version=20260922_2021_01_02_PROD&format=json","national","national","false","survey","micro","https://datacatalog.worldbank.org/int/public-licenses#cc-by"
"SVK","2015","20.9","8.5","consistent","EU-SILC","income","2015","20.94","8.5","2004 - 2023","20260922_2021_01_02_PROD","2026-10-10T15:05:43.529Z","2026-10-10T15:05:43.529Z","false","2026-10-10T15:05:42.520Z","2026-10-08","https://api.worldbank.org/pip/v1/pip?country=all&year=all&fill_gaps=false&reporting_level=national&welfare_type=all&version=20260922_2021_01_02_PROD&format=json","national","national","false","survey","micro","https://datacatalog.worldbank.org/int/public-licenses#cc-by"
"SVK","2016","19.9","8.7","consistent","EU-SILC","income","2016","19.900000000000002","8.7","2004 - 2023","20260922_2021_01_02_PROD","2026-10-10T15:05:43.529Z","2026-10-10T15:05:43.529Z","false","2026-10-10T15:05:42.520Z","2026-10-08","https://api.worldbank.org/pip/v1/pip?country=all&year=all&fill_gaps=false&reporting_level=national&welfare_type=all&version=20260922_2021_01_02_PROD&format=json","national","national","false","survey","micro","https://datacatalog.worldbank.org/int/public-licenses#cc-by"
"SVK","2017","18.4","9.4","precision-limited","EU-SILC","income","2017","18.45","9.36","2004 - 2023","20260922_2021_01_02_PROD","2026-10-10T15:05:43.529Z","2026-10-10T15:05:43.529Z","false","2026-10-10T15:05:42.520Z","2026-10-08","https://api.worldbank.org/pip/v1/pip?country=all&year=all&fill_gaps=false&reporting_level=national&welfare_type=all&version=20260922_2021_01_02_PROD&format=json","national","national","false","survey","micro","https://datacatalog.worldbank.org/int/public-licenses#cc-by"
"SVK","2018","19.6","8.8","precision-limited","EU-SILC","income","2018","19.55","8.84","2004 - 2023","20260922_2021_01_02_PROD","2026-10-10T15:05:43.529Z","2026-10-10T15:05:43.529Z","false","2026-10-10T15:05:42.520Z","2026-10-08","https://api.worldbank.org/pip/v1/pip?country=all&year=all&fill_gaps=false&reporting_level=national&welfare_type=all&version=20260922_2021_01_02_PROD&format=json","national","national","false","survey","micro","https://datacatalog.worldbank.org/int/public-licenses#cc-by"
"SVK","2019","18.8","9.5","consistent","EU-SILC","income","2019","18.8","9.520000000000001","2004 - 2023","20260922_2021_01_02_PROD","2026-10-10T15:05:43.529Z","2026-10-10T15:05:43.529Z","false","2026-10-10T15:05:42.520Z","2026-10-08","https://api.worldbank.org/pip/v1/pip?country=all&year=all&fill_gaps=false&reporting_level=national&welfare_type=all&version=20260922_2021_01_02_PROD&format=json","national","national","false","survey","micro","https://datacatalog.worldbank.org/int/public-licenses#cc-by"
"SVK","2020","19","9.1","consistent","EU-SILC","income","2020","19.040000000000003","9.11","2004 - 2023","20260922_2021_01_02_PROD","2026-10-10T15:05:43.529Z","2026-10-10T15:05:43.529Z","false","2026-10-10T15:05:42.520Z","2026-10-08","https://api.worldbank.org/pip/v1/pip?country=all&year=all&fill_gaps=false&reporting_level=national&welfare_type=all&version=20260922_2021_01_02_PROD&format=json","national","national","false","survey","micro","https://datacatalog.worldbank.org/int/public-licenses#cc-by"
"SVK","2021","19.1","9.1","precision-limited","EU-SILC","income","2021","19.13","9.14","2004 - 2023","20260922_2021_01_02_PROD","2026-10-10T15:05:43.529Z","2026-10-10T15:05:43.529Z","false","2026-10-10T15:05:42.520Z","2026-10-08","https://api.worldbank.org/pip/v1/pip?country=all&year=all&fill_gaps=false&reporting_level=national&welfare_type=all&version=20260922_2021_01_02_PROD&format=json","national","national","false","survey","micro","https://datacatalog.worldbank.org/int/public-licenses#cc-by"
"SVK","2022","18.2","8.4","consistent","EU-SILC","income","2022","18.22","8.43","2004 - 2023","20260922_2021_01_02_PROD","2026-10-10T15:05:43.529Z","2026-10-10T15:05:43.529Z","false","2026-10-10T15:05:42.520Z","2026-10-08","https://api.worldbank.org/pip/v1/pip?country=all&year=all&fill_gaps=false&reporting_level=national&welfare_type=all&version=20260922_2021_01_02_PROD&format=json","national","national","false","survey","micro","https://datacatalog.worldbank.org/int/public-licenses#cc-by"
"SVK","2023","18.8","9.1","precision-limited","EU-SILC","income","2023","18.790000000000003","9.049999999999999","2004 - 2023","20260922_2021_01_02_PROD","2026-10-10T15:05:43.529Z","2026-10-10T15:05:43.529Z","false","2026-10-10T15:05:42.520Z","2026-10-08","https://api.worldbank.org/pip/v1/pip?country=all&year=all&fill_gaps=false&reporting_level=national&welfare_type=all&version=20260922_2021_01_02_PROD&format=json","national","national","false","survey","micro","https://datacatalog.worldbank.org/int/public-licenses#cc-by"
"SVN","2002","23","8.7","consistent","HBS","consumption","2002","23.03","8.67","1998 - 2003","20260922_2021_01_02_PROD","2026-10-10T15:05:43.529Z","2026-10-10T15:05:43.529Z","false","2026-10-10T15:05:42.520Z","2026-10-08","https://api.worldbank.org/pip/v1/pip?country=all&year=all&fill_gaps=false&reporting_level=national&welfare_type=all&version=20260922_2021_01_02_PROD&format=json","national","national","false","survey","micro","https://datacatalog.worldbank.org/int/public-licenses#cc-by"
"SVN","2003","23.6","8.2","consistent","HBS","consumption","2003","23.56","8.17","1998 - 2003","20260922_2021_01_02_PROD","2026-10-10T15:05:43.529Z","2026-10-10T15:05:43.529Z","false","2026-10-10T15:05:42.520Z","2026-10-08","https://api.worldbank.org/pip/v1/pip?country=all&year=all&fill_gaps=false&reporting_level=national&welfare_type=all&version=20260922_2021_01_02_PROD&format=json","national","national","false","survey","micro","https://datacatalog.worldbank.org/int/public-licenses#cc-by"
"SVN","2004","20.6","9.8","consistent","EU-SILC","income","2004","20.64","9.82","2004 - 2023","20260922_2021_01_02_PROD","2026-10-10T15:05:43.529Z","2026-10-10T15:05:43.529Z","false","2026-10-10T15:05:42.520Z","2026-10-08","https://api.worldbank.org/pip/v1/pip?country=all&year=all&fill_gaps=false&reporting_level=national&welfare_type=all&version=20260922_2021_01_02_PROD&format=json","national","national","false","survey","micro","https://datacatalog.worldbank.org/int/public-licenses#cc-by"
"SVN","2005","20.6","9.9","consistent","EU-SILC","income","2005","20.580000000000002","9.9","2004 - 2023","20260922_2021_01_02_PROD","2026-10-10T15:05:43.529Z","2026-10-10T15:05:43.529Z","false","2026-10-10T15:05:42.520Z","2026-10-08","https://api.worldbank.org/pip/v1/pip?country=all&year=all&fill_gaps=false&reporting_level=national&welfare_type=all&version=20260922_2021_01_02_PROD&format=json","national","national","false","survey","micro","https://datacatalog.worldbank.org/int/public-licenses#cc-by"
"SVN","2006","20.3","10","precision-limited","EU-SILC","income","2006","20.349999999999998","9.969999999999999","2004 - 2023","20260922_2021_01_02_PROD","2026-10-10T15:05:43.529Z","2026-10-10T15:05:43.529Z","false","2026-10-10T15:05:42.520Z","2026-10-08","https://api.worldbank.org/pip/v1/pip?country=all&year=all&fill_gaps=false&reporting_level=national&welfare_type=all&version=20260922_2021_01_02_PROD&format=json","national","national","false","survey","micro","https://datacatalog.worldbank.org/int/public-licenses#cc-by"
"SVN","2007","20.4","10","consistent","EU-SILC","income","2007","20.39","9.969999999999999","2004 - 2023","20260922_2021_01_02_PROD","2026-10-10T15:05:43.529Z","2026-10-10T15:05:43.529Z","false","2026-10-10T15:05:42.520Z","2026-10-08","https://api.worldbank.org/pip/v1/pip?country=all&year=all&fill_gaps=false&reporting_level=national&welfare_type=all&version=20260922_2021_01_02_PROD&format=json","national","national","false","survey","micro","https://datacatalog.worldbank.org/int/public-licenses#cc-by"
"SVN","2008","20.1","10.2","consistent","EU-SILC","income","2008","20.13","10.22","2004 - 2023","20260922_2021_01_02_PROD","2026-10-10T15:05:43.529Z","2026-10-10T15:05:43.529Z","false","2026-10-10T15:05:42.520Z","2026-10-08","https://api.worldbank.org/pip/v1/pip?country=all&year=all&fill_gaps=false&reporting_level=national&welfare_type=all&version=20260922_2021_01_02_PROD&format=json","national","national","false","survey","micro","https://datacatalog.worldbank.org/int/public-licenses#cc-by"
"SVN","2009","20.6","9.9","precision-limited","EU-SILC","income","2009","20.62","9.85","2004 - 2023","20260922_2021_01_02_PROD","2026-10-10T15:05:43.529Z","2026-10-10T15:05:43.529Z","false","2026-10-10T15:05:42.520Z","2026-10-08","https://api.worldbank.org/pip/v1/pip?country=all&year=all&fill_gaps=false&reporting_level=national&welfare_type=all&version=20260922_2021_01_02_PROD&format=json","national","national","false","survey","micro","https://datacatalog.worldbank.org/int/public-licenses#cc-by"
"SVN","2010","20.7","9.7","consistent","EU-SILC","income","2010","20.74","9.69","2004 - 2023","20260922_2021_01_02_PROD","2026-10-10T15:05:43.529Z","2026-10-10T15:05:43.529Z","false","2026-10-10T15:05:42.520Z","2026-10-08","https://api.worldbank.org/pip/v1/pip?country=all&year=all&fill_gaps=false&reporting_level=national&welfare_type=all&version=20260922_2021_01_02_PROD&format=json","national","national","false","survey","micro","https://datacatalog.worldbank.org/int/public-licenses#cc-by"
"SVN","2011","20.8","9.7","precision-limited","EU-SILC","income","2011","20.76","9.74","2004 - 2023","20260922_2021_01_02_PROD","2026-10-10T15:05:43.529Z","2026-10-10T15:05:43.529Z","false","2026-10-10T15:05:42.520Z","2026-10-08","https://api.worldbank.org/pip/v1/pip?country=all&year=all&fill_gaps=false&reporting_level=national&welfare_type=all&version=20260922_2021_01_02_PROD&format=json","national","national","false","survey","micro","https://datacatalog.worldbank.org/int/public-licenses#cc-by"
"SVN","2012","21.1","9.4","precision-limited","EU-SILC","income","2012","21.07","9.44","2004 - 2023","20260922_2021_01_02_PROD","2026-10-10T15:05:43.529Z","2026-10-10T15:05:43.529Z","false","2026-10-10T15:05:42.520Z","2026-10-08","https://api.worldbank.org/pip/v1/pip?country=all&year=all&fill_gaps=false&reporting_level=national&welfare_type=all&version=20260922_2021_01_02_PROD&format=json","national","national","false","survey","micro","https://datacatalog.worldbank.org/int/public-licenses#cc-by"
"SVN","2013","21.4","9.2","consistent","EU-SILC","income","2013","21.4","9.19","2004 - 2023","20260922_2021_01_02_PROD","2026-10-10T15:05:43.529Z","2026-10-10T15:05:43.529Z","false","2026-10-10T15:05:42.520Z","2026-10-08","https://api.worldbank.org/pip/v1/pip?country=all&year=all&fill_gaps=false&reporting_level=national&welfare_type=all&version=20260922_2021_01_02_PROD&format=json","national","national","false","survey","micro","https://datacatalog.worldbank.org/int/public-licenses#cc-by"
"SVN","2014","21.2","9.4","precision-limited","EU-SILC","income","2014","21.17","9.44","2004 - 2023","20260922_2021_01_02_PROD","2026-10-10T15:05:43.529Z","2026-10-10T15:05:43.529Z","false","2026-10-10T15:05:42.520Z","2026-10-08","https://api.worldbank.org/pip/v1/pip?country=all&year=all&fill_gaps=false&reporting_level=national&welfare_type=all&version=20260922_2021_01_02_PROD&format=json","national","national","false","survey","micro","https://datacatalog.worldbank.org/int/public-licenses#cc-by"
"SVN","2015","21","9.6","precision-limited","EU-SILC","income","2015","21.05","9.559999999999999","2004 - 2023","20260922_2021_01_02_PROD","2026-10-10T15:05:43.529Z","2026-10-10T15:05:43.529Z","false","2026-10-10T15:05:42.520Z","2026-10-08","https://api.worldbank.org/pip/v1/pip?country=all&year=all&fill_gaps=false&reporting_level=national&welfare_type=all&version=20260922_2021_01_02_PROD&format=json","national","national","false","survey","micro","https://datacatalog.worldbank.org/int/public-licenses#cc-by"
"SVN","2016","20.6","9.7","precision-limited","EU-SILC","income","2016","20.630000000000003","9.75","2004 - 2023","20260922_2021_01_02_PROD","2026-10-10T15:05:43.529Z","2026-10-10T15:05:43.529Z","false","2026-10-10T15:05:42.520Z","2026-10-08","https://api.worldbank.org/pip/v1/pip?country=all&year=all&fill_gaps=false&reporting_level=national&welfare_type=all&version=20260922_2021_01_02_PROD&format=json","national","national","false","survey","micro","https://datacatalog.worldbank.org/int/public-licenses#cc-by"
"SVN","2017","20.4","10","consistent","EU-SILC","income","2017","20.419999999999998","10.01","2004 - 2023","20260922_2021_01_02_PROD","2026-10-10T15:05:43.529Z","2026-10-10T15:05:43.529Z","false","2026-10-10T15:05:42.520Z","2026-10-08","https://api.worldbank.org/pip/v1/pip?country=all&year=all&fill_gaps=false&reporting_level=national&welfare_type=all&version=20260922_2021_01_02_PROD&format=json","national","national","false","survey","micro","https://datacatalog.worldbank.org/int/public-licenses#cc-by"
"SVN","2018","21","10.1","consistent","EU-SILC","income","2018","20.97","10.100000000000001","2004 - 2023","20260922_2021_01_02_PROD","2026-10-10T15:05:43.529Z","2026-10-10T15:05:43.529Z","false","2026-10-10T15:05:42.520Z","2026-10-08","https://api.worldbank.org/pip/v1/pip?country=all&year=all&fill_gaps=false&reporting_level=national&welfare_type=all&version=20260922_2021_01_02_PROD&format=json","national","national","false","survey","micro","https://datacatalog.worldbank.org/int/public-licenses#cc-by"
"SVN","2019","20.7","10.1","precision-limited","EU-SILC","income","2019","20.74","10.14","2004 - 2023","20260922_2021_01_02_PROD","2026-10-10T15:05:43.529Z","2026-10-10T15:05:43.529Z","false","2026-10-10T15:05:42.520Z","2026-10-08","https://api.worldbank.org/pip/v1/pip?country=all&year=all&fill_gaps=false&reporting_level=national&welfare_type=all&version=20260922_2021_01_02_PROD&format=json","national","national","false","survey","micro","https://datacatalog.worldbank.org/int/public-licenses#cc-by"
"SVN","2020","20.5","10.3","precision-limited","EU-SILC","income","2020","20.5","10.25","2004 - 2023","20260922_2021_01_02_PROD","2026-10-10T15:05:43.529Z","2026-10-10T15:05:43.529Z","false","2026-10-10T15:05:42.520Z","2026-10-08","https://api.worldbank.org/pip/v1/pip?country=all&year=all&fill_gaps=false&reporting_level=national&welfare_type=all&version=20260922_2021_01_02_PROD&format=json","national","national","false","survey","micro","https://datacatalog.worldbank.org/int/public-licenses#cc-by"
"SVN","2021","20.6","10.2","precision-limited","EU-SILC","income","2021","20.65","10.23","2004 - 2023","20260922_2021_01_02_PROD","2026-10-10T15:05:43.529Z","2026-10-10T15:05:43.529Z","false","2026-10-10T15:05:42.520Z","2026-10-08","https://api.worldbank.org/pip/v1/pip?country=all&year=all&fill_gaps=false&reporting_level=national&welfare_type=all&version=20260922_2021_01_02_PROD&format=json","national","national","false","survey","micro","https://datacatalog.worldbank.org/int/public-licenses#cc-by"
"SVN","2022","20.7","10.2","precision-limited","EU-SILC","income","2022","20.69","10.239999999999998","2004 - 2023","20260922_2021_01_02_PROD","2026-10-10T15:05:43.529Z","2026-10-10T15:05:43.529Z","false","2026-10-10T15:05:42.520Z","2026-10-08","https://api.worldbank.org/pip/v1/pip?country=all&year=all&fill_gaps=false&reporting_level=national&welfare_type=all&version=20260922_2021_01_02_PROD&format=json","national","national","false","survey","micro","https://datacatalog.worldbank.org/int/public-licenses#cc-by"
"SVN","2023","20.6","10","precision-limited","EU-SILC","income","2023","20.630000000000003","10.040000000000001","2004 - 2023","20260922_2021_01_02_PROD","2026-10-10T15:05:43.529Z","2026-10-10T15:05:43.529Z","false","2026-10-10T15:05:42.520Z","2026-10-08","https://api.worldbank.org/pip/v1/pip?country=all&year=all&fill_gaps=false&reporting_level=national&welfare_type=all&version=20260922_2021_01_02_PROD&format=json","national","national","false","survey","micro","https://datacatalog.worldbank.org/int/public-licenses#cc-by"
"SLB","2005","35.7","5","consistent","HIES","consumption","2005.5","35.74","4.99","2005","20260922_2021_01_02_PROD","2026-10-10T15:05:43.529Z","2026-10-10T15:05:43.529Z","false","2026-10-10T15:05:42.520Z","2026-10-08","https://api.worldbank.org/pip/v1/pip?country=all&year=all&fill_gaps=false&reporting_level=national&welfare_type=all&version=20260922_2021_01_02_PROD&format=json","national","national","false","survey","micro","https://datacatalog.worldbank.org/int/public-licenses#cc-by"
"SLB","2012","29.2","7","consistent","HIES","consumption","2012.79","29.24","6.98","2012","20260922_2021_01_02_PROD","2026-10-10T15:05:43.529Z","2026-10-10T15:05:43.529Z","false","2026-10-10T15:05:42.520Z","2026-10-08","https://api.worldbank.org/pip/v1/pip?country=all&year=all&fill_gaps=false&reporting_level=national&welfare_type=all&version=20260922_2021_01_02_PROD&format=json","national","national","false","survey","micro","https://datacatalog.worldbank.org/int/public-licenses#cc-by"
"ZAF","2000","44.9","3.1","precision-limited","HIES","consumption","2000.75","44.93","3.06","2000","20260922_2021_01_02_PROD","2026-10-10T15:05:43.529Z","2026-10-10T15:05:43.529Z","false","2026-10-10T15:05:42.520Z","2026-10-08","https://api.worldbank.org/pip/v1/pip?country=all&year=all&fill_gaps=false&reporting_level=national&welfare_type=all&version=20260922_2021_01_02_PROD&format=json","national","national","false","survey","group","https://datacatalog.worldbank.org/int/public-licenses#cc-by"
"ZAF","2005","54.5","2.6","consistent","IES","consumption","2005","54.52","2.5800000000000005","2005 - 2022","20260922_2021_01_02_PROD","2026-10-10T15:05:43.529Z","2026-10-10T15:05:43.529Z","false","2026-10-10T15:05:42.520Z","2026-10-08","https://api.worldbank.org/pip/v1/pip?country=all&year=all&fill_gaps=false&reporting_level=national&welfare_type=all&version=20260922_2021_01_02_PROD&format=json","national","national","false","survey","micro","https://datacatalog.worldbank.org/int/public-licenses#cc-by"
"ZAF","2008","50.1","2.6","consistent","LCS","consumption","2008.67","50.080000000000005","2.5800000000000005","2005 - 2022","20260922_2021_01_02_PROD","2026-10-10T15:05:43.529Z","2026-10-10T15:05:43.529Z","false","2026-10-10T15:05:42.520Z","2026-10-08","https://api.worldbank.org/pip/v1/pip?country=all&year=all&fill_gaps=false&reporting_level=national&welfare_type=all&version=20260922_2021_01_02_PROD&format=json","national","national","false","survey","micro","https://datacatalog.worldbank.org/int/public-licenses#cc-by"
"ZAF","2010","48.2","2.7","consistent","IES","consumption","2010","48.17","2.71","2005 - 2022","20260922_2021_01_02_PROD","2026-10-10T15:05:43.529Z","2026-10-10T15:05:43.529Z","false","2026-10-10T15:05:42.520Z","2026-10-08","https://api.worldbank.org/pip/v1/pip?country=all&year=all&fill_gaps=false&reporting_level=national&welfare_type=all&version=20260922_2021_01_02_PROD&format=json","national","national","false","survey","micro","https://datacatalog.worldbank.org/int/public-licenses#cc-by"
"ZAF","2014","47","2.8","consistent","LCS","consumption","2014.83","47","2.83","2005 - 2022","20260922_2021_01_02_PROD","2026-10-10T15:05:43.529Z","2026-10-10T15:05:43.529Z","false","2026-10-10T15:05:42.520Z","2026-10-08","https://api.worldbank.org/pip/v1/pip?country=all&year=all&fill_gaps=false&reporting_level=national&welfare_type=all&version=20260922_2021_01_02_PROD&format=json","national","national","false","survey","micro","https://datacatalog.worldbank.org/int/public-licenses#cc-by"
"ZAF","2022","42.1","3.7","consistent","IES","consumption","2022.85","42.13","3.6700000000000004","2005 - 2022","20260922_2021_01_02_PROD","2026-10-10T15:05:43.529Z","2026-10-10T15:05:43.529Z","false","2026-10-10T15:05:42.520Z","2026-10-08","https://api.worldbank.org/pip/v1/pip?country=all&year=all&fill_gaps=false&reporting_level=national&welfare_type=all&version=20260922_2021_01_02_PROD&format=json","national","national","false","survey","micro","https://datacatalog.worldbank.org/int/public-licenses#cc-by"
"SSD","2009","33.2","3.9","consistent","NBHS","consumption","2009","33.2","3.88","2009","20260922_2021_01_02_PROD","2026-10-10T15:05:43.529Z","2026-10-10T15:05:43.529Z","false","2026-10-10T15:05:42.520Z","2026-10-08","https://api.worldbank.org/pip/v1/pip?country=all&year=all&fill_gaps=false&reporting_level=national&welfare_type=all&version=20260922_2021_01_02_PROD&format=json","national","national","false","survey","micro","https://datacatalog.worldbank.org/int/public-licenses#cc-by"
"SSD","2016","33","4.9","consistent","HFS-W3","consumption","2016.5","33.01","4.9","2016","20260922_2021_01_02_PROD","2026-10-10T15:05:43.529Z","2026-10-10T15:05:43.529Z","false","2026-10-10T15:05:42.520Z","2026-10-08","https://api.worldbank.org/pip/v1/pip?country=all&year=all&fill_gaps=false&reporting_level=national&welfare_type=all&version=20260922_2021_01_02_PROD&format=json","national","national","false","survey","imputed","https://datacatalog.worldbank.org/int/public-licenses#cc-by"
"ESP","2000","25.8","6.9","consistent","ECHP-LIS","income","2000","25.840000000000003","6.889999999999999","1993 - 2000","20260922_2021_01_02_PROD","2026-10-10T15:05:43.529Z","2026-10-10T15:05:43.529Z","false","2026-10-10T15:05:42.520Z","2026-10-08","https://api.worldbank.org/pip/v1/pip?country=all&year=all&fill_gaps=false&reporting_level=national&welfare_type=all&version=20260922_2021_01_02_PROD&format=json","national","national","false","survey","micro","https://datacatalog.worldbank.org/int/public-licenses#cc-by"
"ESP","2003","24","7.2","consistent","EU-SILC","income","2003","23.97","7.180000000000001","2003 - 2006","20260922_2021_01_02_PROD","2026-10-10T15:05:43.529Z","2026-10-10T15:05:43.529Z","false","2026-10-10T15:05:42.520Z","2026-10-08","https://api.worldbank.org/pip/v1/pip?country=all&year=all&fill_gaps=false&reporting_level=national&welfare_type=all&version=20260922_2021_01_02_PROD&format=json","national","national","false","survey","micro","https://datacatalog.worldbank.org/int/public-licenses#cc-by"
"ESP","2004","24.8","6.9","precision-limited","EU-SILC","income","2004","24.85","6.890000000000001","2003 - 2006","20260922_2021_01_02_PROD","2026-10-10T15:05:43.529Z","2026-10-10T15:05:43.529Z","false","2026-10-10T15:05:42.520Z","2026-10-08","https://api.worldbank.org/pip/v1/pip?country=all&year=all&fill_gaps=false&reporting_level=national&welfare_type=all&version=20260922_2021_01_02_PROD&format=json","national","national","false","survey","micro","https://datacatalog.worldbank.org/int/public-licenses#cc-by"
"ESP","2005","24.3","7","consistent","EU-SILC","income","2005","24.279999999999998","7.03","2003 - 2006","20260922_2021_01_02_PROD","2026-10-10T15:05:43.529Z","2026-10-10T15:05:43.529Z","false","2026-10-10T15:05:42.520Z","2026-10-08","https://api.worldbank.org/pip/v1/pip?country=all&year=all&fill_gaps=false&reporting_level=national&welfare_type=all&version=20260922_2021_01_02_PROD&format=json","national","national","false","survey","micro","https://datacatalog.worldbank.org/int/public-licenses#cc-by"
"ESP","2006","24.9","6.7","consistent","EU-SILC","income","2006","24.91","6.7","2003 - 2006","20260922_2021_01_02_PROD","2026-10-10T15:05:43.529Z","2026-10-10T15:05:43.529Z","false","2026-10-10T15:05:42.520Z","2026-10-08","https://api.worldbank.org/pip/v1/pip?country=all&year=all&fill_gaps=false&reporting_level=national&welfare_type=all&version=20260922_2021_01_02_PROD&format=json","national","national","false","survey","micro","https://datacatalog.worldbank.org/int/public-licenses#cc-by"
"ESP","2007","25.6","6.7","consistent","EU-SILC","income","2007","25.56","6.720000000000001","2007 - 2023","20260922_2021_01_02_PROD","2026-10-10T15:05:43.529Z","2026-10-10T15:05:43.529Z","false","2026-10-10T15:05:42.520Z","2026-10-08","https://api.worldbank.org/pip/v1/pip?country=all&year=all&fill_gaps=false&reporting_level=national&welfare_type=all&version=20260922_2021_01_02_PROD&format=json","national","national","false","survey","micro","https://datacatalog.worldbank.org/int/public-licenses#cc-by"
"ESP","2008","25.6","6.6","consistent","EU-SILC","income","2008","25.590000000000003","6.6000000000000005","2007 - 2023","20260922_2021_01_02_PROD","2026-10-10T15:05:43.529Z","2026-10-10T15:05:43.529Z","false","2026-10-10T15:05:42.520Z","2026-10-08","https://api.worldbank.org/pip/v1/pip?country=all&year=all&fill_gaps=false&reporting_level=national&welfare_type=all&version=20260922_2021_01_02_PROD&format=json","national","national","false","survey","micro","https://datacatalog.worldbank.org/int/public-licenses#cc-by"
"ESP","2009","25.9","6.3","consistent","EU-SILC","income","2009","25.900000000000002","6.3100000000000005","2007 - 2023","20260922_2021_01_02_PROD","2026-10-10T15:05:43.529Z","2026-10-10T15:05:43.529Z","false","2026-10-10T15:05:42.520Z","2026-10-08","https://api.worldbank.org/pip/v1/pip?country=all&year=all&fill_gaps=false&reporting_level=national&welfare_type=all&version=20260922_2021_01_02_PROD&format=json","national","national","false","survey","micro","https://datacatalog.worldbank.org/int/public-licenses#cc-by"
"ESP","2010","26","6.3","consistent","EU-SILC","income","2010","26.040000000000003","6.32","2007 - 2023","20260922_2021_01_02_PROD","2026-10-10T15:05:43.529Z","2026-10-10T15:05:43.529Z","false","2026-10-10T15:05:42.520Z","2026-10-08","https://api.worldbank.org/pip/v1/pip?country=all&year=all&fill_gaps=false&reporting_level=national&welfare_type=all&version=20260922_2021_01_02_PROD&format=json","national","national","false","survey","micro","https://datacatalog.worldbank.org/int/public-licenses#cc-by"
"ESP","2011","25.9","6","consistent","EU-SILC","income","2011","25.919999999999998","6","2007 - 2023","20260922_2021_01_02_PROD","2026-10-10T15:05:43.529Z","2026-10-10T15:05:43.529Z","false","2026-10-10T15:05:42.520Z","2026-10-08","https://api.worldbank.org/pip/v1/pip?country=all&year=all&fill_gaps=false&reporting_level=national&welfare_type=all&version=20260922_2021_01_02_PROD&format=json","national","national","false","survey","micro","https://datacatalog.worldbank.org/int/public-licenses#cc-by"
"ESP","2012","25.8","6.1","consistent","EU-SILC","income","2012","25.779999999999998","6.08","2007 - 2023","20260922_2021_01_02_PROD","2026-10-10T15:05:43.529Z","2026-10-10T15:05:43.529Z","false","2026-10-10T15:05:42.520Z","2026-10-08","https://api.worldbank.org/pip/v1/pip?country=all&year=all&fill_gaps=false&reporting_level=national&welfare_type=all&version=20260922_2021_01_02_PROD&format=json","national","national","false","survey","micro","https://datacatalog.worldbank.org/int/public-licenses#cc-by"
"ESP","2013","25.9","5.7","consistent","EU-SILC","income","2013","25.919999999999998","5.67","2007 - 2023","20260922_2021_01_02_PROD","2026-10-10T15:05:43.529Z","2026-10-10T15:05:43.529Z","false","2026-10-10T15:05:42.520Z","2026-10-08","https://api.worldbank.org/pip/v1/pip?country=all&year=all&fill_gaps=false&reporting_level=national&welfare_type=all&version=20260922_2021_01_02_PROD&format=json","national","national","false","survey","micro","https://datacatalog.worldbank.org/int/public-licenses#cc-by"
"ESP","2014","26","5.7","consistent","EU-SILC","income","2014","26","5.699999999999999","2007 - 2023","20260922_2021_01_02_PROD","2026-10-10T15:05:43.529Z","2026-10-10T15:05:43.529Z","false","2026-10-10T15:05:42.520Z","2026-10-08","https://api.worldbank.org/pip/v1/pip?country=all&year=all&fill_gaps=false&reporting_level=national&welfare_type=all&version=20260922_2021_01_02_PROD&format=json","national","national","false","survey","micro","https://datacatalog.worldbank.org/int/public-licenses#cc-by"
"ESP","2015","26.2","5.8","precision-limited","EU-SILC","income","2015","26.21","5.76","2007 - 2023","20260922_2021_01_02_PROD","2026-10-10T15:05:43.529Z","2026-10-10T15:05:43.529Z","false","2026-10-10T15:05:42.520Z","2026-10-08","https://api.worldbank.org/pip/v1/pip?country=all&year=all&fill_gaps=false&reporting_level=national&welfare_type=all&version=20260922_2021_01_02_PROD&format=json","national","national","false","survey","micro","https://datacatalog.worldbank.org/int/public-licenses#cc-by"
"ESP","2016","25.8","5.8","precision-limited","EU-SILC","income","2016","25.83","5.76","2007 - 2023","20260922_2021_01_02_PROD","2026-10-10T15:05:43.529Z","2026-10-10T15:05:43.529Z","false","2026-10-10T15:05:42.520Z","2026-10-08","https://api.worldbank.org/pip/v1/pip?country=all&year=all&fill_gaps=false&reporting_level=national&welfare_type=all&version=20260922_2021_01_02_PROD&format=json","national","national","false","survey","micro","https://datacatalog.worldbank.org/int/public-licenses#cc-by"
"ESP","2017","25.4","6.2","consistent","EU-SILC","income","2017","25.41","6.21","2007 - 2023","20260922_2021_01_02_PROD","2026-10-10T15:05:43.529Z","2026-10-10T15:05:43.529Z","false","2026-10-10T15:05:42.520Z","2026-10-08","https://api.worldbank.org/pip/v1/pip?country=all&year=all&fill_gaps=false&reporting_level=national&welfare_type=all&version=20260922_2021_01_02_PROD&format=json","national","national","false","survey","micro","https://datacatalog.worldbank.org/int/public-licenses#cc-by"
"ESP","2018","25.3","6.2","consistent","EU-SILC","income","2018","25.34","6.18","2007 - 2023","20260922_2021_01_02_PROD","2026-10-10T15:05:43.529Z","2026-10-10T15:05:43.529Z","false","2026-10-10T15:05:42.520Z","2026-10-08","https://api.worldbank.org/pip/v1/pip?country=all&year=all&fill_gaps=false&reporting_level=national&welfare_type=all&version=20260922_2021_01_02_PROD&format=json","national","national","false","survey","micro","https://datacatalog.worldbank.org/int/public-licenses#cc-by"
"ESP","2019","24.9","6.2","consistent","EU-SILC","income","2019","24.88","6.18","2007 - 2023","20260922_2021_01_02_PROD","2026-10-10T15:05:43.529Z","2026-10-10T15:05:43.529Z","false","2026-10-10T15:05:42.520Z","2026-10-08","https://api.worldbank.org/pip/v1/pip?country=all&year=all&fill_gaps=false&reporting_level=national&welfare_type=all&version=20260922_2021_01_02_PROD&format=json","national","national","false","survey","micro","https://datacatalog.worldbank.org/int/public-licenses#cc-by"
"ESP","2020","25","6","consistent","EU-SILC","income","2020","25.019999999999996","5.989999999999999","2007 - 2023","20260922_2021_01_02_PROD","2026-10-10T15:05:43.529Z","2026-10-10T15:05:43.529Z","false","2026-10-10T15:05:42.520Z","2026-10-08","https://api.worldbank.org/pip/v1/pip?country=all&year=all&fill_gaps=false&reporting_level=national&welfare_type=all&version=20260922_2021_01_02_PROD&format=json","national","national","false","survey","micro","https://datacatalog.worldbank.org/int/public-licenses#cc-by"
"ESP","2021","24.7","6.4","precision-limited","EU-SILC","income","2021","24.68","6.4399999999999995","2007 - 2023","20260922_2021_01_02_PROD","2026-10-10T15:05:43.529Z","2026-10-10T15:05:43.529Z","false","2026-10-10T15:05:42.520Z","2026-10-08","https://api.worldbank.org/pip/v1/pip?country=all&year=all&fill_gaps=false&reporting_level=national&welfare_type=all&version=20260922_2021_01_02_PROD&format=json","national","national","false","survey","micro","https://datacatalog.worldbank.org/int/public-licenses#cc-by"
"ESP","2022","24.8","6.6","consistent","EU-SILC","income","2022","24.759999999999998","6.59","2007 - 2023","20260922_2021_01_02_PROD","2026-10-10T15:05:43.529Z","2026-10-10T15:05:43.529Z","false","2026-10-10T15:05:42.520Z","2026-10-08","https://api.worldbank.org/pip/v1/pip?country=all&year=all&fill_gaps=false&reporting_level=national&welfare_type=all&version=20260922_2021_01_02_PROD&format=json","national","national","false","survey","micro","https://datacatalog.worldbank.org/int/public-licenses#cc-by"
"ESP","2023","24.5","6.5","precision-limited","EU-SILC","income","2023","24.5","6.54","2007 - 2023","20260922_2021_01_02_PROD","2026-10-10T15:05:43.529Z","2026-10-10T15:05:43.529Z","false","2026-10-10T15:05:42.520Z","2026-10-08","https://api.worldbank.org/pip/v1/pip?country=all&year=all&fill_gaps=false&reporting_level=national&welfare_type=all&version=20260922_2021_01_02_PROD&format=json","national","national","false","survey","micro","https://datacatalog.worldbank.org/int/public-licenses#cc-by"
"LKA","2002","32.7","7","consistent","HIES","consumption","2002","32.690000000000005","6.99","2002 - 2019","20260922_2021_01_02_PROD","2026-10-10T15:05:43.529Z","2026-10-10T15:05:43.529Z","false","2026-10-10T15:05:42.520Z","2026-10-08","https://api.worldbank.org/pip/v1/pip?country=all&year=all&fill_gaps=false&reporting_level=national&welfare_type=all&version=20260922_2021_01_02_PROD&format=json","national","national","false","survey","micro","https://datacatalog.worldbank.org/int/public-licenses#cc-by"
"LKA","2006","32.3","7","precision-limited","HIES","consumption","2006.5","32.33","7.04","2002 - 2019","20260922_2021_01_02_PROD","2026-10-10T15:05:43.529Z","2026-10-10T15:05:43.529Z","false","2026-10-10T15:05:42.520Z","2026-10-08","https://api.worldbank.org/pip/v1/pip?country=all&year=all&fill_gaps=false&reporting_level=national&welfare_type=all&version=20260922_2021_01_02_PROD&format=json","national","national","false","survey","micro","https://datacatalog.worldbank.org/int/public-licenses#cc-by"
"LKA","2009","29.6","7.8","consistent","HIES","consumption","2009.5","29.62","7.77","2002 - 2019","20260922_2021_01_02_PROD","2026-10-10T15:05:43.529Z","2026-10-10T15:05:43.529Z","false","2026-10-10T15:05:42.520Z","2026-10-08","https://api.worldbank.org/pip/v1/pip?country=all&year=all&fill_gaps=false&reporting_level=national&welfare_type=all&version=20260922_2021_01_02_PROD&format=json","national","national","false","survey","micro","https://datacatalog.worldbank.org/int/public-licenses#cc-by"
"LKA","2012","31.9","7.3","precision-limited","HIES","consumption","2012.5","31.929999999999996","7.26","2002 - 2019","20260922_2021_01_02_PROD","2026-10-10T15:05:43.529Z","2026-10-10T15:05:43.529Z","false","2026-10-10T15:05:42.520Z","2026-10-08","https://api.worldbank.org/pip/v1/pip?country=all&year=all&fill_gaps=false&reporting_level=national&welfare_type=all&version=20260922_2021_01_02_PROD&format=json","national","national","false","survey","micro","https://datacatalog.worldbank.org/int/public-licenses#cc-by"
"LKA","2016","32.6","7.1","consistent","HIES","consumption","2016","32.56","7.109999999999999","2002 - 2019","20260922_2021_01_02_PROD","2026-10-10T15:05:43.529Z","2026-10-10T15:05:43.529Z","false","2026-10-10T15:05:42.520Z","2026-10-08","https://api.worldbank.org/pip/v1/pip?country=all&year=all&fill_gaps=false&reporting_level=national&welfare_type=all&version=20260922_2021_01_02_PROD&format=json","national","national","false","survey","micro","https://datacatalog.worldbank.org/int/public-licenses#cc-by"
"LKA","2019","30.8","7.4","consistent","HIES","consumption","2019","30.84","7.39","2002 - 2019","20260922_2021_01_02_PROD","2026-10-10T15:05:43.529Z","2026-10-10T15:05:43.529Z","false","2026-10-10T15:05:42.520Z","2026-10-08","https://api.worldbank.org/pip/v1/pip?country=all&year=all&fill_gaps=false&reporting_level=national&welfare_type=all&version=20260922_2021_01_02_PROD&format=json","national","national","false","survey","micro","https://datacatalog.worldbank.org/int/public-licenses#cc-by"
"LCA","2015","34.1","5.5","precision-limited","SLCHBS","consumption","2015.78","34.050000000000004","5.510000000000001","2015 - 2015","20260922_2021_01_02_PROD","2026-10-10T15:05:43.529Z","2026-10-10T15:05:43.529Z","false","2026-10-10T15:05:42.520Z","2026-10-08","https://api.worldbank.org/pip/v1/pip?country=all&year=all&fill_gaps=false&reporting_level=national&welfare_type=all&version=20260922_2021_01_02_PROD&format=json","national","national","false","survey","micro","https://datacatalog.worldbank.org/int/public-licenses#cc-by"
"SDN","2009","26.7","6.8","consistent","NBHS","consumption","2009","26.68","6.819999999999999","2009","20260922_2021_01_02_PROD","2026-10-10T15:05:43.529Z","2026-10-10T15:05:43.529Z","false","2026-10-10T15:05:42.520Z","2026-10-08","https://api.worldbank.org/pip/v1/pip?country=all&year=all&fill_gaps=false&reporting_level=national&welfare_type=all&version=20260922_2021_01_02_PROD&format=json","national","national","false","survey","micro","https://datacatalog.worldbank.org/int/public-licenses#cc-by"
"SDN","2014","27.8","7.8","consistent","NBHS","consumption","2014","27.779999999999998","7.830000000000001","2014","20260922_2021_01_02_PROD","2026-10-10T15:05:43.529Z","2026-10-10T15:05:43.529Z","false","2026-10-10T15:05:42.520Z","2026-10-08","https://api.worldbank.org/pip/v1/pip?country=all&year=all&fill_gaps=false&reporting_level=national&welfare_type=all&version=20260922_2021_01_02_PROD&format=json","national","national","false","survey","micro","https://datacatalog.worldbank.org/int/public-licenses#cc-by"
"SUR","2022","30.1","5.9","precision-limited","SSLC","consumption","2022","30.070000000000004","5.94","2022","20260922_2021_01_02_PROD","2026-10-10T15:05:43.529Z","2026-10-10T15:05:43.529Z","false","2026-10-10T15:05:42.520Z","2026-10-08","https://api.worldbank.org/pip/v1/pip?country=all&year=all&fill_gaps=false&reporting_level=national&welfare_type=all&version=20260922_2021_01_02_PROD&format=json","national","national","false","survey","micro","https://datacatalog.worldbank.org/int/public-licenses#cc-by"
"SWE","2000","22.2","9.5","consistent","HIS-LIS","income","2000","22.17","9.48","1975 - 2002","20260922_2021_01_02_PROD","2026-10-10T15:05:43.529Z","2026-10-10T15:05:43.529Z","false","2026-10-10T15:05:42.520Z","2026-10-08","https://api.worldbank.org/pip/v1/pip?country=all&year=all&fill_gaps=false&reporting_level=national&welfare_type=all&version=20260922_2021_01_02_PROD&format=json","national","national","false","survey","micro","https://datacatalog.worldbank.org/int/public-licenses#cc-by"
"SWE","2001","21.9","9.6","consistent","HIS-LIS","income","2001","21.92","9.620000000000001","1975 - 2002","20260922_2021_01_02_PROD","2026-10-10T15:05:43.529Z","2026-10-10T15:05:43.529Z","false","2026-10-10T15:05:42.520Z","2026-10-08","https://api.worldbank.org/pip/v1/pip?country=all&year=all&fill_gaps=false&reporting_level=national&welfare_type=all&version=20260922_2021_01_02_PROD&format=json","national","national","false","survey","micro","https://datacatalog.worldbank.org/int/public-licenses#cc-by"
"SWE","2002","21.3","9.5","consistent","HIS-LIS","income","2002","21.33","9.51","1975 - 2002","20260922_2021_01_02_PROD","2026-10-10T15:05:43.529Z","2026-10-10T15:05:43.529Z","false","2026-10-10T15:05:42.520Z","2026-10-08","https://api.worldbank.org/pip/v1/pip?country=all&year=all&fill_gaps=false&reporting_level=national&welfare_type=all&version=20260922_2021_01_02_PROD&format=json","national","national","false","survey","micro","https://datacatalog.worldbank.org/int/public-licenses#cc-by"
"SWE","2003","20.1","9.4","precision-limited","EU-SILC","income","2003","20.14","9.36","2003 - 2023","20260922_2021_01_02_PROD","2026-10-10T15:05:43.529Z","2026-10-10T15:05:43.529Z","false","2026-10-10T15:05:42.520Z","2026-10-08","https://api.worldbank.org/pip/v1/pip?country=all&year=all&fill_gaps=false&reporting_level=national&welfare_type=all&version=20260922_2021_01_02_PROD&format=json","national","national","false","survey","micro","https://datacatalog.worldbank.org/int/public-licenses#cc-by"
"SWE","2004","21.1","9.3","precision-limited","EU-SILC","income","2004","21.07","9.35","2003 - 2023","20260922_2021_01_02_PROD","2026-10-10T15:05:43.529Z","2026-10-10T15:05:43.529Z","false","2026-10-10T15:05:42.520Z","2026-10-08","https://api.worldbank.org/pip/v1/pip?country=all&year=all&fill_gaps=false&reporting_level=national&welfare_type=all&version=20260922_2021_01_02_PROD&format=json","national","national","false","survey","micro","https://datacatalog.worldbank.org/int/public-licenses#cc-by"
"SWE","2005","21.1","8.7","consistent","EU-SILC","income","2005","21.060000000000002","8.72","2003 - 2023","20260922_2021_01_02_PROD","2026-10-10T15:05:43.529Z","2026-10-10T15:05:43.529Z","false","2026-10-10T15:05:42.520Z","2026-10-08","https://api.worldbank.org/pip/v1/pip?country=all&year=all&fill_gaps=false&reporting_level=national&welfare_type=all&version=20260922_2021_01_02_PROD&format=json","national","national","false","survey","micro","https://datacatalog.worldbank.org/int/public-licenses#cc-by"
"SWE","2006","21.1","9.2","consistent","EU-SILC","income","2006","21.13","9.190000000000001","2003 - 2023","20260922_2021_01_02_PROD","2026-10-10T15:05:43.529Z","2026-10-10T15:05:43.529Z","false","2026-10-10T15:05:42.520Z","2026-10-08","https://api.worldbank.org/pip/v1/pip?country=all&year=all&fill_gaps=false&reporting_level=national&welfare_type=all&version=20260922_2021_01_02_PROD&format=json","national","national","false","survey","micro","https://datacatalog.worldbank.org/int/public-licenses#cc-by"
"SWE","2007","21.6","8.9","precision-limited","EU-SILC","income","2007","21.65","8.89","2003 - 2023","20260922_2021_01_02_PROD","2026-10-10T15:05:43.529Z","2026-10-10T15:05:43.529Z","false","2026-10-10T15:05:42.520Z","2026-10-08","https://api.worldbank.org/pip/v1/pip?country=all&year=all&fill_gaps=false&reporting_level=national&welfare_type=all&version=20260922_2021_01_02_PROD&format=json","national","national","false","survey","micro","https://datacatalog.worldbank.org/int/public-licenses#cc-by"
"SWE","2008","22.4","8.6","consistent","EU-SILC","income","2008","22.36","8.59","2003 - 2023","20260922_2021_01_02_PROD","2026-10-10T15:05:43.529Z","2026-10-10T15:05:43.529Z","false","2026-10-10T15:05:42.520Z","2026-10-08","https://api.worldbank.org/pip/v1/pip?country=all&year=all&fill_gaps=false&reporting_level=national&welfare_type=all&version=20260922_2021_01_02_PROD&format=json","national","national","false","survey","micro","https://datacatalog.worldbank.org/int/public-licenses#cc-by"
"SWE","2009","21.4","8.6","consistent","EU-SILC","income","2009","21.44","8.63","2003 - 2023","20260922_2021_01_02_PROD","2026-10-10T15:05:43.529Z","2026-10-10T15:05:43.529Z","false","2026-10-10T15:05:42.520Z","2026-10-08","https://api.worldbank.org/pip/v1/pip?country=all&year=all&fill_gaps=false&reporting_level=national&welfare_type=all&version=20260922_2021_01_02_PROD&format=json","national","national","false","survey","micro","https://datacatalog.worldbank.org/int/public-licenses#cc-by"
"SWE","2010","21.8","8.6","consistent","EU-SILC","income","2010","21.81","8.6","2003 - 2023","20260922_2021_01_02_PROD","2026-10-10T15:05:43.529Z","2026-10-10T15:05:43.529Z","false","2026-10-10T15:05:42.520Z","2026-10-08","https://api.worldbank.org/pip/v1/pip?country=all&year=all&fill_gaps=false&reporting_level=national&welfare_type=all&version=20260922_2021_01_02_PROD&format=json","national","national","false","survey","micro","https://datacatalog.worldbank.org/int/public-licenses#cc-by"
"SWE","2011","21.6","8.5","consistent","EU-SILC","income","2011","21.57","8.49","2003 - 2023","20260922_2021_01_02_PROD","2026-10-10T15:05:43.529Z","2026-10-10T15:05:43.529Z","false","2026-10-10T15:05:42.520Z","2026-10-08","https://api.worldbank.org/pip/v1/pip?country=all&year=all&fill_gaps=false&reporting_level=national&welfare_type=all&version=20260922_2021_01_02_PROD&format=json","national","national","false","survey","micro","https://datacatalog.worldbank.org/int/public-licenses#cc-by"
"SWE","2012","21.6","8.5","consistent","EU-SILC","income","2012","21.6","8.469999999999999","2003 - 2023","20260922_2021_01_02_PROD","2026-10-10T15:05:43.529Z","2026-10-10T15:05:43.529Z","false","2026-10-10T15:05:42.520Z","2026-10-08","https://api.worldbank.org/pip/v1/pip?country=all&year=all&fill_gaps=false&reporting_level=national&welfare_type=all&version=20260922_2021_01_02_PROD&format=json","national","national","false","survey","micro","https://datacatalog.worldbank.org/int/public-licenses#cc-by"
"SWE","2013","22.2","8.1","consistent","EU-SILC","income","2013","22.23","8.07","2003 - 2023","20260922_2021_01_02_PROD","2026-10-10T15:05:43.529Z","2026-10-10T15:05:43.529Z","false","2026-10-10T15:05:42.520Z","2026-10-08","https://api.worldbank.org/pip/v1/pip?country=all&year=all&fill_gaps=false&reporting_level=national&welfare_type=all&version=20260922_2021_01_02_PROD&format=json","national","national","false","survey","micro","https://datacatalog.worldbank.org/int/public-licenses#cc-by"
"SWE","2014","22.2","8.4","consistent","EU-SILC","income","2014","22.189999999999998","8.399999999999999","2003 - 2023","20260922_2021_01_02_PROD","2026-10-10T15:05:43.529Z","2026-10-10T15:05:43.529Z","false","2026-10-10T15:05:42.520Z","2026-10-08","https://api.worldbank.org/pip/v1/pip?country=all&year=all&fill_gaps=false&reporting_level=national&welfare_type=all&version=20260922_2021_01_02_PROD&format=json","national","national","false","survey","micro","https://datacatalog.worldbank.org/int/public-licenses#cc-by"
"SWE","2015","22.9","8.2","consistent","EU-SILC","income","2015","22.86","8.17","2003 - 2023","20260922_2021_01_02_PROD","2026-10-10T15:05:43.529Z","2026-10-10T15:05:43.529Z","false","2026-10-10T15:05:42.520Z","2026-10-08","https://api.worldbank.org/pip/v1/pip?country=all&year=all&fill_gaps=false&reporting_level=national&welfare_type=all&version=20260922_2021_01_02_PROD&format=json","national","national","false","survey","micro","https://datacatalog.worldbank.org/int/public-licenses#cc-by"
"SWE","2016","23.3","8.1","precision-limited","EU-SILC","income","2016","23.25","8.080000000000002","2003 - 2023","20260922_2021_01_02_PROD","2026-10-10T15:05:43.529Z","2026-10-10T15:05:43.529Z","false","2026-10-10T15:05:42.520Z","2026-10-08","https://api.worldbank.org/pip/v1/pip?country=all&year=all&fill_gaps=false&reporting_level=national&welfare_type=all&version=20260922_2021_01_02_PROD&format=json","national","national","false","survey","micro","https://datacatalog.worldbank.org/int/public-licenses#cc-by"
"SWE","2017","22.3","8.3","consistent","EU-SILC","income","2017","22.32","8.290000000000001","2003 - 2023","20260922_2021_01_02_PROD","2026-10-10T15:05:43.529Z","2026-10-10T15:05:43.529Z","false","2026-10-10T15:05:42.520Z","2026-10-08","https://api.worldbank.org/pip/v1/pip?country=all&year=all&fill_gaps=false&reporting_level=national&welfare_type=all&version=20260922_2021_01_02_PROD&format=json","national","national","false","survey","micro","https://datacatalog.worldbank.org/int/public-licenses#cc-by"
"SWE","2018","22.9","7.8","precision-limited","EU-SILC","income","2018","22.900000000000002","7.75","2003 - 2023","20260922_2021_01_02_PROD","2026-10-10T15:05:43.529Z","2026-10-10T15:05:43.529Z","false","2026-10-10T15:05:42.520Z","2026-10-08","https://api.worldbank.org/pip/v1/pip?country=all&year=all&fill_gaps=false&reporting_level=national&welfare_type=all&version=20260922_2021_01_02_PROD&format=json","national","national","false","survey","micro","https://datacatalog.worldbank.org/int/public-licenses#cc-by"
"SWE","2019","22.7","8.1","consistent","EU-SILC","income","2019","22.73","8.08","2003 - 2023","20260922_2021_01_02_PROD","2026-10-10T15:05:43.529Z","2026-10-10T15:05:43.529Z","false","2026-10-10T15:05:42.520Z","2026-10-08","https://api.worldbank.org/pip/v1/pip?country=all&year=all&fill_gaps=false&reporting_level=national&welfare_type=all&version=20260922_2021_01_02_PROD&format=json","national","national","false","survey","micro","https://datacatalog.worldbank.org/int/public-licenses#cc-by"
"SWE","2020","22.4","8.2","consistent","EU-SILC","income","2020","22.400000000000002","8.23","2003 - 2023","20260922_2021_01_02_PROD","2026-10-10T15:05:43.529Z","2026-10-10T15:05:43.529Z","false","2026-10-10T15:05:42.520Z","2026-10-08","https://api.worldbank.org/pip/v1/pip?country=all&year=all&fill_gaps=false&reporting_level=national&welfare_type=all&version=20260922_2021_01_02_PROD&format=json","national","national","false","survey","micro","https://datacatalog.worldbank.org/int/public-licenses#cc-by"
"SWE","2021","22.7","7.8","precision-limited","EU-SILC","income","2021","22.74","7.84","2003 - 2023","20260922_2021_01_02_PROD","2026-10-10T15:05:43.529Z","2026-10-10T15:05:43.529Z","false","2026-10-10T15:05:42.520Z","2026-10-08","https://api.worldbank.org/pip/v1/pip?country=all&year=all&fill_gaps=false&reporting_level=national&welfare_type=all&version=20260922_2021_01_02_PROD&format=json","national","national","false","survey","micro","https://datacatalog.worldbank.org/int/public-licenses#cc-by"
"SWE","2022","24.7","7.4","precision-limited","EU-SILC","income","2022","24.65","7.430000000000001","2003 - 2023","20260922_2021_01_02_PROD","2026-10-10T15:05:43.529Z","2026-10-10T15:05:43.529Z","false","2026-10-10T15:05:42.520Z","2026-10-08","https://api.worldbank.org/pip/v1/pip?country=all&year=all&fill_gaps=false&reporting_level=national&welfare_type=all&version=20260922_2021_01_02_PROD&format=json","national","national","false","survey","micro","https://datacatalog.worldbank.org/int/public-licenses#cc-by"
"SWE","2023","22.3","7.9","precision-limited","EU-SILC","income","2023","22.33","7.85","2003 - 2023","20260922_2021_01_02_PROD","2026-10-10T15:05:43.529Z","2026-10-10T15:05:43.529Z","false","2026-10-10T15:05:42.520Z","2026-10-08","https://api.worldbank.org/pip/v1/pip?country=all&year=all&fill_gaps=false&reporting_level=national&welfare_type=all&version=20260922_2021_01_02_PROD&format=json","national","national","false","survey","micro","https://datacatalog.worldbank.org/int/public-licenses#cc-by"
"CHE","2000","25.9","7.8","precision-limited","IES-LIS","income","2000","25.929999999999996","7.75","2000 - 2004","20260922_2021_01_02_PROD","2026-10-10T15:05:43.529Z","2026-10-10T15:05:43.529Z","false","2026-10-10T15:05:42.520Z","2026-10-08","https://api.worldbank.org/pip/v1/pip?country=all&year=all&fill_gaps=false&reporting_level=national&welfare_type=all&version=20260922_2021_01_02_PROD&format=json","national","national","false","survey","micro","https://datacatalog.worldbank.org/int/public-licenses#cc-by"
"CHE","2002","24.1","8.1","consistent","IES-LIS","income","2002","24.12","8.07","2000 - 2004","20260922_2021_01_02_PROD","2026-10-10T15:05:43.529Z","2026-10-10T15:05:43.529Z","false","2026-10-10T15:05:42.520Z","2026-10-08","https://api.worldbank.org/pip/v1/pip?country=all&year=all&fill_gaps=false&reporting_level=national&welfare_type=all&version=20260922_2021_01_02_PROD&format=json","national","national","false","survey","micro","https://datacatalog.worldbank.org/int/public-licenses#cc-by"
"CHE","2004","24.1","8.1","precision-limited","IES-LIS","income","2004","24.05","8.12","2000 - 2004","20260922_2021_01_02_PROD","2026-10-10T15:05:43.529Z","2026-10-10T15:05:43.529Z","false","2026-10-10T15:05:42.520Z","2026-10-08","https://api.worldbank.org/pip/v1/pip?country=all&year=all&fill_gaps=false&reporting_level=national&welfare_type=all&version=20260922_2021_01_02_PROD&format=json","national","national","false","survey","micro","https://datacatalog.worldbank.org/int/public-licenses#cc-by"
"CHE","2006","26","7.4","consistent","EU-SILC","income","2006","26.029999999999998","7.42","2006 - 2023","20260922_2021_01_02_PROD","2026-10-10T15:05:43.529Z","2026-10-10T15:05:43.529Z","false","2026-10-10T15:05:42.520Z","2026-10-08","https://api.worldbank.org/pip/v1/pip?country=all&year=all&fill_gaps=false&reporting_level=national&welfare_type=all&version=20260922_2021_01_02_PROD&format=json","national","national","false","survey","micro","https://datacatalog.worldbank.org/int/public-licenses#cc-by"
"CHE","2007","26.7","7.4","consistent","EU-SILC","income","2007","26.71","7.3999999999999995","2006 - 2023","20260922_2021_01_02_PROD","2026-10-10T15:05:43.529Z","2026-10-10T15:05:43.529Z","false","2026-10-10T15:05:42.520Z","2026-10-08","https://api.worldbank.org/pip/v1/pip?country=all&year=all&fill_gaps=false&reporting_level=national&welfare_type=all&version=20260922_2021_01_02_PROD&format=json","national","national","false","survey","micro","https://datacatalog.worldbank.org/int/public-licenses#cc-by"
"CHE","2008","26.3","7.5","consistent","EU-SILC","income","2008","26.290000000000003","7.51","2006 - 2023","20260922_2021_01_02_PROD","2026-10-10T15:05:43.529Z","2026-10-10T15:05:43.529Z","false","2026-10-10T15:05:42.520Z","2026-10-08","https://api.worldbank.org/pip/v1/pip?country=all&year=all&fill_gaps=false&reporting_level=national&welfare_type=all&version=20260922_2021_01_02_PROD&format=json","national","national","false","survey","micro","https://datacatalog.worldbank.org/int/public-licenses#cc-by"
"CHE","2009","25.6","7.8","precision-limited","EU-SILC","income","2009","25.650000000000002","7.779999999999999","2006 - 2023","20260922_2021_01_02_PROD","2026-10-10T15:05:43.529Z","2026-10-10T15:05:43.529Z","false","2026-10-10T15:05:42.520Z","2026-10-08","https://api.worldbank.org/pip/v1/pip?country=all&year=all&fill_gaps=false&reporting_level=national&welfare_type=all&version=20260922_2021_01_02_PROD&format=json","national","national","false","survey","micro","https://datacatalog.worldbank.org/int/public-licenses#cc-by"
"CHE","2010","25.4","7.8","precision-limited","EU-SILC","income","2010","25.430000000000003","7.76","2006 - 2023","20260922_2021_01_02_PROD","2026-10-10T15:05:43.529Z","2026-10-10T15:05:43.529Z","false","2026-10-10T15:05:42.520Z","2026-10-08","https://api.worldbank.org/pip/v1/pip?country=all&year=all&fill_gaps=false&reporting_level=national&welfare_type=all&version=20260922_2021_01_02_PROD&format=json","national","national","false","survey","micro","https://datacatalog.worldbank.org/int/public-licenses#cc-by"
"CHE","2011","24.6","7.9","precision-limited","EU-SILC","income","2011","24.65","7.91","2006 - 2023","20260922_2021_01_02_PROD","2026-10-10T15:05:43.529Z","2026-10-10T15:05:43.529Z","false","2026-10-10T15:05:42.520Z","2026-10-08","https://api.worldbank.org/pip/v1/pip?country=all&year=all&fill_gaps=false&reporting_level=national&welfare_type=all&version=20260922_2021_01_02_PROD&format=json","national","national","false","survey","micro","https://datacatalog.worldbank.org/int/public-licenses#cc-by"
"CHE","2012","25","8.1","precision-limited","EU-SILC","income","2012","25","8.14","2006 - 2023","20260922_2021_01_02_PROD","2026-10-10T15:05:43.529Z","2026-10-10T15:05:43.529Z","false","2026-10-10T15:05:42.520Z","2026-10-08","https://api.worldbank.org/pip/v1/pip?country=all&year=all&fill_gaps=false&reporting_level=national&welfare_type=all&version=20260922_2021_01_02_PROD&format=json","national","national","false","survey","micro","https://datacatalog.worldbank.org/int/public-licenses#cc-by"
"CHE","2013","25.5","7.9","precision-limited","EU-SILC","income","2013","25.509999999999998","7.9399999999999995","2006 - 2023","20260922_2021_01_02_PROD","2026-10-10T15:05:43.529Z","2026-10-10T15:05:43.529Z","false","2026-10-10T15:05:42.520Z","2026-10-08","https://api.worldbank.org/pip/v1/pip?country=all&year=all&fill_gaps=false&reporting_level=national&welfare_type=all&version=20260922_2021_01_02_PROD&format=json","national","national","false","survey","micro","https://datacatalog.worldbank.org/int/public-licenses#cc-by"
"CHE","2014","25.5","7.8","consistent","EU-SILC","income","2014","25.53","7.830000000000001","2006 - 2023","20260922_2021_01_02_PROD","2026-10-10T15:05:43.529Z","2026-10-10T15:05:43.529Z","false","2026-10-10T15:05:42.520Z","2026-10-08","https://api.worldbank.org/pip/v1/pip?country=all&year=all&fill_gaps=false&reporting_level=national&welfare_type=all&version=20260922_2021_01_02_PROD&format=json","national","national","false","survey","micro","https://datacatalog.worldbank.org/int/public-licenses#cc-by"
"CHE","2015","25.2","7.8","consistent","EU-SILC","income","2015","25.240000000000002","7.830000000000001","2006 - 2023","20260922_2021_01_02_PROD","2026-10-10T15:05:43.529Z","2026-10-10T15:05:43.529Z","false","2026-10-10T15:05:42.520Z","2026-10-08","https://api.worldbank.org/pip/v1/pip?country=all&year=all&fill_gaps=false&reporting_level=national&welfare_type=all&version=20260922_2021_01_02_PROD&format=json","national","national","false","survey","micro","https://datacatalog.worldbank.org/int/public-licenses#cc-by"
"CHE","2016","25.8","7.7","precision-limited","EU-SILC","income","2016","25.83","7.6499999999999995","2006 - 2023","20260922_2021_01_02_PROD","2026-10-10T15:05:43.529Z","2026-10-10T15:05:43.529Z","false","2026-10-10T15:05:42.520Z","2026-10-08","https://api.worldbank.org/pip/v1/pip?country=all&year=all&fill_gaps=false&reporting_level=national&welfare_type=all&version=20260922_2021_01_02_PROD&format=json","national","national","false","survey","micro","https://datacatalog.worldbank.org/int/public-licenses#cc-by"
"CHE","2017","25.5","7.7","consistent","EU-SILC","income","2017","25.540000000000003","7.71","2006 - 2023","20260922_2021_01_02_PROD","2026-10-10T15:05:43.529Z","2026-10-10T15:05:43.529Z","false","2026-10-10T15:05:42.520Z","2026-10-08","https://api.worldbank.org/pip/v1/pip?country=all&year=all&fill_gaps=false&reporting_level=national&welfare_type=all&version=20260922_2021_01_02_PROD&format=json","national","national","false","survey","micro","https://datacatalog.worldbank.org/int/public-licenses#cc-by"
"CHE","2018","25.8","7.5","precision-limited","EU-SILC","income","2018","25.790000000000003","7.539999999999999","2006 - 2023","20260922_2021_01_02_PROD","2026-10-10T15:05:43.529Z","2026-10-10T15:05:43.529Z","false","2026-10-10T15:05:42.520Z","2026-10-08","https://api.worldbank.org/pip/v1/pip?country=all&year=all&fill_gaps=false&reporting_level=national&welfare_type=all&version=20260922_2021_01_02_PROD&format=json","national","national","false","survey","micro","https://datacatalog.worldbank.org/int/public-licenses#cc-by"
"CHE","2019","26.6","7.4","precision-limited","EU-SILC","income","2019","26.55","7.41","2006 - 2023","20260922_2021_01_02_PROD","2026-10-10T15:05:43.529Z","2026-10-10T15:05:43.529Z","false","2026-10-10T15:05:42.520Z","2026-10-08","https://api.worldbank.org/pip/v1/pip?country=all&year=all&fill_gaps=false&reporting_level=national&welfare_type=all&version=20260922_2021_01_02_PROD&format=json","national","national","false","survey","micro","https://datacatalog.worldbank.org/int/public-licenses#cc-by"
"CHE","2020","26.4","7.5","consistent","EU-SILC","income","2020","26.36","7.51","2006 - 2023","20260922_2021_01_02_PROD","2026-10-10T15:05:43.529Z","2026-10-10T15:05:43.529Z","false","2026-10-10T15:05:42.520Z","2026-10-08","https://api.worldbank.org/pip/v1/pip?country=all&year=all&fill_gaps=false&reporting_level=national&welfare_type=all&version=20260922_2021_01_02_PROD&format=json","national","national","false","survey","micro","https://datacatalog.worldbank.org/int/public-licenses#cc-by"
"CHE","2021","26.6","7.5","consistent","EU-SILC","income","2021","26.590000000000003","7.51","2006 - 2023","20260922_2021_01_02_PROD","2026-10-10T15:05:43.529Z","2026-10-10T15:05:43.529Z","false","2026-10-10T15:05:42.520Z","2026-10-08","https://api.worldbank.org/pip/v1/pip?country=all&year=all&fill_gaps=false&reporting_level=national&welfare_type=all&version=20260922_2021_01_02_PROD&format=json","national","national","false","survey","micro","https://datacatalog.worldbank.org/int/public-licenses#cc-by"
"CHE","2022","26.6","7.4","precision-limited","EU-SILC","income","2022","26.58","7.4399999999999995","2006 - 2023","20260922_2021_01_02_PROD","2026-10-10T15:05:43.529Z","2026-10-10T15:05:43.529Z","false","2026-10-10T15:05:42.520Z","2026-10-08","https://api.worldbank.org/pip/v1/pip?country=all&year=all&fill_gaps=false&reporting_level=national&welfare_type=all&version=20260922_2021_01_02_PROD&format=json","national","national","false","survey","micro","https://datacatalog.worldbank.org/int/public-licenses#cc-by"
"CHE","2023","26.3","7.6","precision-limited","EU-SILC","income","2023","26.35","7.580000000000001","2006 - 2023","20260922_2021_01_02_PROD","2026-10-10T15:05:43.529Z","2026-10-10T15:05:43.529Z","false","2026-10-10T15:05:42.520Z","2026-10-08","https://api.worldbank.org/pip/v1/pip?country=all&year=all&fill_gaps=false&reporting_level=national&welfare_type=all&version=20260922_2021_01_02_PROD&format=json","national","national","false","survey","micro","https://datacatalog.worldbank.org/int/public-licenses#cc-by"
"SYR","2003","29.9","7.2","precision-limited","HIES","consumption","2003.5","29.95","7.22","1996 - 2003","20260922_2021_01_02_PROD","2026-10-10T15:05:43.529Z","2026-10-10T15:05:43.529Z","false","2026-10-10T15:05:42.520Z","2026-10-08","https://api.worldbank.org/pip/v1/pip?country=all&year=all&fill_gaps=false&reporting_level=national&welfare_type=all&version=20260922_2021_01_02_PROD&format=json","national","national","false","survey","micro","https://datacatalog.worldbank.org/int/public-licenses#cc-by"
"SYR","2006","30.9","6.1","precision-limited","HIES","consumption","2006.83","30.9","6.14","2006 - 2009","20260922_2021_01_02_PROD","2026-10-10T15:05:43.529Z","2026-10-10T15:05:43.529Z","false","2026-10-10T15:05:42.520Z","2026-10-08","https://api.worldbank.org/pip/v1/pip?country=all&year=all&fill_gaps=false&reporting_level=national&welfare_type=all&version=20260922_2021_01_02_PROD&format=json","national","national","false","survey","group","https://datacatalog.worldbank.org/int/public-licenses#cc-by"
"SYR","2009","31.6","6.3","precision-limited","HIES","consumption","2009","31.64","6.25","2006 - 2009","20260922_2021_01_02_PROD","2026-10-10T15:05:43.529Z","2026-10-10T15:05:43.529Z","false","2026-10-10T15:05:42.520Z","2026-10-08","https://api.worldbank.org/pip/v1/pip?country=all&year=all&fill_gaps=false&reporting_level=national&welfare_type=all&version=20260922_2021_01_02_PROD&format=json","national","national","false","survey","group","https://datacatalog.worldbank.org/int/public-licenses#cc-by"
"SYR","2022","20.9","9.3","consistent","HNAP","consumption","2022","20.89","9.28","2022","20260922_2021_01_02_PROD","2026-10-10T15:05:43.529Z","2026-10-10T15:05:43.529Z","false","2026-10-10T15:05:42.520Z","2026-10-08","https://api.worldbank.org/pip/v1/pip?country=all&year=all&fill_gaps=false&reporting_level=national&welfare_type=all&version=20260922_2021_01_02_PROD&format=json","national","national","false","survey","micro","https://datacatalog.worldbank.org/int/public-licenses#cc-by"
"TJK","2003","25.6","7.9","consistent","TLSS","consumption","2003","25.619999999999997","7.919999999999999","1999 - 2015","20260922_2021_01_02_PROD","2026-10-10T15:05:43.529Z","2026-10-10T15:05:43.529Z","false","2026-10-10T15:05:42.520Z","2026-10-08","https://api.worldbank.org/pip/v1/pip?country=all&year=all&fill_gaps=false&reporting_level=national&welfare_type=all&version=20260922_2021_01_02_PROD&format=json","national","national","false","survey","micro","https://datacatalog.worldbank.org/int/public-licenses#cc-by"
"TJK","2004","26.5","7.8","consistent","HBS","consumption","2004","26.490000000000002","7.780000000000001","2004","20260922_2021_01_02_PROD","2026-10-10T15:05:43.529Z","2026-10-10T15:05:43.529Z","false","2026-10-10T15:05:42.520Z","2026-10-08","https://api.worldbank.org/pip/v1/pip?country=all&year=all&fill_gaps=false&reporting_level=national&welfare_type=all&version=20260922_2021_01_02_PROD&format=json","national","national","false","survey","micro","https://datacatalog.worldbank.org/int/public-licenses#cc-by"
"TJK","2007","25.1","7.4","precision-limited","TLSS","consumption","2007","25.119999999999997","7.4399999999999995","1999 - 2015","20260922_2021_01_02_PROD","2026-10-10T15:05:43.529Z","2026-10-10T15:05:43.529Z","false","2026-10-10T15:05:42.520Z","2026-10-08","https://api.worldbank.org/pip/v1/pip?country=all&year=all&fill_gaps=false&reporting_level=national&welfare_type=all&version=20260922_2021_01_02_PROD&format=json","national","national","false","survey","micro","https://datacatalog.worldbank.org/int/public-licenses#cc-by"
"TJK","2009","24.1","8.4","precision-limited","TLSS","consumption","2009","24.12","8.360000000000001","1999 - 2015","20260922_2021_01_02_PROD","2026-10-10T15:05:43.529Z","2026-10-10T15:05:43.529Z","false","2026-10-10T15:05:42.520Z","2026-10-08","https://api.worldbank.org/pip/v1/pip?country=all&year=all&fill_gaps=false&reporting_level=national&welfare_type=all&version=20260922_2021_01_02_PROD&format=json","national","national","false","survey","micro","https://datacatalog.worldbank.org/int/public-licenses#cc-by"
"TJK","2015","26.4","7.4","consistent","HSITAFIEN","consumption","2015","26.39","7.430000000000001","1999 - 2015","20260922_2021_01_02_PROD","2026-10-10T15:05:43.529Z","2026-10-10T15:05:43.529Z","false","2026-10-10T15:05:42.520Z","2026-10-08","https://api.worldbank.org/pip/v1/pip?country=all&year=all&fill_gaps=false&reporting_level=national&welfare_type=all&version=20260922_2021_01_02_PROD&format=json","national","national","false","survey","micro","https://datacatalog.worldbank.org/int/public-licenses#cc-by"
"TJK","2021","24.5","7.6","precision-limited","HBS","consumption","2021","24.55","7.62","2021 - 2024","20260922_2021_01_02_PROD","2026-10-10T15:05:43.529Z","2026-10-10T15:05:43.529Z","false","2026-10-10T15:05:42.520Z","2026-10-08","https://api.worldbank.org/pip/v1/pip?country=all&year=all&fill_gaps=false&reporting_level=national&welfare_type=all&version=20260922_2021_01_02_PROD&format=json","national","national","false","survey","micro","https://datacatalog.worldbank.org/int/public-licenses#cc-by"
"TJK","2022","31.3","6.4","consistent","HBS","consumption","2022","31.3","6.41","2021 - 2024","20260922_2021_01_02_PROD","2026-10-10T15:05:43.529Z","2026-10-10T15:05:43.529Z","false","2026-10-10T15:05:42.520Z","2026-10-08","https://api.worldbank.org/pip/v1/pip?country=all&year=all&fill_gaps=false&reporting_level=national&welfare_type=all&version=20260922_2021_01_02_PROD&format=json","national","national","false","survey","micro","https://datacatalog.worldbank.org/int/public-licenses#cc-by"
"TJK","2023","29.9","6.6","consistent","HBS","consumption","2023","29.9","6.59","2021 - 2024","20260922_2021_01_02_PROD","2026-10-10T15:05:43.529Z","2026-10-10T15:05:43.529Z","false","2026-10-10T15:05:42.520Z","2026-10-08","https://api.worldbank.org/pip/v1/pip?country=all&year=all&fill_gaps=false&reporting_level=national&welfare_type=all&version=20260922_2021_01_02_PROD&format=json","national","national","false","survey","micro","https://datacatalog.worldbank.org/int/public-licenses#cc-by"
"TJK","2024","28.2","7.1","precision-limited","HBS","consumption","2024","28.18","7.050000000000001","2021 - 2024","20260922_2021_01_02_PROD","2026-10-10T15:05:43.529Z","2026-10-10T15:05:43.529Z","false","2026-10-10T15:05:42.520Z","2026-10-08","https://api.worldbank.org/pip/v1/pip?country=all&year=all&fill_gaps=false&reporting_level=national&welfare_type=all&version=20260922_2021_01_02_PROD&format=json","national","national","false","survey","micro","https://datacatalog.worldbank.org/int/public-licenses#cc-by"
"TZA","2000","28.9","6.8","consistent","HBS","consumption","2000.33","28.939999999999998","6.79","2000 - 2018","20260922_2021_01_02_PROD","2026-10-10T15:05:43.529Z","2026-10-10T15:05:43.529Z","false","2026-10-10T15:05:42.520Z","2026-10-08","https://api.worldbank.org/pip/v1/pip?country=all&year=all&fill_gaps=false&reporting_level=national&welfare_type=all&version=20260922_2021_01_02_PROD&format=json","national","national","false","survey","micro","https://datacatalog.worldbank.org/int/public-licenses#cc-by"
"TZA","2007","31.9","6.3","consistent","HBS","consumption","2007","31.869999999999997","6.3100000000000005","2000 - 2018","20260922_2021_01_02_PROD","2026-10-10T15:05:43.529Z","2026-10-10T15:05:43.529Z","false","2026-10-10T15:05:42.520Z","2026-10-08","https://api.worldbank.org/pip/v1/pip?country=all&year=all&fill_gaps=false&reporting_level=national&welfare_type=all&version=20260922_2021_01_02_PROD&format=json","national","national","false","survey","micro","https://datacatalog.worldbank.org/int/public-licenses#cc-by"
"TZA","2011","30.9","7.4","precision-limited","HBS","consumption","2011.77","30.95","7.37","2000 - 2018","20260922_2021_01_02_PROD","2026-10-10T15:05:43.529Z","2026-10-10T15:05:43.529Z","false","2026-10-10T15:05:42.520Z","2026-10-08","https://api.worldbank.org/pip/v1/pip?country=all&year=all&fill_gaps=false&reporting_level=national&welfare_type=all&version=20260922_2021_01_02_PROD&format=json","national","national","false","survey","micro","https://datacatalog.worldbank.org/int/public-licenses#cc-by"
"TZA","2018","33.1","6.9","unavailable","","","","","","","20260922_2021_01_02_PROD","2026-10-10T15:05:43.529Z","2026-10-10T15:05:43.529Z","false","2026-10-10T15:05:42.520Z","2026-10-08","https://api.worldbank.org/pip/v1/pip?country=all&year=all&fill_gaps=false&reporting_level=national&welfare_type=all&version=20260922_2021_01_02_PROD&format=json","","","","","","https://datacatalog.worldbank.org/int/public-licenses#cc-by"
"THA","2000","33.7","6.2","precision-limited","SES","consumption","2000","33.69","6.16","2000 - 2013","20260922_2021_01_02_PROD","2026-10-10T15:05:43.529Z","2026-10-10T15:05:43.529Z","false","2026-10-10T15:05:42.520Z","2026-10-08","https://api.worldbank.org/pip/v1/pip?country=all&year=all&fill_gaps=false&reporting_level=national&welfare_type=all&version=20260922_2021_01_02_PROD&format=json","national","national","false","survey","micro","https://datacatalog.worldbank.org/int/public-licenses#cc-by"
"THA","2002","33.2","6.3","consistent","SES","consumption","2002","33.17","6.279999999999999","2000 - 2013","20260922_2021_01_02_PROD","2026-10-10T15:05:43.529Z","2026-10-10T15:05:43.529Z","false","2026-10-10T15:05:42.520Z","2026-10-08","https://api.worldbank.org/pip/v1/pip?country=all&year=all&fill_gaps=false&reporting_level=national&welfare_type=all&version=20260922_2021_01_02_PROD&format=json","national","national","false","survey","micro","https://datacatalog.worldbank.org/int/public-licenses#cc-by"
"THA","2004","33.8","6.1","consistent","SES","consumption","2004","33.78","6.11","2000 - 2013","20260922_2021_01_02_PROD","2026-10-10T15:05:43.529Z","2026-10-10T15:05:43.529Z","false","2026-10-10T15:05:42.520Z","2026-10-08","https://api.worldbank.org/pip/v1/pip?country=all&year=all&fill_gaps=false&reporting_level=national&welfare_type=all&version=20260922_2021_01_02_PROD&format=json","national","national","false","survey","micro","https://datacatalog.worldbank.org/int/public-licenses#cc-by"
"THA","2006","32.5","6","consistent","SES","consumption","2006","32.47","6.03","2000 - 2013","20260922_2021_01_02_PROD","2026-10-10T15:05:43.529Z","2026-10-10T15:05:43.529Z","false","2026-10-10T15:05:42.520Z","2026-10-08","https://api.worldbank.org/pip/v1/pip?country=all&year=all&fill_gaps=false&reporting_level=national&welfare_type=all&version=20260922_2021_01_02_PROD&format=json","national","national","false","survey","micro","https://datacatalog.worldbank.org/int/public-licenses#cc-by"
"THA","2007","30.8","6.5","consistent","SES","consumption","2007","30.830000000000002","6.5","2000 - 2013","20260922_2021_01_02_PROD","2026-10-10T15:05:43.529Z","2026-10-10T15:05:43.529Z","false","2026-10-10T15:05:42.520Z","2026-10-08","https://api.worldbank.org/pip/v1/pip?country=all&year=all&fill_gaps=false&reporting_level=national&welfare_type=all&version=20260922_2021_01_02_PROD&format=json","national","national","false","survey","micro","https://datacatalog.worldbank.org/int/public-licenses#cc-by"
"THA","2008","31.1","6.4","consistent","SES","consumption","2008","31.130000000000003","6.43","2000 - 2013","20260922_2021_01_02_PROD","2026-10-10T15:05:43.529Z","2026-10-10T15:05:43.529Z","false","2026-10-10T15:05:42.520Z","2026-10-08","https://api.worldbank.org/pip/v1/pip?country=all&year=all&fill_gaps=false&reporting_level=national&welfare_type=all&version=20260922_2021_01_02_PROD&format=json","national","national","false","survey","micro","https://datacatalog.worldbank.org/int/public-licenses#cc-by"
"THA","2009","30.6","6.5","consistent","SES","consumption","2009","30.59","6.529999999999999","2000 - 2013","20260922_2021_01_02_PROD","2026-10-10T15:05:43.529Z","2026-10-10T15:05:43.529Z","false","2026-10-10T15:05:42.520Z","2026-10-08","https://api.worldbank.org/pip/v1/pip?country=all&year=all&fill_gaps=false&reporting_level=national&welfare_type=all&version=20260922_2021_01_02_PROD&format=json","national","national","false","survey","micro","https://datacatalog.worldbank.org/int/public-licenses#cc-by"
"THA","2010","30.7","6.6","consistent","SES","consumption","2010","30.72","6.61","2000 - 2013","20260922_2021_01_02_PROD","2026-10-10T15:05:43.529Z","2026-10-10T15:05:43.529Z","false","2026-10-10T15:05:42.520Z","2026-10-08","https://api.worldbank.org/pip/v1/pip?country=all&year=all&fill_gaps=false&reporting_level=national&welfare_type=all&version=20260922_2021_01_02_PROD&format=json","national","national","false","survey","micro","https://datacatalog.worldbank.org/int/public-licenses#cc-by"
"THA","2011","29.9","7.2","consistent","SES","consumption","2011","29.9","7.23","2000 - 2013","20260922_2021_01_02_PROD","2026-10-10T15:05:43.529Z","2026-10-10T15:05:43.529Z","false","2026-10-10T15:05:42.520Z","2026-10-08","https://api.worldbank.org/pip/v1/pip?country=all&year=all&fill_gaps=false&reporting_level=national&welfare_type=all&version=20260922_2021_01_02_PROD&format=json","national","national","false","survey","micro","https://datacatalog.worldbank.org/int/public-licenses#cc-by"
"THA","2012","30.4","6.7","precision-limited","SES","consumption","2012","30.409999999999997","6.65","2000 - 2013","20260922_2021_01_02_PROD","2026-10-10T15:05:43.529Z","2026-10-10T15:05:43.529Z","false","2026-10-10T15:05:42.520Z","2026-10-08","https://api.worldbank.org/pip/v1/pip?country=all&year=all&fill_gaps=false&reporting_level=national&welfare_type=all&version=20260922_2021_01_02_PROD&format=json","national","national","false","survey","micro","https://datacatalog.worldbank.org/int/public-licenses#cc-by"
"THA","2013","29.2","6.9","consistent","SES","consumption","2013","29.220000000000002","6.93","2000 - 2013","20260922_2021_01_02_PROD","2026-10-10T15:05:43.529Z","2026-10-10T15:05:43.529Z","false","2026-10-10T15:05:42.520Z","2026-10-08","https://api.worldbank.org/pip/v1/pip?country=all&year=all&fill_gaps=false&reporting_level=national&welfare_type=all&version=20260922_2021_01_02_PROD&format=json","national","national","false","survey","micro","https://datacatalog.worldbank.org/int/public-licenses#cc-by"
"THA","2014","28.7","7.1","consistent","SES","consumption","2014","28.67","7.109999999999999","2014 - 2024","20260922_2021_01_02_PROD","2026-10-10T15:05:43.529Z","2026-10-10T15:05:43.529Z","false","2026-10-10T15:05:42.520Z","2026-10-08","https://api.worldbank.org/pip/v1/pip?country=all&year=all&fill_gaps=false&reporting_level=national&welfare_type=all&version=20260922_2021_01_02_PROD&format=json","national","national","false","survey","micro","https://datacatalog.worldbank.org/int/public-licenses#cc-by"
"THA","2015","28.4","7.5","consistent","SES","consumption","2015","28.4","7.489999999999999","2014 - 2024","20260922_2021_01_02_PROD","2026-10-10T15:05:43.529Z","2026-10-10T15:05:43.529Z","false","2026-10-10T15:05:42.520Z","2026-10-08","https://api.worldbank.org/pip/v1/pip?country=all&year=all&fill_gaps=false&reporting_level=national&welfare_type=all&version=20260922_2021_01_02_PROD&format=json","national","national","false","survey","micro","https://datacatalog.worldbank.org/int/public-licenses#cc-by"
"THA","2016","28.7","7.3","consistent","SES","consumption","2016","28.720000000000002","7.3","2014 - 2024","20260922_2021_01_02_PROD","2026-10-10T15:05:43.529Z","2026-10-10T15:05:43.529Z","false","2026-10-10T15:05:42.520Z","2026-10-08","https://api.worldbank.org/pip/v1/pip?country=all&year=all&fill_gaps=false&reporting_level=national&welfare_type=all&version=20260922_2021_01_02_PROD&format=json","national","national","false","survey","micro","https://datacatalog.worldbank.org/int/public-licenses#cc-by"
"THA","2017","28.3","7.3","consistent","SES","consumption","2017","28.28","7.28","2014 - 2024","20260922_2021_01_02_PROD","2026-10-10T15:05:43.529Z","2026-10-10T15:05:43.529Z","false","2026-10-10T15:05:42.520Z","2026-10-08","https://api.worldbank.org/pip/v1/pip?country=all&year=all&fill_gaps=false&reporting_level=national&welfare_type=all&version=20260922_2021_01_02_PROD&format=json","national","national","false","survey","micro","https://datacatalog.worldbank.org/int/public-licenses#cc-by"
"THA","2018","28.1","7.2","precision-limited","SES","consumption","2018","28.15","7.249999999999999","2014 - 2024","20260922_2021_01_02_PROD","2026-10-10T15:05:43.529Z","2026-10-10T15:05:43.529Z","false","2026-10-10T15:05:42.520Z","2026-10-08","https://api.worldbank.org/pip/v1/pip?country=all&year=all&fill_gaps=false&reporting_level=national&welfare_type=all&version=20260922_2021_01_02_PROD&format=json","national","national","false","survey","micro","https://datacatalog.worldbank.org/int/public-licenses#cc-by"
"THA","2019","27.2","7.7","consistent","SES","consumption","2019","27.21","7.7","2014 - 2024","20260922_2021_01_02_PROD","2026-10-10T15:05:43.529Z","2026-10-10T15:05:43.529Z","false","2026-10-10T15:05:42.520Z","2026-10-08","https://api.worldbank.org/pip/v1/pip?country=all&year=all&fill_gaps=false&reporting_level=national&welfare_type=all&version=20260922_2021_01_02_PROD&format=json","national","national","false","survey","micro","https://datacatalog.worldbank.org/int/public-licenses#cc-by"
"THA","2020","27","7.5","consistent","SES","consumption","2020","27.01","7.51","2014 - 2024","20260922_2021_01_02_PROD","2026-10-10T15:05:43.529Z","2026-10-10T15:05:43.529Z","false","2026-10-10T15:05:42.520Z","2026-10-08","https://api.worldbank.org/pip/v1/pip?country=all&year=all&fill_gaps=false&reporting_level=national&welfare_type=all&version=20260922_2021_01_02_PROD&format=json","national","national","false","survey","micro","https://datacatalog.worldbank.org/int/public-licenses#cc-by"
"THA","2021","27.1","7.6","precision-limited","SES","consumption","2021","27.05","7.59","2014 - 2024","20260922_2021_01_02_PROD","2026-10-10T15:05:43.529Z","2026-10-10T15:05:43.529Z","false","2026-10-10T15:05:42.520Z","2026-10-08","https://api.worldbank.org/pip/v1/pip?country=all&year=all&fill_gaps=false&reporting_level=national&welfare_type=all&version=20260922_2021_01_02_PROD&format=json","national","national","false","survey","micro","https://datacatalog.worldbank.org/int/public-licenses#cc-by"
"THA","2022","26.5","7.7","consistent","SES","consumption","2022","26.529999999999998","7.6899999999999995","2014 - 2024","20260922_2021_01_02_PROD","2026-10-10T15:05:43.529Z","2026-10-10T15:05:43.529Z","false","2026-10-10T15:05:42.520Z","2026-10-08","https://api.worldbank.org/pip/v1/pip?country=all&year=all&fill_gaps=false&reporting_level=national&welfare_type=all&version=20260922_2021_01_02_PROD&format=json","national","national","false","survey","micro","https://datacatalog.worldbank.org/int/public-licenses#cc-by"
"THA","2023","26.1","7.9","precision-limited","SES","consumption","2023","26.119999999999997","7.9399999999999995","2014 - 2024","20260922_2021_01_02_PROD","2026-10-10T15:05:43.529Z","2026-10-10T15:05:43.529Z","false","2026-10-10T15:05:42.520Z","2026-10-08","https://api.worldbank.org/pip/v1/pip?country=all&year=all&fill_gaps=false&reporting_level=national&welfare_type=all&version=20260922_2021_01_02_PROD&format=json","national","national","false","survey","micro","https://datacatalog.worldbank.org/int/public-licenses#cc-by"
"THA","2024","26","7.9","precision-limited","SES","consumption","2024","26.05","7.95","2014 - 2024","20260922_2021_01_02_PROD","2026-10-10T15:05:43.529Z","2026-10-10T15:05:43.529Z","false","2026-10-10T15:05:42.520Z","2026-10-08","https://api.worldbank.org/pip/v1/pip?country=all&year=all&fill_gaps=false&reporting_level=national&welfare_type=all&version=20260922_2021_01_02_PROD&format=json","national","national","false","survey","micro","https://datacatalog.worldbank.org/int/public-licenses#cc-by"
"TLS","2001","28.2","7.3","consistent","TLSS","consumption","2001","28.21","7.28","2001 - 2014","20260922_2021_01_02_PROD","2026-10-10T15:05:43.529Z","2026-10-10T15:05:43.529Z","false","2026-10-10T15:05:42.520Z","2026-10-08","https://api.worldbank.org/pip/v1/pip?country=all&year=all&fill_gaps=false&reporting_level=national&welfare_type=all&version=20260922_2021_01_02_PROD&format=json","national","national","false","survey","micro","https://datacatalog.worldbank.org/int/public-licenses#cc-by"
"TLS","2007","22.9","9.5","consistent","TLSLS","consumption","2007","22.88","9.520000000000001","2001 - 2014","20260922_2021_01_02_PROD","2026-10-10T15:05:43.529Z","2026-10-10T15:05:43.529Z","false","2026-10-10T15:05:42.520Z","2026-10-08","https://api.worldbank.org/pip/v1/pip?country=all&year=all&fill_gaps=false&reporting_level=national&welfare_type=all&version=20260922_2021_01_02_PROD&format=json","national","national","false","survey","micro","https://datacatalog.worldbank.org/int/public-licenses#cc-by"
"TLS","2014","24","9.4","consistent","TLSLS","consumption","2014.31","23.98","9.42","2001 - 2014","20260922_2021_01_02_PROD","2026-10-10T15:05:43.529Z","2026-10-10T15:05:43.529Z","false","2026-10-10T15:05:42.520Z","2026-10-08","https://api.worldbank.org/pip/v1/pip?country=all&year=all&fill_gaps=false&reporting_level=national&welfare_type=all&version=20260922_2021_01_02_PROD&format=json","national","national","false","survey","micro","https://datacatalog.worldbank.org/int/public-licenses#cc-by"
"TGO","2006","32.6","6.1","precision-limited","QUIBB","consumption","2006","32.64","6.0600000000000005","2006 - 2015","20260922_2021_01_02_PROD","2026-10-10T15:05:43.529Z","2026-10-10T15:05:43.529Z","false","2026-10-10T15:05:42.520Z","2026-10-08","https://api.worldbank.org/pip/v1/pip?country=all&year=all&fill_gaps=false&reporting_level=national&welfare_type=all&version=20260922_2021_01_02_PROD&format=json","national","national","false","survey","micro","https://datacatalog.worldbank.org/int/public-licenses#cc-by"
"TGO","2011","34.5","4.8","precision-limited","QUIBB","consumption","2011","34.510000000000005","4.84","2006 - 2015","20260922_2021_01_02_PROD","2026-10-10T15:05:43.529Z","2026-10-10T15:05:43.529Z","false","2026-10-10T15:05:42.520Z","2026-10-08","https://api.worldbank.org/pip/v1/pip?country=all&year=all&fill_gaps=false&reporting_level=national&welfare_type=all&version=20260922_2021_01_02_PROD&format=json","national","national","false","survey","micro","https://datacatalog.worldbank.org/int/public-licenses#cc-by"
"TGO","2015","31.5","5.1","precision-limited","QUIBB","consumption","2015","31.55","5.0600000000000005","2006 - 2015","20260922_2021_01_02_PROD","2026-10-10T15:05:43.529Z","2026-10-10T15:05:43.529Z","false","2026-10-10T15:05:42.520Z","2026-10-08","https://api.worldbank.org/pip/v1/pip?country=all&year=all&fill_gaps=false&reporting_level=national&welfare_type=all&version=20260922_2021_01_02_PROD&format=json","national","national","false","survey","micro","https://datacatalog.worldbank.org/int/public-licenses#cc-by"
"TGO","2018","33","5.8","precision-limited","EHCVM","consumption","2018.43","33.019999999999996","5.76","2018 - 2021","20260922_2021_01_02_PROD","2026-10-10T15:05:43.529Z","2026-10-10T15:05:43.529Z","false","2026-10-10T15:05:42.520Z","2026-10-08","https://api.worldbank.org/pip/v1/pip?country=all&year=all&fill_gaps=false&reporting_level=national&welfare_type=all&version=20260922_2021_01_02_PROD&format=json","national","national","false","survey","micro","https://datacatalog.worldbank.org/int/public-licenses#cc-by"
"TGO","2021","29.6","6.8","consistent","EHCVM","consumption","2021.63","29.630000000000003","6.820000000000001","2018 - 2021","20260922_2021_01_02_PROD","2026-10-10T15:05:43.529Z","2026-10-10T15:05:43.529Z","false","2026-10-10T15:05:42.520Z","2026-10-08","https://api.worldbank.org/pip/v1/pip?country=all&year=all&fill_gaps=false&reporting_level=national&welfare_type=all&version=20260922_2021_01_02_PROD&format=json","national","national","false","survey","micro","https://datacatalog.worldbank.org/int/public-licenses#cc-by"
"TON","2000","28.2","6.3","precision-limited","HIES","consumption","2000.75","28.189999999999998","6.25","2000","20260922_2021_01_02_PROD","2026-10-10T15:05:43.529Z","2026-10-10T15:05:43.529Z","false","2026-10-10T15:05:42.520Z","2026-10-08","https://api.worldbank.org/pip/v1/pip?country=all&year=all&fill_gaps=false&reporting_level=national&welfare_type=all&version=20260922_2021_01_02_PROD&format=json","national","national","false","survey","micro","https://datacatalog.worldbank.org/int/public-licenses#cc-by"
"TON","2009","28.9","6.7","precision-limited","HIES","consumption","2009","28.92","6.74","2009 - 2015","20260922_2021_01_02_PROD","2026-10-10T15:05:43.529Z","2026-10-10T15:05:43.529Z","false","2026-10-10T15:05:42.520Z","2026-10-08","https://api.worldbank.org/pip/v1/pip?country=all&year=all&fill_gaps=false&reporting_level=national&welfare_type=all&version=20260922_2021_01_02_PROD&format=json","national","national","false","survey","micro","https://datacatalog.worldbank.org/int/public-licenses#cc-by"
"TON","2015","26.8","7.7","precision-limited","HIES","consumption","2015","26.779999999999998","7.66","2009 - 2015","20260922_2021_01_02_PROD","2026-10-10T15:05:43.529Z","2026-10-10T15:05:43.529Z","false","2026-10-10T15:05:42.520Z","2026-10-08","https://api.worldbank.org/pip/v1/pip?country=all&year=all&fill_gaps=false&reporting_level=national&welfare_type=all&version=20260922_2021_01_02_PROD&format=json","national","national","false","survey","micro","https://datacatalog.worldbank.org/int/public-licenses#cc-by"
"TON","2021","22","9.3","precision-limited","HIES","consumption","2021","22.009999999999998","9.340000000000002","2021","20260922_2021_01_02_PROD","2026-10-10T15:05:43.529Z","2026-10-10T15:05:43.529Z","false","2026-10-10T15:05:42.520Z","2026-10-08","https://api.worldbank.org/pip/v1/pip?country=all&year=all&fill_gaps=false&reporting_level=national&welfare_type=all&version=20260922_2021_01_02_PROD&format=json","national","national","false","survey","micro","https://datacatalog.worldbank.org/int/public-licenses#cc-by"
"TUN","2000","31.6","6","precision-limited","LSS","consumption","2000","31.569999999999997","5.96","1995 - 2000","20260922_2021_01_02_PROD","2026-10-10T15:05:43.529Z","2026-10-10T15:05:43.529Z","false","2026-10-10T15:05:42.520Z","2026-10-08","https://api.worldbank.org/pip/v1/pip?country=all&year=all&fill_gaps=false&reporting_level=national&welfare_type=all&version=20260922_2021_01_02_PROD&format=json","national","national","false","survey","group","https://datacatalog.worldbank.org/int/public-licenses#cc-by"
"TUN","2005","29.1","6.4","precision-limited","NSHBCSL","consumption","2005.34","29.07","6.4399999999999995","2005 - 2021","20260922_2021_01_02_PROD","2026-10-10T15:05:43.529Z","2026-10-10T15:05:43.529Z","false","2026-10-10T15:05:42.520Z","2026-10-08","https://api.worldbank.org/pip/v1/pip?country=all&year=all&fill_gaps=false&reporting_level=national&welfare_type=all&version=20260922_2021_01_02_PROD&format=json","national","national","false","survey","micro","https://datacatalog.worldbank.org/int/public-licenses#cc-by"
"TUN","2010","29.3","6.3","precision-limited","NSHBCSL","consumption","2010.41","29.25","6.260000000000001","2005 - 2021","20260922_2021_01_02_PROD","2026-10-10T15:05:43.529Z","2026-10-10T15:05:43.529Z","false","2026-10-10T15:05:42.520Z","2026-10-08","https://api.worldbank.org/pip/v1/pip?country=all&year=all&fill_gaps=false&reporting_level=national&welfare_type=all&version=20260922_2021_01_02_PROD&format=json","national","national","false","survey","micro","https://datacatalog.worldbank.org/int/public-licenses#cc-by"
"TUN","2015","25.6","7.8","consistent","NSHBCSL","consumption","2015.42","25.569999999999997","7.8100000000000005","2005 - 2021","20260922_2021_01_02_PROD","2026-10-10T15:05:43.529Z","2026-10-10T15:05:43.529Z","false","2026-10-10T15:05:42.520Z","2026-10-08","https://api.worldbank.org/pip/v1/pip?country=all&year=all&fill_gaps=false&reporting_level=national&welfare_type=all&version=20260922_2021_01_02_PROD&format=json","national","national","false","survey","micro","https://datacatalog.worldbank.org/int/public-licenses#cc-by"
"TUN","2021","27","7.7","precision-limited","NSHBCSL","consumption","2021.23","26.979999999999997","7.66","2005 - 2021","20260922_2021_01_02_PROD","2026-10-10T15:05:43.529Z","2026-10-10T15:05:43.529Z","false","2026-10-10T15:05:42.520Z","2026-10-08","https://api.worldbank.org/pip/v1/pip?country=all&year=all&fill_gaps=false&reporting_level=national&welfare_type=all&version=20260922_2021_01_02_PROD&format=json","national","national","false","survey","micro","https://datacatalog.worldbank.org/int/public-licenses#cc-by"
"TUR","2002","31.9","5.8","precision-limited","HICES","consumption","2002","31.85","5.76","2002 - 2019","20260922_2021_01_02_PROD","2026-10-10T15:05:43.529Z","2026-10-10T15:05:43.529Z","false","2026-10-10T15:05:42.520Z","2026-10-08","https://api.worldbank.org/pip/v1/pip?country=all&year=all&fill_gaps=false&reporting_level=national&welfare_type=all&version=20260922_2021_01_02_PROD&format=json","national","national","false","survey","micro","https://datacatalog.worldbank.org/int/public-licenses#cc-by"
"TUR","2003","32.4","5.5","consistent","HICES","consumption","2003","32.4","5.51","2002 - 2019","20260922_2021_01_02_PROD","2026-10-10T15:05:43.529Z","2026-10-10T15:05:43.529Z","false","2026-10-10T15:05:42.520Z","2026-10-08","https://api.worldbank.org/pip/v1/pip?country=all&year=all&fill_gaps=false&reporting_level=national&welfare_type=all&version=20260922_2021_01_02_PROD&format=json","national","national","false","survey","micro","https://datacatalog.worldbank.org/int/public-licenses#cc-by"
"TUR","2004","30.8","5.4","consistent","HICES","consumption","2004","30.830000000000002","5.37","2002 - 2019","20260922_2021_01_02_PROD","2026-10-10T15:05:43.529Z","2026-10-10T15:05:43.529Z","false","2026-10-10T15:05:42.520Z","2026-10-08","https://api.worldbank.org/pip/v1/pip?country=all&year=all&fill_gaps=false&reporting_level=national&welfare_type=all&version=20260922_2021_01_02_PROD&format=json","national","national","false","survey","micro","https://datacatalog.worldbank.org/int/public-licenses#cc-by"
"TUR","2005","32.8","5.2","precision-limited","HICES","consumption","2005","32.76","5.159999999999999","2002 - 2019","20260922_2021_01_02_PROD","2026-10-10T15:05:43.529Z","2026-10-10T15:05:43.529Z","false","2026-10-10T15:05:42.520Z","2026-10-08","https://api.worldbank.org/pip/v1/pip?country=all&year=all&fill_gaps=false&reporting_level=national&welfare_type=all&version=20260922_2021_01_02_PROD&format=json","national","national","false","survey","micro","https://datacatalog.worldbank.org/int/public-licenses#cc-by"
"TUR","2006","29.6","5.6","consistent","HICES","consumption","2006","29.56","5.609999999999999","2002 - 2019","20260922_2021_01_02_PROD","2026-10-10T15:05:43.529Z","2026-10-10T15:05:43.529Z","false","2026-10-10T15:05:42.520Z","2026-10-08","https://api.worldbank.org/pip/v1/pip?country=all&year=all&fill_gaps=false&reporting_level=national&welfare_type=all&version=20260922_2021_01_02_PROD&format=json","national","national","false","survey","micro","https://datacatalog.worldbank.org/int/public-licenses#cc-by"
"TUR","2007","28.2","5.8","precision-limited","HICES","consumption","2007","28.23","5.76","2002 - 2019","20260922_2021_01_02_PROD","2026-10-10T15:05:43.529Z","2026-10-10T15:05:43.529Z","false","2026-10-10T15:05:42.520Z","2026-10-08","https://api.worldbank.org/pip/v1/pip?country=all&year=all&fill_gaps=false&reporting_level=national&welfare_type=all&version=20260922_2021_01_02_PROD&format=json","national","national","false","survey","micro","https://datacatalog.worldbank.org/int/public-licenses#cc-by"
"TUR","2008","29.4","5.7","consistent","HICES","consumption","2008","29.439999999999998","5.7","2002 - 2019","20260922_2021_01_02_PROD","2026-10-10T15:05:43.529Z","2026-10-10T15:05:43.529Z","false","2026-10-10T15:05:42.520Z","2026-10-08","https://api.worldbank.org/pip/v1/pip?country=all&year=all&fill_gaps=false&reporting_level=national&welfare_type=all&version=20260922_2021_01_02_PROD&format=json","national","national","false","survey","micro","https://datacatalog.worldbank.org/int/public-licenses#cc-by"
"TUR","2009","29.2","5.9","consistent","HICES","consumption","2009","29.21","5.880000000000001","2002 - 2019","20260922_2021_01_02_PROD","2026-10-10T15:05:43.529Z","2026-10-10T15:05:43.529Z","false","2026-10-10T15:05:42.520Z","2026-10-08","https://api.worldbank.org/pip/v1/pip?country=all&year=all&fill_gaps=false&reporting_level=national&welfare_type=all&version=20260922_2021_01_02_PROD&format=json","national","national","false","survey","micro","https://datacatalog.worldbank.org/int/public-licenses#cc-by"
"TUR","2010","29.3","5.9","consistent","HICES","consumption","2010","29.29","5.9","2002 - 2019","20260922_2021_01_02_PROD","2026-10-10T15:05:43.529Z","2026-10-10T15:05:43.529Z","false","2026-10-10T15:05:42.520Z","2026-10-08","https://api.worldbank.org/pip/v1/pip?country=all&year=all&fill_gaps=false&reporting_level=national&welfare_type=all&version=20260922_2021_01_02_PROD&format=json","national","national","false","survey","micro","https://datacatalog.worldbank.org/int/public-licenses#cc-by"
"TUR","2011","30.5","5.8","consistent","HICES","consumption","2011","30.5","5.79","2002 - 2019","20260922_2021_01_02_PROD","2026-10-10T15:05:43.529Z","2026-10-10T15:05:43.529Z","false","2026-10-10T15:05:42.520Z","2026-10-08","https://api.worldbank.org/pip/v1/pip?country=all&year=all&fill_gaps=false&reporting_level=national&welfare_type=all&version=20260922_2021_01_02_PROD&format=json","national","national","false","survey","micro","https://datacatalog.worldbank.org/int/public-licenses#cc-by"
"TUR","2012","30.5","5.8","consistent","HICES","consumption","2012","30.5","5.8","2002 - 2019","20260922_2021_01_02_PROD","2026-10-10T15:05:43.529Z","2026-10-10T15:05:43.529Z","false","2026-10-10T15:05:42.520Z","2026-10-08","https://api.worldbank.org/pip/v1/pip?country=all&year=all&fill_gaps=false&reporting_level=national&welfare_type=all&version=20260922_2021_01_02_PROD&format=json","national","national","false","survey","micro","https://datacatalog.worldbank.org/int/public-licenses#cc-by"
"TUR","2013","30.6","5.8","precision-limited","HICES","consumption","2013","30.580000000000002","5.85","2002 - 2019","20260922_2021_01_02_PROD","2026-10-10T15:05:43.529Z","2026-10-10T15:05:43.529Z","false","2026-10-10T15:05:42.520Z","2026-10-08","https://api.worldbank.org/pip/v1/pip?country=all&year=all&fill_gaps=false&reporting_level=national&welfare_type=all&version=20260922_2021_01_02_PROD&format=json","national","national","false","survey","micro","https://datacatalog.worldbank.org/int/public-licenses#cc-by"
"TUR","2014","31.6","5.8","consistent","HICES","consumption","2014","31.6","5.779999999999999","2002 - 2019","20260922_2021_01_02_PROD","2026-10-10T15:05:43.529Z","2026-10-10T15:05:43.529Z","false","2026-10-10T15:05:42.520Z","2026-10-08","https://api.worldbank.org/pip/v1/pip?country=all&year=all&fill_gaps=false&reporting_level=national&welfare_type=all&version=20260922_2021_01_02_PROD&format=json","national","national","false","survey","micro","https://datacatalog.worldbank.org/int/public-licenses#cc-by"
"TUR","2015","33.5","5.6","consistent","HICES","consumption","2015","33.46","5.6","2002 - 2019","20260922_2021_01_02_PROD","2026-10-10T15:05:43.529Z","2026-10-10T15:05:43.529Z","false","2026-10-10T15:05:42.520Z","2026-10-08","https://api.worldbank.org/pip/v1/pip?country=all&year=all&fill_gaps=false&reporting_level=national&welfare_type=all&version=20260922_2021_01_02_PROD&format=json","national","national","false","survey","micro","https://datacatalog.worldbank.org/int/public-licenses#cc-by"
"TUR","2016","32.1","5.7","consistent","HICES","consumption","2016","32.08","5.72","2002 - 2019","20260922_2021_01_02_PROD","2026-10-10T15:05:43.529Z","2026-10-10T15:05:43.529Z","false","2026-10-10T15:05:42.520Z","2026-10-08","https://api.worldbank.org/pip/v1/pip?country=all&year=all&fill_gaps=false&reporting_level=national&welfare_type=all&version=20260922_2021_01_02_PROD&format=json","national","national","false","survey","micro","https://datacatalog.worldbank.org/int/public-licenses#cc-by"
"TUR","2017","34","5.4","consistent","SILC-C","income","2017","33.98","5.38","2017 - 2023","20260922_2021_01_02_PROD","2026-10-10T15:05:43.529Z","2026-10-10T15:05:43.529Z","false","2026-10-10T15:05:42.520Z","2026-10-08","https://api.worldbank.org/pip/v1/pip?country=all&year=all&fill_gaps=false&reporting_level=national&welfare_type=all&version=20260922_2021_01_02_PROD&format=json","national","national","false","survey","micro","https://datacatalog.worldbank.org/int/public-licenses#cc-by"
"TUR","2018","32.6","5.4","precision-limited","SILC-C","income","2018","32.6","5.449999999999999","2017 - 2023","20260922_2021_01_02_PROD","2026-10-10T15:05:43.529Z","2026-10-10T15:05:43.529Z","false","2026-10-10T15:05:42.520Z","2026-10-08","https://api.worldbank.org/pip/v1/pip?country=all&year=all&fill_gaps=false&reporting_level=national&welfare_type=all&version=20260922_2021_01_02_PROD&format=json","national","national","false","survey","micro","https://datacatalog.worldbank.org/int/public-licenses#cc-by"
"TUR","2019","33.9","5.2","precision-limited","SILC-C","income","2019","33.95","5.21","2017 - 2023","20260922_2021_01_02_PROD","2026-10-10T15:05:43.529Z","2026-10-10T15:05:43.529Z","false","2026-10-10T15:05:42.520Z","2026-10-08","https://api.worldbank.org/pip/v1/pip?country=all&year=all&fill_gaps=false&reporting_level=national&welfare_type=all&version=20260922_2021_01_02_PROD&format=json","national","national","false","survey","micro","https://datacatalog.worldbank.org/int/public-licenses#cc-by"
"TUR","2020","33","5.3","consistent","SILC-C","income","2020","32.98","5.29","2017 - 2023","20260922_2021_01_02_PROD","2026-10-10T15:05:43.529Z","2026-10-10T15:05:43.529Z","false","2026-10-10T15:05:42.520Z","2026-10-08","https://api.worldbank.org/pip/v1/pip?country=all&year=all&fill_gaps=false&reporting_level=national&welfare_type=all&version=20260922_2021_01_02_PROD&format=json","national","national","false","survey","micro","https://datacatalog.worldbank.org/int/public-licenses#cc-by"
"TUR","2021","34.7","5.2","precision-limited","SILC-C","income","2021","34.73","5.25","2017 - 2023","20260922_2021_01_02_PROD","2026-10-10T15:05:43.529Z","2026-10-10T15:05:43.529Z","false","2026-10-10T15:05:42.520Z","2026-10-08","https://api.worldbank.org/pip/v1/pip?country=all&year=all&fill_gaps=false&reporting_level=national&welfare_type=all&version=20260922_2021_01_02_PROD&format=json","national","national","false","survey","micro","https://datacatalog.worldbank.org/int/public-licenses#cc-by"
"TUR","2022","35.2","5.4","consistent","SILC-C","income","2022","35.199999999999996","5.4","2017 - 2023","20260922_2021_01_02_PROD","2026-10-10T15:05:43.529Z","2026-10-10T15:05:43.529Z","false","2026-10-10T15:05:42.520Z","2026-10-08","https://api.worldbank.org/pip/v1/pip?country=all&year=all&fill_gaps=false&reporting_level=national&welfare_type=all&version=20260922_2021_01_02_PROD&format=json","national","national","false","survey","micro","https://datacatalog.worldbank.org/int/public-licenses#cc-by"
"TUR","2023","34.4","5.5","consistent","SILC-C","income","2023","34.43","5.51","2017 - 2023","20260922_2021_01_02_PROD","2026-10-10T15:05:43.529Z","2026-10-10T15:05:43.529Z","false","2026-10-10T15:05:42.520Z","2026-10-08","https://api.worldbank.org/pip/v1/pip?country=all&year=all&fill_gaps=false&reporting_level=national&welfare_type=all&version=20260922_2021_01_02_PROD&format=json","national","national","false","survey","micro","https://datacatalog.worldbank.org/int/public-licenses#cc-by"
"TUV","2010","30.8","6.6","consistent","HIES","consumption","2010","30.769999999999996","6.6000000000000005","2010","20260922_2021_01_02_PROD","2026-10-10T15:05:43.529Z","2026-10-10T15:05:43.529Z","false","2026-10-10T15:05:42.520Z","2026-10-08","https://api.worldbank.org/pip/v1/pip?country=all&year=all&fill_gaps=false&reporting_level=national&welfare_type=all&version=20260922_2021_01_02_PROD&format=json","national","national","false","survey","micro","https://datacatalog.worldbank.org/int/public-licenses#cc-by"
"UGA","2002","37.5","5.9","consistent","UNHS","consumption","2002.36","37.46","5.88","2002 - 2023","20260922_2021_01_02_PROD","2026-10-10T15:05:43.529Z","2026-10-10T15:05:43.529Z","false","2026-10-10T15:05:42.520Z","2026-10-08","https://api.worldbank.org/pip/v1/pip?country=all&year=all&fill_gaps=false&reporting_level=national&welfare_type=all&version=20260922_2021_01_02_PROD&format=json","national","national","false","survey","micro","https://datacatalog.worldbank.org/int/public-licenses#cc-by"
"UGA","2005","34.5","6.1","precision-limited","UNHS","consumption","2005.33","34.53","6.0600000000000005","2002 - 2023","20260922_2021_01_02_PROD","2026-10-10T15:05:43.529Z","2026-10-10T15:05:43.529Z","false","2026-10-10T15:05:42.520Z","2026-10-08","https://api.worldbank.org/pip/v1/pip?country=all&year=all&fill_gaps=false&reporting_level=national&welfare_type=all&version=20260922_2021_01_02_PROD&format=json","national","national","false","survey","micro","https://datacatalog.worldbank.org/int/public-licenses#cc-by"
"UGA","2009","36.4","5.9","consistent","UNHS","consumption","2009.4","36.43","5.93","2002 - 2023","20260922_2021_01_02_PROD","2026-10-10T15:05:43.529Z","2026-10-10T15:05:43.529Z","false","2026-10-10T15:05:42.520Z","2026-10-08","https://api.worldbank.org/pip/v1/pip?country=all&year=all&fill_gaps=false&reporting_level=national&welfare_type=all&version=20260922_2021_01_02_PROD&format=json","national","national","false","survey","micro","https://datacatalog.worldbank.org/int/public-licenses#cc-by"
"UGA","2012","32.9","6.4","precision-limited","UNHS","consumption","2012.45","32.87","6.36","2002 - 2023","20260922_2021_01_02_PROD","2026-10-10T15:05:43.529Z","2026-10-10T15:05:43.529Z","false","2026-10-10T15:05:42.520Z","2026-10-08","https://api.worldbank.org/pip/v1/pip?country=all&year=all&fill_gaps=false&reporting_level=national&welfare_type=all&version=20260922_2021_01_02_PROD&format=json","national","national","false","survey","micro","https://datacatalog.worldbank.org/int/public-licenses#cc-by"
"UGA","2016","34.2","6.1","precision-limited","UNHS","consumption","2016.5","34.21","6.15","2002 - 2023","20260922_2021_01_02_PROD","2026-10-10T15:05:43.529Z","2026-10-10T15:05:43.529Z","false","2026-10-10T15:05:42.520Z","2026-10-08","https://api.worldbank.org/pip/v1/pip?country=all&year=all&fill_gaps=false&reporting_level=national&welfare_type=all&version=20260922_2021_01_02_PROD&format=json","national","national","false","survey","micro","https://datacatalog.worldbank.org/int/public-licenses#cc-by"
"UGA","2019","34.5","6.1","consistent","UNHS","consumption","2019.64","34.510000000000005","6.1","2002 - 2023","20260922_2021_01_02_PROD","2026-10-10T15:05:43.529Z","2026-10-10T15:05:43.529Z","false","2026-10-10T15:05:42.520Z","2026-10-08","https://api.worldbank.org/pip/v1/pip?country=all&year=all&fill_gaps=false&reporting_level=national&welfare_type=all&version=20260922_2021_01_02_PROD&format=json","national","national","false","survey","micro","https://datacatalog.worldbank.org/int/public-licenses#cc-by"
"UGA","2023","29.3","6.6","consistent","UNHS","consumption","2023.17","29.310000000000002","6.59","2002 - 2023","20260922_2021_01_02_PROD","2026-10-10T15:05:43.529Z","2026-10-10T15:05:43.529Z","false","2026-10-10T15:05:42.520Z","2026-10-08","https://api.worldbank.org/pip/v1/pip?country=all&year=all&fill_gaps=false&reporting_level=national&welfare_type=all&version=20260922_2021_01_02_PROD&format=json","national","national","false","survey","micro","https://datacatalog.worldbank.org/int/public-licenses#cc-by"
"UKR","2002","23.2","8.8","consistent","HLCS","consumption","2002","23.169999999999998","8.77","2002 - 2020","20260922_2021_01_02_PROD","2026-10-10T15:05:43.529Z","2026-10-10T15:05:43.529Z","false","2026-10-10T15:05:42.520Z","2026-10-08","https://api.worldbank.org/pip/v1/pip?country=all&year=all&fill_gaps=false&reporting_level=national&welfare_type=all&version=20260922_2021_01_02_PROD&format=json","national","national","false","survey","micro","https://datacatalog.worldbank.org/int/public-licenses#cc-by"
"UKR","2003","23.3","9.1","consistent","HLCS","consumption","2003","23.34","9.090000000000002","2002 - 2020","20260922_2021_01_02_PROD","2026-10-10T15:05:43.529Z","2026-10-10T15:05:43.529Z","false","2026-10-10T15:05:42.520Z","2026-10-08","https://api.worldbank.org/pip/v1/pip?country=all&year=all&fill_gaps=false&reporting_level=national&welfare_type=all&version=20260922_2021_01_02_PROD&format=json","national","national","false","survey","micro","https://datacatalog.worldbank.org/int/public-licenses#cc-by"
"UKR","2004","23.1","8.8","consistent","HLCS","consumption","2004","23.13","8.790000000000001","2002 - 2020","20260922_2021_01_02_PROD","2026-10-10T15:05:43.529Z","2026-10-10T15:05:43.529Z","false","2026-10-10T15:05:42.520Z","2026-10-08","https://api.worldbank.org/pip/v1/pip?country=all&year=all&fill_gaps=false&reporting_level=national&welfare_type=all&version=20260922_2021_01_02_PROD&format=json","national","national","false","survey","micro","https://datacatalog.worldbank.org/int/public-licenses#cc-by"
"UKR","2005","23.2","8.8","consistent","HLCS","consumption","2005","23.16","8.81","2002 - 2020","20260922_2021_01_02_PROD","2026-10-10T15:05:43.529Z","2026-10-10T15:05:43.529Z","false","2026-10-10T15:05:42.520Z","2026-10-08","https://api.worldbank.org/pip/v1/pip?country=all&year=all&fill_gaps=false&reporting_level=national&welfare_type=all&version=20260922_2021_01_02_PROD&format=json","national","national","false","survey","micro","https://datacatalog.worldbank.org/int/public-licenses#cc-by"
"UKR","2006","24.1","8.8","consistent","HLCS","consumption","2006","24.11","8.790000000000001","2002 - 2020","20260922_2021_01_02_PROD","2026-10-10T15:05:43.529Z","2026-10-10T15:05:43.529Z","false","2026-10-10T15:05:42.520Z","2026-10-08","https://api.worldbank.org/pip/v1/pip?country=all&year=all&fill_gaps=false&reporting_level=national&welfare_type=all&version=20260922_2021_01_02_PROD&format=json","national","national","false","survey","micro","https://datacatalog.worldbank.org/int/public-licenses#cc-by"
"UKR","2007","22","9.5","precision-limited","HLCS","consumption","2007","22.040000000000003","9.459999999999999","2002 - 2020","20260922_2021_01_02_PROD","2026-10-10T15:05:43.529Z","2026-10-10T15:05:43.529Z","false","2026-10-10T15:05:42.520Z","2026-10-08","https://api.worldbank.org/pip/v1/pip?country=all&year=all&fill_gaps=false&reporting_level=national&welfare_type=all&version=20260922_2021_01_02_PROD&format=json","national","national","false","survey","micro","https://datacatalog.worldbank.org/int/public-licenses#cc-by"
"UKR","2008","21.9","9.6","precision-limited","HLCS","consumption","2008","21.9","9.64","2002 - 2020","20260922_2021_01_02_PROD","2026-10-10T15:05:43.529Z","2026-10-10T15:05:43.529Z","false","2026-10-10T15:05:42.520Z","2026-10-08","https://api.worldbank.org/pip/v1/pip?country=all&year=all&fill_gaps=false&reporting_level=national&welfare_type=all&version=20260922_2021_01_02_PROD&format=json","national","national","false","survey","micro","https://datacatalog.worldbank.org/int/public-licenses#cc-by"
"UKR","2009","21.1","10","precision-limited","HLCS","consumption","2009","21.15","9.99","2002 - 2020","20260922_2021_01_02_PROD","2026-10-10T15:05:43.529Z","2026-10-10T15:05:43.529Z","false","2026-10-10T15:05:42.520Z","2026-10-08","https://api.worldbank.org/pip/v1/pip?country=all&year=all&fill_gaps=false&reporting_level=national&welfare_type=all&version=20260922_2021_01_02_PROD&format=json","national","national","false","survey","micro","https://datacatalog.worldbank.org/int/public-licenses#cc-by"
"UKR","2010","21","10.2","consistent","HLCS","consumption","2010","20.97","10.209999999999999","2002 - 2020","20260922_2021_01_02_PROD","2026-10-10T15:05:43.529Z","2026-10-10T15:05:43.529Z","false","2026-10-10T15:05:42.520Z","2026-10-08","https://api.worldbank.org/pip/v1/pip?country=all&year=all&fill_gaps=false&reporting_level=national&welfare_type=all&version=20260922_2021_01_02_PROD&format=json","national","national","false","survey","micro","https://datacatalog.worldbank.org/int/public-licenses#cc-by"
"UKR","2011","20.7","10.2","precision-limited","HLCS","consumption","2011","20.74","10.24","2002 - 2020","20260922_2021_01_02_PROD","2026-10-10T15:05:43.529Z","2026-10-10T15:05:43.529Z","false","2026-10-10T15:05:42.520Z","2026-10-08","https://api.worldbank.org/pip/v1/pip?country=all&year=all&fill_gaps=false&reporting_level=national&welfare_type=all&version=20260922_2021_01_02_PROD&format=json","national","national","false","survey","micro","https://datacatalog.worldbank.org/int/public-licenses#cc-by"
"UKR","2012","20.8","10.2","consistent","HLCS","consumption","2012","20.76","10.209999999999999","2002 - 2020","20260922_2021_01_02_PROD","2026-10-10T15:05:43.529Z","2026-10-10T15:05:43.529Z","false","2026-10-10T15:05:42.520Z","2026-10-08","https://api.worldbank.org/pip/v1/pip?country=all&year=all&fill_gaps=false&reporting_level=national&welfare_type=all&version=20260922_2021_01_02_PROD&format=json","national","national","false","survey","micro","https://datacatalog.worldbank.org/int/public-licenses#cc-by"
"UKR","2013","21.1","10.3","consistent","HLCS","consumption","2013","21.07","10.280000000000001","2002 - 2020","20260922_2021_01_02_PROD","2026-10-10T15:05:43.529Z","2026-10-10T15:05:43.529Z","false","2026-10-10T15:05:42.520Z","2026-10-08","https://api.worldbank.org/pip/v1/pip?country=all&year=all&fill_gaps=false&reporting_level=national&welfare_type=all&version=20260922_2021_01_02_PROD&format=json","national","national","false","survey","micro","https://datacatalog.worldbank.org/int/public-licenses#cc-by"
"UKR","2014","20.6","10.5","precision-limited","HLCS","consumption","2014","20.57","10.459999999999999","2002 - 2020","20260922_2021_01_02_PROD","2026-10-10T15:05:43.529Z","2026-10-10T15:05:43.529Z","false","2026-10-10T15:05:42.520Z","2026-10-08","https://api.worldbank.org/pip/v1/pip?country=all&year=all&fill_gaps=false&reporting_level=national&welfare_type=all&version=20260922_2021_01_02_PROD&format=json","national","national","false","survey","micro","https://datacatalog.worldbank.org/int/public-licenses#cc-by"
"UKR","2015","21.6","10","consistent","HLCS","consumption","2015","21.58","10.020000000000001","2002 - 2020","20260922_2021_01_02_PROD","2026-10-10T15:05:43.529Z","2026-10-10T15:05:43.529Z","false","2026-10-10T15:05:42.520Z","2026-10-08","https://api.worldbank.org/pip/v1/pip?country=all&year=all&fill_gaps=false&reporting_level=national&welfare_type=all&version=20260922_2021_01_02_PROD&format=json","national","national","false","survey","micro","https://datacatalog.worldbank.org/int/public-licenses#cc-by"
"UKR","2016","21.2","10.1","consistent","HLCS","consumption","2016","21.2","10.07","2002 - 2020","20260922_2021_01_02_PROD","2026-10-10T15:05:43.529Z","2026-10-10T15:05:43.529Z","false","2026-10-10T15:05:42.520Z","2026-10-08","https://api.worldbank.org/pip/v1/pip?country=all&year=all&fill_gaps=false&reporting_level=national&welfare_type=all&version=20260922_2021_01_02_PROD&format=json","national","national","false","survey","micro","https://datacatalog.worldbank.org/int/public-licenses#cc-by"
"UKR","2017","21.7","9.8","consistent","HLCS","consumption","2017","21.66","9.82","2002 - 2020","20260922_2021_01_02_PROD","2026-10-10T15:05:43.529Z","2026-10-10T15:05:43.529Z","false","2026-10-10T15:05:42.520Z","2026-10-08","https://api.worldbank.org/pip/v1/pip?country=all&year=all&fill_gaps=false&reporting_level=national&welfare_type=all&version=20260922_2021_01_02_PROD&format=json","national","national","false","survey","micro","https://datacatalog.worldbank.org/int/public-licenses#cc-by"
"UKR","2018","22","9.9","precision-limited","HLCS","consumption","2018","21.990000000000002","9.85","2002 - 2020","20260922_2021_01_02_PROD","2026-10-10T15:05:43.529Z","2026-10-10T15:05:43.529Z","false","2026-10-10T15:05:42.520Z","2026-10-08","https://api.worldbank.org/pip/v1/pip?country=all&year=all&fill_gaps=false&reporting_level=national&welfare_type=all&version=20260922_2021_01_02_PROD&format=json","national","national","false","survey","micro","https://datacatalog.worldbank.org/int/public-licenses#cc-by"
"UKR","2019","22.3","9.7","consistent","HLCS","consumption","2019","22.33","9.670000000000002","2002 - 2020","20260922_2021_01_02_PROD","2026-10-10T15:05:43.529Z","2026-10-10T15:05:43.529Z","false","2026-10-10T15:05:42.520Z","2026-10-08","https://api.worldbank.org/pip/v1/pip?country=all&year=all&fill_gaps=false&reporting_level=national&welfare_type=all&version=20260922_2021_01_02_PROD&format=json","national","national","false","survey","micro","https://datacatalog.worldbank.org/int/public-licenses#cc-by"
"UKR","2020","21.7","10","consistent","HLCS","consumption","2020","21.72","10.02","2002 - 2020","20260922_2021_01_02_PROD","2026-10-10T15:05:43.529Z","2026-10-10T15:05:43.529Z","false","2026-10-10T15:05:42.520Z","2026-10-08","https://api.worldbank.org/pip/v1/pip?country=all&year=all&fill_gaps=false&reporting_level=national&welfare_type=all&version=20260922_2021_01_02_PROD&format=json","national","national","false","survey","micro","https://datacatalog.worldbank.org/int/public-licenses#cc-by"
"ARE","2013","21.4","6.2","consistent","HIES","income","2013.42","21.44","6.21","2013 - 2018","20260922_2021_01_02_PROD","2026-10-10T15:05:43.529Z","2026-10-10T15:05:43.529Z","false","2026-10-10T15:05:42.520Z","2026-10-08","https://api.worldbank.org/pip/v1/pip?country=all&year=all&fill_gaps=false&reporting_level=national&welfare_type=all&version=20260922_2021_01_02_PROD&format=json","national","national","false","survey","group","https://datacatalog.worldbank.org/int/public-licenses#cc-by"
"ARE","2018","20.5","8.2","consistent","HIES","income","2018","20.48","8.19","2013 - 2018","20260922_2021_01_02_PROD","2026-10-10T15:05:43.529Z","2026-10-10T15:05:43.529Z","false","2026-10-10T15:05:42.520Z","2026-10-08","https://api.worldbank.org/pip/v1/pip?country=all&year=all&fill_gaps=false&reporting_level=national&welfare_type=all&version=20260922_2021_01_02_PROD&format=json","national","national","false","survey","group","https://datacatalog.worldbank.org/int/public-licenses#cc-by"
"GBR","2000","31.2","6.7","consistent","FRS-LIS","income","2000","31.169999999999998","6.68","1994 - 2021","20260922_2021_01_02_PROD","2026-10-10T15:05:43.529Z","2026-10-10T15:05:43.529Z","false","2026-10-10T15:05:42.520Z","2026-10-08","https://api.worldbank.org/pip/v1/pip?country=all&year=all&fill_gaps=false&reporting_level=national&welfare_type=all&version=20260922_2021_01_02_PROD&format=json","national","national","false","survey","micro","https://datacatalog.worldbank.org/int/public-licenses#cc-by"
"GBR","2001","29.3","6.9","consistent","FRS-LIS","income","2001","29.34","6.909999999999999","1994 - 2021","20260922_2021_01_02_PROD","2026-10-10T15:05:43.529Z","2026-10-10T15:05:43.529Z","false","2026-10-10T15:05:42.520Z","2026-10-08","https://api.worldbank.org/pip/v1/pip?country=all&year=all&fill_gaps=false&reporting_level=national&welfare_type=all&version=20260922_2021_01_02_PROD&format=json","national","national","false","survey","micro","https://datacatalog.worldbank.org/int/public-licenses#cc-by"
"GBR","2002","27.7","7.2","consistent","FRS-LIS","income","2002","27.71","7.22","1994 - 2021","20260922_2021_01_02_PROD","2026-10-10T15:05:43.529Z","2026-10-10T15:05:43.529Z","false","2026-10-10T15:05:42.520Z","2026-10-08","https://api.worldbank.org/pip/v1/pip?country=all&year=all&fill_gaps=false&reporting_level=national&welfare_type=all&version=20260922_2021_01_02_PROD&format=json","national","national","false","survey","micro","https://datacatalog.worldbank.org/int/public-licenses#cc-by"
"GBR","2003","27.3","7.2","precision-limited","FRS-LIS","income","2003","27.339999999999996","7.239999999999999","1994 - 2021","20260922_2021_01_02_PROD","2026-10-10T15:05:43.529Z","2026-10-10T15:05:43.529Z","false","2026-10-10T15:05:42.520Z","2026-10-08","https://api.worldbank.org/pip/v1/pip?country=all&year=all&fill_gaps=false&reporting_level=national&welfare_type=all&version=20260922_2021_01_02_PROD&format=json","national","national","false","survey","micro","https://datacatalog.worldbank.org/int/public-licenses#cc-by"
"GBR","2004","27.3","7.3","consistent","FRS-LIS","income","2004","27.339999999999996","7.3","1994 - 2021","20260922_2021_01_02_PROD","2026-10-10T15:05:43.529Z","2026-10-10T15:05:43.529Z","false","2026-10-10T15:05:42.520Z","2026-10-08","https://api.worldbank.org/pip/v1/pip?country=all&year=all&fill_gaps=false&reporting_level=national&welfare_type=all&version=20260922_2021_01_02_PROD&format=json","national","national","false","survey","micro","https://datacatalog.worldbank.org/int/public-licenses#cc-by"
"GBR","2005","27.9","7.1","consistent","FRS-LIS","income","2005","27.87","7.109999999999999","1994 - 2021","20260922_2021_01_02_PROD","2026-10-10T15:05:43.529Z","2026-10-10T15:05:43.529Z","false","2026-10-10T15:05:42.520Z","2026-10-08","https://api.worldbank.org/pip/v1/pip?country=all&year=all&fill_gaps=false&reporting_level=national&welfare_type=all&version=20260922_2021_01_02_PROD&format=json","national","national","false","survey","micro","https://datacatalog.worldbank.org/int/public-licenses#cc-by"
"GBR","2006","28.3","7","precision-limited","FRS-LIS","income","2006","28.310000000000002","7.050000000000001","1994 - 2021","20260922_2021_01_02_PROD","2026-10-10T15:05:43.529Z","2026-10-10T15:05:43.529Z","false","2026-10-10T15:05:42.520Z","2026-10-08","https://api.worldbank.org/pip/v1/pip?country=all&year=all&fill_gaps=false&reporting_level=national&welfare_type=all&version=20260922_2021_01_02_PROD&format=json","national","national","false","survey","micro","https://datacatalog.worldbank.org/int/public-licenses#cc-by"
"GBR","2007","26.5","7.2","precision-limited","FRS-LIS","income","2007","26.55","7.1899999999999995","1994 - 2021","20260922_2021_01_02_PROD","2026-10-10T15:05:43.529Z","2026-10-10T15:05:43.529Z","false","2026-10-10T15:05:42.520Z","2026-10-08","https://api.worldbank.org/pip/v1/pip?country=all&year=all&fill_gaps=false&reporting_level=national&welfare_type=all&version=20260922_2021_01_02_PROD&format=json","national","national","false","survey","micro","https://datacatalog.worldbank.org/int/public-licenses#cc-by"
"GBR","2008","27.6","7","precision-limited","FRS-LIS","income","2008","27.62","7.049999999999999","1994 - 2021","20260922_2021_01_02_PROD","2026-10-10T15:05:43.529Z","2026-10-10T15:05:43.529Z","false","2026-10-10T15:05:42.520Z","2026-10-08","https://api.worldbank.org/pip/v1/pip?country=all&year=all&fill_gaps=false&reporting_level=national&welfare_type=all&version=20260922_2021_01_02_PROD&format=json","national","national","false","survey","micro","https://datacatalog.worldbank.org/int/public-licenses#cc-by"
"GBR","2009","27.4","7.2","consistent","FRS-LIS","income","2009","27.41","7.180000000000001","1994 - 2021","20260922_2021_01_02_PROD","2026-10-10T15:05:43.529Z","2026-10-10T15:05:43.529Z","false","2026-10-10T15:05:42.520Z","2026-10-08","https://api.worldbank.org/pip/v1/pip?country=all&year=all&fill_gaps=false&reporting_level=national&welfare_type=all&version=20260922_2021_01_02_PROD&format=json","national","national","false","survey","micro","https://datacatalog.worldbank.org/int/public-licenses#cc-by"
"GBR","2010","26.4","7.5","consistent","FRS-LIS","income","2010","26.39","7.53","1994 - 2021","20260922_2021_01_02_PROD","2026-10-10T15:05:43.529Z","2026-10-10T15:05:43.529Z","false","2026-10-10T15:05:42.520Z","2026-10-08","https://api.worldbank.org/pip/v1/pip?country=all&year=all&fill_gaps=false&reporting_level=national&welfare_type=all&version=20260922_2021_01_02_PROD&format=json","national","national","false","survey","micro","https://datacatalog.worldbank.org/int/public-licenses#cc-by"
"GBR","2011","25.9","7.6","consistent","FRS-LIS","income","2011","25.88","7.61","1994 - 2021","20260922_2021_01_02_PROD","2026-10-10T15:05:43.529Z","2026-10-10T15:05:43.529Z","false","2026-10-10T15:05:42.520Z","2026-10-08","https://api.worldbank.org/pip/v1/pip?country=all&year=all&fill_gaps=false&reporting_level=national&welfare_type=all&version=20260922_2021_01_02_PROD&format=json","national","national","false","survey","micro","https://datacatalog.worldbank.org/int/public-licenses#cc-by"
"GBR","2012","25.7","7.6","consistent","FRS-LIS","income","2012","25.679999999999996","7.62","1994 - 2021","20260922_2021_01_02_PROD","2026-10-10T15:05:43.529Z","2026-10-10T15:05:43.529Z","false","2026-10-10T15:05:42.520Z","2026-10-08","https://api.worldbank.org/pip/v1/pip?country=all&year=all&fill_gaps=false&reporting_level=national&welfare_type=all&version=20260922_2021_01_02_PROD&format=json","national","national","false","survey","micro","https://datacatalog.worldbank.org/int/public-licenses#cc-by"
"GBR","2013","25.3","7.7","consistent","FRS-LIS","income","2013","25.3","7.73","1994 - 2021","20260922_2021_01_02_PROD","2026-10-10T15:05:43.529Z","2026-10-10T15:05:43.529Z","false","2026-10-10T15:05:42.520Z","2026-10-08","https://api.worldbank.org/pip/v1/pip?country=all&year=all&fill_gaps=false&reporting_level=national&welfare_type=all&version=20260922_2021_01_02_PROD&format=json","national","national","false","survey","micro","https://datacatalog.worldbank.org/int/public-licenses#cc-by"
"GBR","2014","25.6","7.5","consistent","FRS-LIS","income","2014","25.590000000000003","7.529999999999999","1994 - 2021","20260922_2021_01_02_PROD","2026-10-10T15:05:43.529Z","2026-10-10T15:05:43.529Z","false","2026-10-10T15:05:42.520Z","2026-10-08","https://api.worldbank.org/pip/v1/pip?country=all&year=all&fill_gaps=false&reporting_level=national&welfare_type=all&version=20260922_2021_01_02_PROD&format=json","national","national","false","survey","micro","https://datacatalog.worldbank.org/int/public-licenses#cc-by"
"GBR","2015","25.7","7.5","precision-limited","FRS-LIS","income","2015","25.729999999999997","7.46","1994 - 2021","20260922_2021_01_02_PROD","2026-10-10T15:05:43.529Z","2026-10-10T15:05:43.529Z","false","2026-10-10T15:05:42.520Z","2026-10-08","https://api.worldbank.org/pip/v1/pip?country=all&year=all&fill_gaps=false&reporting_level=national&welfare_type=all&version=20260922_2021_01_02_PROD&format=json","national","national","false","survey","micro","https://datacatalog.worldbank.org/int/public-licenses#cc-by"
"GBR","2016","25.5","7.4","consistent","FRS-LIS","income","2016","25.490000000000002","7.430000000000001","1994 - 2021","20260922_2021_01_02_PROD","2026-10-10T15:05:43.529Z","2026-10-10T15:05:43.529Z","false","2026-10-10T15:05:42.520Z","2026-10-08","https://api.worldbank.org/pip/v1/pip?country=all&year=all&fill_gaps=false&reporting_level=national&welfare_type=all&version=20260922_2021_01_02_PROD&format=json","national","national","false","survey","micro","https://datacatalog.worldbank.org/int/public-licenses#cc-by"
"GBR","2017","25","7.5","precision-limited","FRS-LIS","income","2017","24.95","7.46","1994 - 2021","20260922_2021_01_02_PROD","2026-10-10T15:05:43.529Z","2026-10-10T15:05:43.529Z","false","2026-10-10T15:05:42.520Z","2026-10-08","https://api.worldbank.org/pip/v1/pip?country=all&year=all&fill_gaps=false&reporting_level=national&welfare_type=all&version=20260922_2021_01_02_PROD&format=json","national","national","false","survey","micro","https://datacatalog.worldbank.org/int/public-licenses#cc-by"
"GBR","2018","25.9","7.3","consistent","FRS-LIS","income","2018","25.86","7.2700000000000005","1994 - 2021","20260922_2021_01_02_PROD","2026-10-10T15:05:43.529Z","2026-10-10T15:05:43.529Z","false","2026-10-10T15:05:42.520Z","2026-10-08","https://api.worldbank.org/pip/v1/pip?country=all&year=all&fill_gaps=false&reporting_level=national&welfare_type=all&version=20260922_2021_01_02_PROD&format=json","national","national","false","survey","micro","https://datacatalog.worldbank.org/int/public-licenses#cc-by"
"GBR","2019","25.1","7.3","consistent","FRS-LIS","income","2019","25.130000000000003","7.33","1994 - 2021","20260922_2021_01_02_PROD","2026-10-10T15:05:43.529Z","2026-10-10T15:05:43.529Z","false","2026-10-10T15:05:42.520Z","2026-10-08","https://api.worldbank.org/pip/v1/pip?country=all&year=all&fill_gaps=false&reporting_level=national&welfare_type=all&version=20260922_2021_01_02_PROD&format=json","national","national","false","survey","micro","https://datacatalog.worldbank.org/int/public-licenses#cc-by"
"GBR","2020","24.9","7.6","consistent","FRS-LIS","income","2020","24.93","7.580000000000001","1994 - 2021","20260922_2021_01_02_PROD","2026-10-10T15:05:43.529Z","2026-10-10T15:05:43.529Z","false","2026-10-10T15:05:42.520Z","2026-10-08","https://api.worldbank.org/pip/v1/pip?country=all&year=all&fill_gaps=false&reporting_level=national&welfare_type=all&version=20260922_2021_01_02_PROD&format=json","national","national","false","survey","micro","https://datacatalog.worldbank.org/int/public-licenses#cc-by"
"GBR","2021","25","7.6","consistent","FRS-LIS","income","2021","25.009999999999998","7.579999999999999","1994 - 2021","20260922_2021_01_02_PROD","2026-10-10T15:05:43.529Z","2026-10-10T15:05:43.529Z","false","2026-10-10T15:05:42.520Z","2026-10-08","https://api.worldbank.org/pip/v1/pip?country=all&year=all&fill_gaps=false&reporting_level=national&welfare_type=all&version=20260922_2021_01_02_PROD&format=json","national","national","false","survey","micro","https://datacatalog.worldbank.org/int/public-licenses#cc-by"
"USA","2000","30.3","5.5","consistent","CPS-LIS","income","2000","30.29","5.51","1963 - 2001","20260922_2021_01_02_PROD","2026-10-10T15:05:43.529Z","2026-10-10T15:05:43.529Z","false","2026-10-10T15:05:42.520Z","2026-10-08","https://api.worldbank.org/pip/v1/pip?country=all&year=all&fill_gaps=false&reporting_level=national&welfare_type=all&version=20260922_2021_01_02_PROD&format=json","national","national","false","survey","micro","https://datacatalog.worldbank.org/int/public-licenses#cc-by"
"USA","2001","30.7","5.4","consistent","CPS-LIS","income","2001","30.659999999999997","5.390000000000001","1963 - 2001","20260922_2021_01_02_PROD","2026-10-10T15:05:43.529Z","2026-10-10T15:05:43.529Z","false","2026-10-10T15:05:42.520Z","2026-10-08","https://api.worldbank.org/pip/v1/pip?country=all&year=all&fill_gaps=false&reporting_level=national&welfare_type=all&version=20260922_2021_01_02_PROD&format=json","national","national","false","survey","micro","https://datacatalog.worldbank.org/int/public-licenses#cc-by"
"USA","2002","30.1","5.3","consistent","CPS-ASEC-LIS","income","2002","30.12","5.33","2002 - 2024","20260922_2021_01_02_PROD","2026-10-10T15:05:43.529Z","2026-10-10T15:05:43.529Z","false","2026-10-10T15:05:42.520Z","2026-10-08","https://api.worldbank.org/pip/v1/pip?country=all&year=all&fill_gaps=false&reporting_level=national&welfare_type=all&version=20260922_2021_01_02_PROD&format=json","national","national","false","survey","micro","https://datacatalog.worldbank.org/int/public-licenses#cc-by"
"USA","2003","30.2","5.2","precision-limited","CPS-ASEC-LIS","income","2003","30.25","5.22","2002 - 2024","20260922_2021_01_02_PROD","2026-10-10T15:05:43.529Z","2026-10-10T15:05:43.529Z","false","2026-10-10T15:05:42.520Z","2026-10-08","https://api.worldbank.org/pip/v1/pip?country=all&year=all&fill_gaps=false&reporting_level=national&welfare_type=all&version=20260922_2021_01_02_PROD&format=json","national","national","false","survey","micro","https://datacatalog.worldbank.org/int/public-licenses#cc-by"
"USA","2004","30.3","5.3","consistent","CPS-ASEC-LIS","income","2004","30.320000000000004","5.319999999999999","2002 - 2024","20260922_2021_01_02_PROD","2026-10-10T15:05:43.529Z","2026-10-10T15:05:43.529Z","false","2026-10-10T15:05:42.520Z","2026-10-08","https://api.worldbank.org/pip/v1/pip?country=all&year=all&fill_gaps=false&reporting_level=national&welfare_type=all&version=20260922_2021_01_02_PROD&format=json","national","national","false","survey","micro","https://datacatalog.worldbank.org/int/public-licenses#cc-by"
"USA","2005","31","5.2","precision-limited","CPS-ASEC-LIS","income","2005","31","5.25","2002 - 2024","20260922_2021_01_02_PROD","2026-10-10T15:05:43.529Z","2026-10-10T15:05:43.529Z","false","2026-10-10T15:05:42.520Z","2026-10-08","https://api.worldbank.org/pip/v1/pip?country=all&year=all&fill_gaps=false&reporting_level=national&welfare_type=all&version=20260922_2021_01_02_PROD&format=json","national","national","false","survey","micro","https://datacatalog.worldbank.org/int/public-licenses#cc-by"
"USA","2006","31.4","5.2","consistent","CPS-ASEC-LIS","income","2006","31.369999999999997","5.17","2002 - 2024","20260922_2021_01_02_PROD","2026-10-10T15:05:43.529Z","2026-10-10T15:05:43.529Z","false","2026-10-10T15:05:42.520Z","2026-10-08","https://api.worldbank.org/pip/v1/pip?country=all&year=all&fill_gaps=false&reporting_level=national&welfare_type=all&version=20260922_2021_01_02_PROD&format=json","national","national","false","survey","micro","https://datacatalog.worldbank.org/int/public-licenses#cc-by"
"USA","2007","30.6","5.2","consistent","CPS-ASEC-LIS","income","2007","30.599999999999998","5.18","2002 - 2024","20260922_2021_01_02_PROD","2026-10-10T15:05:43.529Z","2026-10-10T15:05:43.529Z","false","2026-10-10T15:05:42.520Z","2026-10-08","https://api.worldbank.org/pip/v1/pip?country=all&year=all&fill_gaps=false&reporting_level=national&welfare_type=all&version=20260922_2021_01_02_PROD&format=json","national","national","false","survey","micro","https://datacatalog.worldbank.org/int/public-licenses#cc-by"
"USA","2008","30.5","5.2","consistent","CPS-ASEC-LIS","income","2008","30.5","5.18","2002 - 2024","20260922_2021_01_02_PROD","2026-10-10T15:05:43.529Z","2026-10-10T15:05:43.529Z","false","2026-10-10T15:05:42.520Z","2026-10-08","https://api.worldbank.org/pip/v1/pip?country=all&year=all&fill_gaps=false&reporting_level=national&welfare_type=all&version=20260922_2021_01_02_PROD&format=json","national","national","false","survey","micro","https://datacatalog.worldbank.org/int/public-licenses#cc-by"
"USA","2009","30.5","5.4","consistent","CPS-ASEC-LIS","income","2009","30.54","5.3999999999999995","2002 - 2024","20260922_2021_01_02_PROD","2026-10-10T15:05:43.529Z","2026-10-10T15:05:43.529Z","false","2026-10-10T15:05:42.520Z","2026-10-08","https://api.worldbank.org/pip/v1/pip?country=all&year=all&fill_gaps=false&reporting_level=national&welfare_type=all&version=20260922_2021_01_02_PROD&format=json","national","national","false","survey","micro","https://datacatalog.worldbank.org/int/public-licenses#cc-by"
"USA","2010","29.4","5.3","consistent","CPS-ASEC-LIS","income","2010","29.43","5.33","2002 - 2024","20260922_2021_01_02_PROD","2026-10-10T15:05:43.529Z","2026-10-10T15:05:43.529Z","false","2026-10-10T15:05:42.520Z","2026-10-08","https://api.worldbank.org/pip/v1/pip?country=all&year=all&fill_gaps=false&reporting_level=national&welfare_type=all&version=20260922_2021_01_02_PROD&format=json","national","national","false","survey","micro","https://datacatalog.worldbank.org/int/public-licenses#cc-by"
"USA","2011","30.3","5.2","precision-limited","CPS-ASEC-LIS","income","2011","30.349999999999998","5.2299999999999995","2002 - 2024","20260922_2021_01_02_PROD","2026-10-10T15:05:43.529Z","2026-10-10T15:05:43.529Z","false","2026-10-10T15:05:42.520Z","2026-10-08","https://api.worldbank.org/pip/v1/pip?country=all&year=all&fill_gaps=false&reporting_level=national&welfare_type=all&version=20260922_2021_01_02_PROD&format=json","national","national","false","survey","micro","https://datacatalog.worldbank.org/int/public-licenses#cc-by"
"USA","2012","30.4","5.2","consistent","CPS-ASEC-LIS","income","2012","30.4","5.21","2002 - 2024","20260922_2021_01_02_PROD","2026-10-10T15:05:43.529Z","2026-10-10T15:05:43.529Z","false","2026-10-10T15:05:42.520Z","2026-10-08","https://api.worldbank.org/pip/v1/pip?country=all&year=all&fill_gaps=false&reporting_level=national&welfare_type=all&version=20260922_2021_01_02_PROD&format=json","national","national","false","survey","micro","https://datacatalog.worldbank.org/int/public-licenses#cc-by"
"USA","2013","30.2","5.3","consistent","CPS-ASEC-LIS","income","2013","30.18","5.319999999999999","2002 - 2024","20260922_2021_01_02_PROD","2026-10-10T15:05:43.529Z","2026-10-10T15:05:43.529Z","false","2026-10-10T15:05:42.520Z","2026-10-08","https://api.worldbank.org/pip/v1/pip?country=all&year=all&fill_gaps=false&reporting_level=national&welfare_type=all&version=20260922_2021_01_02_PROD&format=json","national","national","false","survey","micro","https://datacatalog.worldbank.org/int/public-licenses#cc-by"
"USA","2014","30.8","5.2","consistent","CPS-ASEC-LIS","income","2014","30.81","5.2","2002 - 2024","20260922_2021_01_02_PROD","2026-10-10T15:05:43.529Z","2026-10-10T15:05:43.529Z","false","2026-10-10T15:05:42.520Z","2026-10-08","https://api.worldbank.org/pip/v1/pip?country=all&year=all&fill_gaps=false&reporting_level=national&welfare_type=all&version=20260922_2021_01_02_PROD&format=json","national","national","false","survey","micro","https://datacatalog.worldbank.org/int/public-licenses#cc-by"
"USA","2015","30.6","5.3","consistent","CPS-ASEC-LIS","income","2015","30.64","5.27","2002 - 2024","20260922_2021_01_02_PROD","2026-10-10T15:05:43.529Z","2026-10-10T15:05:43.529Z","false","2026-10-10T15:05:42.520Z","2026-10-08","https://api.worldbank.org/pip/v1/pip?country=all&year=all&fill_gaps=false&reporting_level=national&welfare_type=all&version=20260922_2021_01_02_PROD&format=json","national","national","false","survey","micro","https://datacatalog.worldbank.org/int/public-licenses#cc-by"
"USA","2016","30.6","5.2","consistent","CPS-ASEC-LIS","income","2016","30.56","5.220000000000001","2002 - 2024","20260922_2021_01_02_PROD","2026-10-10T15:05:43.529Z","2026-10-10T15:05:43.529Z","false","2026-10-10T15:05:42.520Z","2026-10-08","https://api.worldbank.org/pip/v1/pip?country=all&year=all&fill_gaps=false&reporting_level=national&welfare_type=all&version=20260922_2021_01_02_PROD&format=json","national","national","false","survey","micro","https://datacatalog.worldbank.org/int/public-licenses#cc-by"
"USA","2017","30.4","5.1","precision-limited","CPS-ASEC-LIS","income","2017","30.4","5.140000000000001","2002 - 2024","20260922_2021_01_02_PROD","2026-10-10T15:05:43.529Z","2026-10-10T15:05:43.529Z","false","2026-10-10T15:05:42.520Z","2026-10-08","https://api.worldbank.org/pip/v1/pip?country=all&year=all&fill_gaps=false&reporting_level=national&welfare_type=all&version=20260922_2021_01_02_PROD&format=json","national","national","false","survey","micro","https://datacatalog.worldbank.org/int/public-licenses#cc-by"
"USA","2018","31","5.1","precision-limited","CPS-ASEC-LIS","income","2018","31.04","5.140000000000001","2002 - 2024","20260922_2021_01_02_PROD","2026-10-10T15:05:43.529Z","2026-10-10T15:05:43.529Z","false","2026-10-10T15:05:42.520Z","2026-10-08","https://api.worldbank.org/pip/v1/pip?country=all&year=all&fill_gaps=false&reporting_level=national&welfare_type=all&version=20260922_2021_01_02_PROD&format=json","national","national","false","survey","micro","https://datacatalog.worldbank.org/int/public-licenses#cc-by"
"USA","2019","31","5.1","precision-limited","CPS-ASEC-LIS","income","2019","31.05","5.1000000000000005","2002 - 2024","20260922_2021_01_02_PROD","2026-10-10T15:05:43.529Z","2026-10-10T15:05:43.529Z","false","2026-10-10T15:05:42.520Z","2026-10-08","https://api.worldbank.org/pip/v1/pip?country=all&year=all&fill_gaps=false&reporting_level=national&welfare_type=all&version=20260922_2021_01_02_PROD&format=json","national","national","false","survey","micro","https://datacatalog.worldbank.org/int/public-licenses#cc-by"
"USA","2020","29.7","5.6","consistent","CPS-ASEC-LIS","income","2020","29.73","5.6000000000000005","2002 - 2024","20260922_2021_01_02_PROD","2026-10-10T15:05:43.529Z","2026-10-10T15:05:43.529Z","false","2026-10-10T15:05:42.520Z","2026-10-08","https://api.worldbank.org/pip/v1/pip?country=all&year=all&fill_gaps=false&reporting_level=national&welfare_type=all&version=20260922_2021_01_02_PROD&format=json","national","national","false","survey","micro","https://datacatalog.worldbank.org/int/public-licenses#cc-by"
"USA","2021","30.2","6","precision-limited","CPS-ASEC-LIS","income","2021","30.15","5.96","2002 - 2024","20260922_2021_01_02_PROD","2026-10-10T15:05:43.529Z","2026-10-10T15:05:43.529Z","false","2026-10-10T15:05:42.520Z","2026-10-08","https://api.worldbank.org/pip/v1/pip?country=all&year=all&fill_gaps=false&reporting_level=national&welfare_type=all&version=20260922_2021_01_02_PROD&format=json","national","national","false","survey","micro","https://datacatalog.worldbank.org/int/public-licenses#cc-by"
"USA","2022","30.9","5.1","consistent","CPS-ASEC-LIS","income","2022","30.91","5.08","2002 - 2024","20260922_2021_01_02_PROD","2026-10-10T15:05:43.529Z","2026-10-10T15:05:43.529Z","false","2026-10-10T15:05:42.520Z","2026-10-08","https://api.worldbank.org/pip/v1/pip?country=all&year=all&fill_gaps=false&reporting_level=national&welfare_type=all&version=20260922_2021_01_02_PROD&format=json","national","national","false","survey","micro","https://datacatalog.worldbank.org/int/public-licenses#cc-by"
"USA","2023","30.9","5","precision-limited","CPS-ASEC-LIS","income","2023","30.91","5.050000000000001","2002 - 2024","20260922_2021_01_02_PROD","2026-10-10T15:05:43.529Z","2026-10-10T15:05:43.529Z","false","2026-10-10T15:05:42.520Z","2026-10-08","https://api.worldbank.org/pip/v1/pip?country=all&year=all&fill_gaps=false&reporting_level=national&welfare_type=all&version=20260922_2021_01_02_PROD&format=json","national","national","false","survey","micro","https://datacatalog.worldbank.org/int/public-licenses#cc-by"
"USA","2024","30.7","5.1","precision-limited","CPS-ASEC-LIS","income","2024","30.75","5.08","2002 - 2024","20260922_2021_01_02_PROD","2026-10-10T15:05:43.529Z","2026-10-10T15:05:43.529Z","false","2026-10-10T15:05:42.520Z","2026-10-08","https://api.worldbank.org/pip/v1/pip?country=all&year=all&fill_gaps=false&reporting_level=national&welfare_type=all&version=20260922_2021_01_02_PROD&format=json","national","national","false","survey","micro","https://datacatalog.worldbank.org/int/public-licenses#cc-by"
"URY","2000","32.5","5","unavailable","","","","","","","20260922_2021_01_02_PROD","2026-10-10T15:05:43.529Z","2026-10-10T15:05:43.529Z","false","2026-10-10T15:05:42.520Z","2026-10-08","https://api.worldbank.org/pip/v1/pip?country=all&year=all&fill_gaps=false&reporting_level=national&welfare_type=all&version=20260922_2021_01_02_PROD&format=json","","","","","","https://datacatalog.worldbank.org/int/public-licenses#cc-by"
"URY","2001","33.7","4.8","unavailable","","","","","","","20260922_2021_01_02_PROD","2026-10-10T15:05:43.529Z","2026-10-10T15:05:43.529Z","false","2026-10-10T15:05:42.520Z","2026-10-08","https://api.worldbank.org/pip/v1/pip?country=all&year=all&fill_gaps=false&reporting_level=national&welfare_type=all&version=20260922_2021_01_02_PROD&format=json","","","","","","https://datacatalog.worldbank.org/int/public-licenses#cc-by"
"URY","2002","34.2","4.7","unavailable","","","","","","","20260922_2021_01_02_PROD","2026-10-10T15:05:43.529Z","2026-10-10T15:05:43.529Z","false","2026-10-10T15:05:42.520Z","2026-10-08","https://api.worldbank.org/pip/v1/pip?country=all&year=all&fill_gaps=false&reporting_level=national&welfare_type=all&version=20260922_2021_01_02_PROD&format=json","","","","","","https://datacatalog.worldbank.org/int/public-licenses#cc-by"
"URY","2003","34.3","5.1","unavailable","","","","","","","20260922_2021_01_02_PROD","2026-10-10T15:05:43.529Z","2026-10-10T15:05:43.529Z","false","2026-10-10T15:05:42.520Z","2026-10-08","https://api.worldbank.org/pip/v1/pip?country=all&year=all&fill_gaps=false&reporting_level=national&welfare_type=all&version=20260922_2021_01_02_PROD&format=json","","","","","","https://datacatalog.worldbank.org/int/public-licenses#cc-by"
"URY","2004","34.7","4.7","unavailable","","","","","","","20260922_2021_01_02_PROD","2026-10-10T15:05:43.529Z","2026-10-10T15:05:43.529Z","false","2026-10-10T15:05:42.520Z","2026-10-08","https://api.worldbank.org/pip/v1/pip?country=all&year=all&fill_gaps=false&reporting_level=national&welfare_type=all&version=20260922_2021_01_02_PROD&format=json","","","","","","https://datacatalog.worldbank.org/int/public-licenses#cc-by"
"URY","2005","33.6","4.8","unavailable","","","","","","","20260922_2021_01_02_PROD","2026-10-10T15:05:43.529Z","2026-10-10T15:05:43.529Z","false","2026-10-10T15:05:42.520Z","2026-10-08","https://api.worldbank.org/pip/v1/pip?country=all&year=all&fill_gaps=false&reporting_level=national&welfare_type=all&version=20260922_2021_01_02_PROD&format=json","","","","","","https://datacatalog.worldbank.org/int/public-licenses#cc-by"
"URY","2006","35","4.9","consistent","ECH","income","2006","35.04","4.89","2006 - 2019","20260922_2021_01_02_PROD","2026-10-10T15:05:43.529Z","2026-10-10T15:05:43.529Z","false","2026-10-10T15:05:42.520Z","2026-10-08","https://api.worldbank.org/pip/v1/pip?country=all&year=all&fill_gaps=false&reporting_level=national&welfare_type=all&version=20260922_2021_01_02_PROD&format=json","national","national","false","survey","micro","https://datacatalog.worldbank.org/int/public-licenses#cc-by"
"URY","2007","35.4","4.8","consistent","ECH","income","2007","35.43","4.78","2006 - 2019","20260922_2021_01_02_PROD","2026-10-10T15:05:43.529Z","2026-10-10T15:05:43.529Z","false","2026-10-10T15:05:42.520Z","2026-10-08","https://api.worldbank.org/pip/v1/pip?country=all&year=all&fill_gaps=false&reporting_level=national&welfare_type=all&version=20260922_2021_01_02_PROD&format=json","national","national","false","survey","micro","https://datacatalog.worldbank.org/int/public-licenses#cc-by"
"URY","2008","34.3","5","consistent","ECH","income","2008","34.28","5.01","2006 - 2019","20260922_2021_01_02_PROD","2026-10-10T15:05:43.529Z","2026-10-10T15:05:43.529Z","false","2026-10-10T15:05:42.520Z","2026-10-08","https://api.worldbank.org/pip/v1/pip?country=all&year=all&fill_gaps=false&reporting_level=national&welfare_type=all&version=20260922_2021_01_02_PROD&format=json","national","national","false","survey","micro","https://datacatalog.worldbank.org/int/public-licenses#cc-by"
"URY","2009","34.6","4.8","consistent","ECH","income","2009","34.56","4.8","2006 - 2019","20260922_2021_01_02_PROD","2026-10-10T15:05:43.529Z","2026-10-10T15:05:43.529Z","false","2026-10-10T15:05:42.520Z","2026-10-08","https://api.worldbank.org/pip/v1/pip?country=all&year=all&fill_gaps=false&reporting_level=national&welfare_type=all&version=20260922_2021_01_02_PROD&format=json","national","national","false","survey","micro","https://datacatalog.worldbank.org/int/public-licenses#cc-by"
"URY","2010","33.6","5","precision-limited","ECH","income","2010","33.6","5.04","2006 - 2019","20260922_2021_01_02_PROD","2026-10-10T15:05:43.529Z","2026-10-10T15:05:43.529Z","false","2026-10-10T15:05:42.520Z","2026-10-08","https://api.worldbank.org/pip/v1/pip?country=all&year=all&fill_gaps=false&reporting_level=national&welfare_type=all&version=20260922_2021_01_02_PROD&format=json","national","national","false","survey","micro","https://datacatalog.worldbank.org/int/public-licenses#cc-by"
"URY","2011","31.6","5.4","consistent","ECH","income","2011","31.619999999999997","5.37","2006 - 2019","20260922_2021_01_02_PROD","2026-10-10T15:05:43.529Z","2026-10-10T15:05:43.529Z","false","2026-10-10T15:05:42.520Z","2026-10-08","https://api.worldbank.org/pip/v1/pip?country=all&year=all&fill_gaps=false&reporting_level=national&welfare_type=all&version=20260922_2021_01_02_PROD&format=json","national","national","false","survey","micro","https://datacatalog.worldbank.org/int/public-licenses#cc-by"
"URY","2012","29.2","5.6","consistent","ECH","income","2012","29.24","5.6000000000000005","2006 - 2019","20260922_2021_01_02_PROD","2026-10-10T15:05:43.529Z","2026-10-10T15:05:43.529Z","false","2026-10-10T15:05:42.520Z","2026-10-08","https://api.worldbank.org/pip/v1/pip?country=all&year=all&fill_gaps=false&reporting_level=national&welfare_type=all&version=20260922_2021_01_02_PROD&format=json","national","national","false","survey","micro","https://datacatalog.worldbank.org/int/public-licenses#cc-by"
"URY","2013","30.1","5.5","precision-limited","ECH","income","2013","30.049999999999997","5.53","2006 - 2019","20260922_2021_01_02_PROD","2026-10-10T15:05:43.529Z","2026-10-10T15:05:43.529Z","false","2026-10-10T15:05:42.520Z","2026-10-08","https://api.worldbank.org/pip/v1/pip?country=all&year=all&fill_gaps=false&reporting_level=national&welfare_type=all&version=20260922_2021_01_02_PROD&format=json","national","national","false","survey","micro","https://datacatalog.worldbank.org/int/public-licenses#cc-by"
"URY","2014","29.8","5.6","consistent","ECH","income","2014","29.81","5.58","2006 - 2019","20260922_2021_01_02_PROD","2026-10-10T15:05:43.529Z","2026-10-10T15:05:43.529Z","false","2026-10-10T15:05:42.520Z","2026-10-08","https://api.worldbank.org/pip/v1/pip?country=all&year=all&fill_gaps=false&reporting_level=national&welfare_type=all&version=20260922_2021_01_02_PROD&format=json","national","national","false","survey","micro","https://datacatalog.worldbank.org/int/public-licenses#cc-by"
"URY","2015","29.8","5.6","consistent","ECH","income","2015","29.82","5.58","2006 - 2019","20260922_2021_01_02_PROD","2026-10-10T15:05:43.529Z","2026-10-10T15:05:43.529Z","false","2026-10-10T15:05:42.520Z","2026-10-08","https://api.worldbank.org/pip/v1/pip?country=all&year=all&fill_gaps=false&reporting_level=national&welfare_type=all&version=20260922_2021_01_02_PROD&format=json","national","national","false","survey","micro","https://datacatalog.worldbank.org/int/public-licenses#cc-by"
"URY","2016","29.6","5.7","precision-limited","ECH","income","2016","29.630000000000003","5.75","2006 - 2019","20260922_2021_01_02_PROD","2026-10-10T15:05:43.529Z","2026-10-10T15:05:43.529Z","false","2026-10-10T15:05:42.520Z","2026-10-08","https://api.worldbank.org/pip/v1/pip?country=all&year=all&fill_gaps=false&reporting_level=national&welfare_type=all&version=20260922_2021_01_02_PROD&format=json","national","national","false","survey","micro","https://datacatalog.worldbank.org/int/public-licenses#cc-by"
"URY","2017","29.6","5.9","consistent","ECH","income","2017","29.64","5.880000000000001","2006 - 2019","20260922_2021_01_02_PROD","2026-10-10T15:05:43.529Z","2026-10-10T15:05:43.529Z","false","2026-10-10T15:05:42.520Z","2026-10-08","https://api.worldbank.org/pip/v1/pip?country=all&year=all&fill_gaps=false&reporting_level=national&welfare_type=all&version=20260922_2021_01_02_PROD&format=json","national","national","false","survey","micro","https://datacatalog.worldbank.org/int/public-licenses#cc-by"
"URY","2018","29.7","5.9","precision-limited","ECH","income","2018","29.68","5.86","2006 - 2019","20260922_2021_01_02_PROD","2026-10-10T15:05:43.529Z","2026-10-10T15:05:43.529Z","false","2026-10-10T15:05:42.520Z","2026-10-08","https://api.worldbank.org/pip/v1/pip?country=all&year=all&fill_gaps=false&reporting_level=national&welfare_type=all&version=20260922_2021_01_02_PROD&format=json","national","national","false","survey","micro","https://datacatalog.worldbank.org/int/public-licenses#cc-by"
"URY","2019","29.7","5.8","consistent","ECH","income","2019","29.69","5.83","2006 - 2019","20260922_2021_01_02_PROD","2026-10-10T15:05:43.529Z","2026-10-10T15:05:43.529Z","false","2026-10-10T15:05:42.520Z","2026-10-08","https://api.worldbank.org/pip/v1/pip?country=all&year=all&fill_gaps=false&reporting_level=national&welfare_type=all&version=20260922_2021_01_02_PROD&format=json","national","national","false","survey","micro","https://datacatalog.worldbank.org/int/public-licenses#cc-by"
"URY","2020","29.9","5.7","consistent","ECH","income","2020","29.880000000000003","5.680000000000001","2020","20260922_2021_01_02_PROD","2026-10-10T15:05:43.529Z","2026-10-10T15:05:43.529Z","false","2026-10-10T15:05:42.520Z","2026-10-08","https://api.worldbank.org/pip/v1/pip?country=all&year=all&fill_gaps=false&reporting_level=national&welfare_type=all&version=20260922_2021_01_02_PROD&format=json","national","national","false","survey","micro","https://datacatalog.worldbank.org/int/public-licenses#cc-by"
"URY","2021","30.8","5.7","precision-limited","ECH-S2","income","2021","30.85","5.6899999999999995","2021","20260922_2021_01_02_PROD","2026-10-10T15:05:43.529Z","2026-10-10T15:05:43.529Z","false","2026-10-10T15:05:42.520Z","2026-10-08","https://api.worldbank.org/pip/v1/pip?country=all&year=all&fill_gaps=false&reporting_level=national&welfare_type=all&version=20260922_2021_01_02_PROD&format=json","national","national","false","survey","micro","https://datacatalog.worldbank.org/int/public-licenses#cc-by"
"URY","2022","30.5","5.6","precision-limited","ECH","income","2022","30.509999999999998","5.64","2022 - 2024","20260922_2021_01_02_PROD","2026-10-10T15:05:43.529Z","2026-10-10T15:05:43.529Z","false","2026-10-10T15:05:42.520Z","2026-10-08","https://api.worldbank.org/pip/v1/pip?country=all&year=all&fill_gaps=false&reporting_level=national&welfare_type=all&version=20260922_2021_01_02_PROD&format=json","national","national","false","survey","micro","https://datacatalog.worldbank.org/int/public-licenses#cc-by"
"URY","2023","30.8","5.6","consistent","ECH","income","2023","30.78","5.57","2022 - 2024","20260922_2021_01_02_PROD","2026-10-10T15:05:43.529Z","2026-10-10T15:05:43.529Z","false","2026-10-10T15:05:42.520Z","2026-10-08","https://api.worldbank.org/pip/v1/pip?country=all&year=all&fill_gaps=false&reporting_level=national&welfare_type=all&version=20260922_2021_01_02_PROD&format=json","national","national","false","survey","micro","https://datacatalog.worldbank.org/int/public-licenses#cc-by"
"URY","2024","30","5.7","consistent","ECH","income","2024","29.98","5.7","2022 - 2024","20260922_2021_01_02_PROD","2026-10-10T15:05:43.529Z","2026-10-10T15:05:43.529Z","false","2026-10-10T15:05:42.520Z","2026-10-08","https://api.worldbank.org/pip/v1/pip?country=all&year=all&fill_gaps=false&reporting_level=national&welfare_type=all&version=20260922_2021_01_02_PROD&format=json","national","national","false","survey","micro","https://datacatalog.worldbank.org/int/public-licenses#cc-by"
"UZB","2000","28.5","7.2","consistent","HBS","consumption","2000","28.52","7.21","1998 - 2003","20260922_2021_01_02_PROD","2026-10-10T15:05:43.529Z","2026-10-10T15:05:43.529Z","false","2026-10-10T15:05:42.520Z","2026-10-08","https://api.worldbank.org/pip/v1/pip?country=all&year=all&fill_gaps=false&reporting_level=national&welfare_type=all&version=20260922_2021_01_02_PROD&format=json","national","national","false","survey","micro","https://datacatalog.worldbank.org/int/public-licenses#cc-by"
"UZB","2002","27.4","8.2","precision-limited","HBS","consumption","2002","27.36","8.24","1998 - 2003","20260922_2021_01_02_PROD","2026-10-10T15:05:43.529Z","2026-10-10T15:05:43.529Z","false","2026-10-10T15:05:42.520Z","2026-10-08","https://api.worldbank.org/pip/v1/pip?country=all&year=all&fill_gaps=false&reporting_level=national&welfare_type=all&version=20260922_2021_01_02_PROD&format=json","national","national","false","survey","micro","https://datacatalog.worldbank.org/int/public-licenses#cc-by"
"UZB","2003","28.3","7.5","precision-limited","HBS","consumption","2003","28.32","7.449999999999999","1998 - 2003","20260922_2021_01_02_PROD","2026-10-10T15:05:43.529Z","2026-10-10T15:05:43.529Z","false","2026-10-10T15:05:42.520Z","2026-10-08","https://api.worldbank.org/pip/v1/pip?country=all&year=all&fill_gaps=false&reporting_level=national&welfare_type=all&version=20260922_2021_01_02_PROD&format=json","national","national","false","survey","micro","https://datacatalog.worldbank.org/int/public-licenses#cc-by"
"UZB","2021","24.7","7","precision-limited","HBS","income","2021","24.69","7.039999999999999","2021 - 2025","20260922_2021_01_02_PROD","2026-10-10T15:05:43.529Z","2026-10-10T15:05:43.529Z","false","2026-10-10T15:05:42.520Z","2026-10-08","https://api.worldbank.org/pip/v1/pip?country=all&year=all&fill_gaps=false&reporting_level=national&welfare_type=all&version=20260922_2021_01_02_PROD&format=json","national","national","false","survey","micro","https://datacatalog.worldbank.org/int/public-licenses#cc-by"
"UZB","2022","23.2","7.2","precision-limited","HBS","income","2022","23.22","7.16","2021 - 2025","20260922_2021_01_02_PROD","2026-10-10T15:05:43.529Z","2026-10-10T15:05:43.529Z","false","2026-10-10T15:05:42.520Z","2026-10-08","https://api.worldbank.org/pip/v1/pip?country=all&year=all&fill_gaps=false&reporting_level=national&welfare_type=all&version=20260922_2021_01_02_PROD&format=json","national","national","false","survey","micro","https://datacatalog.worldbank.org/int/public-licenses#cc-by"
"UZB","2023","25.3","6.4","consistent","HBS","income","2023","25.330000000000002","6.38","2021 - 2025","20260922_2021_01_02_PROD","2026-10-10T15:05:43.529Z","2026-10-10T15:05:43.529Z","false","2026-10-10T15:05:42.520Z","2026-10-08","https://api.worldbank.org/pip/v1/pip?country=all&year=all&fill_gaps=false&reporting_level=national&welfare_type=all&version=20260922_2021_01_02_PROD&format=json","national","national","false","survey","micro","https://datacatalog.worldbank.org/int/public-licenses#cc-by"
"UZB","2024","25.7","6.6","precision-limited","HBS","income","2024","25.66","6.5600000000000005","2021 - 2025","20260922_2021_01_02_PROD","2026-10-10T15:05:43.529Z","2026-10-10T15:05:43.529Z","false","2026-10-10T15:05:42.520Z","2026-10-08","https://api.worldbank.org/pip/v1/pip?country=all&year=all&fill_gaps=false&reporting_level=national&welfare_type=all&version=20260922_2021_01_02_PROD&format=json","national","national","false","survey","micro","https://datacatalog.worldbank.org/int/public-licenses#cc-by"
"UZB","2025","24.2","7","precision-limited","HBS","income","2025","24.23","7.050000000000001","2021 - 2025","20260922_2021_01_02_PROD","2026-10-10T15:05:43.529Z","2026-10-10T15:05:43.529Z","false","2026-10-10T15:05:42.520Z","2026-10-08","https://api.worldbank.org/pip/v1/pip?country=all&year=all&fill_gaps=false&reporting_level=national&welfare_type=all&version=20260922_2021_01_02_PROD&format=json","national","national","false","survey","micro","https://datacatalog.worldbank.org/int/public-licenses#cc-by"
"VUT","2010","29.1","6.8","consistent","HIES","consumption","2010","29.12","6.78","2010","20260922_2021_01_02_PROD","2026-10-10T15:05:43.529Z","2026-10-10T15:05:43.529Z","false","2026-10-10T15:05:42.520Z","2026-10-08","https://api.worldbank.org/pip/v1/pip?country=all&year=all&fill_gaps=false&reporting_level=national&welfare_type=all&version=20260922_2021_01_02_PROD&format=json","national","national","false","survey","micro","https://datacatalog.worldbank.org/int/public-licenses#cc-by"
"VUT","2019","24.7","7.6","precision-limited","NSDP","consumption","2019.21","24.72","7.55","2019","20260922_2021_01_02_PROD","2026-10-10T15:05:43.529Z","2026-10-10T15:05:43.529Z","false","2026-10-10T15:05:42.520Z","2026-10-08","https://api.worldbank.org/pip/v1/pip?country=all&year=all&fill_gaps=false&reporting_level=national&welfare_type=all&version=20260922_2021_01_02_PROD&format=json","national","national","false","survey","micro","https://datacatalog.worldbank.org/int/public-licenses#cc-by"
"VEN","2001","35.3","4","precision-limited","EHM","income","2001","35.25","4","2001 - 2006","20260922_2021_01_02_PROD","2026-10-10T15:05:43.529Z","2026-10-10T15:05:43.529Z","false","2026-10-10T15:05:42.520Z","2026-10-08","https://api.worldbank.org/pip/v1/pip?country=all&year=all&fill_gaps=false&reporting_level=national&welfare_type=all&version=20260922_2021_01_02_PROD&format=json","national","national","false","survey","micro","https://datacatalog.worldbank.org/int/public-licenses#cc-by"
"VEN","2002","36.2","3.4","consistent","EHM","income","2002","36.19","3.38","2001 - 2006","20260922_2021_01_02_PROD","2026-10-10T15:05:43.529Z","2026-10-10T15:05:43.529Z","false","2026-10-10T15:05:42.520Z","2026-10-08","https://api.worldbank.org/pip/v1/pip?country=all&year=all&fill_gaps=false&reporting_level=national&welfare_type=all&version=20260922_2021_01_02_PROD&format=json","national","national","false","survey","micro","https://datacatalog.worldbank.org/int/public-licenses#cc-by"
"VEN","2003","35.1","3.4","precision-limited","EHM","income","2003","35.05","3.38","2001 - 2006","20260922_2021_01_02_PROD","2026-10-10T15:05:43.529Z","2026-10-10T15:05:43.529Z","false","2026-10-10T15:05:42.520Z","2026-10-08","https://api.worldbank.org/pip/v1/pip?country=all&year=all&fill_gaps=false&reporting_level=national&welfare_type=all&version=20260922_2021_01_02_PROD&format=json","national","national","false","survey","micro","https://datacatalog.worldbank.org/int/public-licenses#cc-by"
"VEN","2004","34.6","3.5","precision-limited","EHM","income","2004","34.63","3.46","2001 - 2006","20260922_2021_01_02_PROD","2026-10-10T15:05:43.529Z","2026-10-10T15:05:43.529Z","false","2026-10-10T15:05:42.520Z","2026-10-08","https://api.worldbank.org/pip/v1/pip?country=all&year=all&fill_gaps=false&reporting_level=national&welfare_type=all&version=20260922_2021_01_02_PROD&format=json","national","national","false","survey","micro","https://datacatalog.worldbank.org/int/public-licenses#cc-by"
"VEN","2005","36.4","2.9","consistent","EHM","income","2005","36.4","2.8899999999999997","2001 - 2006","20260922_2021_01_02_PROD","2026-10-10T15:05:43.529Z","2026-10-10T15:05:43.529Z","false","2026-10-10T15:05:42.520Z","2026-10-08","https://api.worldbank.org/pip/v1/pip?country=all&year=all&fill_gaps=false&reporting_level=national&welfare_type=all&version=20260922_2021_01_02_PROD&format=json","national","national","false","survey","micro","https://datacatalog.worldbank.org/int/public-licenses#cc-by"
"VEN","2006","33.2","4.3","consistent","EHM","income","2006","33.17","4.28","2001 - 2006","20260922_2021_01_02_PROD","2026-10-10T15:05:43.529Z","2026-10-10T15:05:43.529Z","false","2026-10-10T15:05:42.520Z","2026-10-08","https://api.worldbank.org/pip/v1/pip?country=all&year=all&fill_gaps=false&reporting_level=national&welfare_type=all&version=20260922_2021_01_02_PROD&format=json","national","national","false","survey","micro","https://datacatalog.worldbank.org/int/public-licenses#cc-by"
"VNM","2002","29.8","7.5","precision-limited","VHLSS","consumption","2002","29.849999999999998","7.519999999999999","2002 - 2008","20260922_2021_01_02_PROD","2026-10-10T15:05:43.529Z","2026-10-10T15:05:43.529Z","false","2026-10-10T15:05:42.520Z","2026-10-08","https://api.worldbank.org/pip/v1/pip?country=all&year=all&fill_gaps=false&reporting_level=national&welfare_type=all&version=20260922_2021_01_02_PROD&format=json","national","national","false","survey","micro","https://datacatalog.worldbank.org/int/public-licenses#cc-by"
"VNM","2004","28.7","7.2","precision-limited","VHLSS","consumption","2004","28.749999999999996","7.16","2002 - 2008","20260922_2021_01_02_PROD","2026-10-10T15:05:43.529Z","2026-10-10T15:05:43.529Z","false","2026-10-10T15:05:42.520Z","2026-10-08","https://api.worldbank.org/pip/v1/pip?country=all&year=all&fill_gaps=false&reporting_level=national&welfare_type=all&version=20260922_2021_01_02_PROD&format=json","national","national","false","survey","micro","https://datacatalog.worldbank.org/int/public-licenses#cc-by"
"VNM","2006","27.7","7.2","consistent","VHLSS","consumption","2006","27.72","7.17","2002 - 2008","20260922_2021_01_02_PROD","2026-10-10T15:05:43.529Z","2026-10-10T15:05:43.529Z","false","2026-10-10T15:05:42.520Z","2026-10-08","https://api.worldbank.org/pip/v1/pip?country=all&year=all&fill_gaps=false&reporting_level=national&welfare_type=all&version=20260922_2021_01_02_PROD&format=json","national","national","false","survey","micro","https://datacatalog.worldbank.org/int/public-licenses#cc-by"
"VNM","2008","28","7.4","consistent","VHLSS","consumption","2008","28.02","7.42","2002 - 2008","20260922_2021_01_02_PROD","2026-10-10T15:05:43.529Z","2026-10-10T15:05:43.529Z","false","2026-10-10T15:05:42.520Z","2026-10-08","https://api.worldbank.org/pip/v1/pip?country=all&year=all&fill_gaps=false&reporting_level=national&welfare_type=all&version=20260922_2021_01_02_PROD&format=json","national","national","false","survey","micro","https://datacatalog.worldbank.org/int/public-licenses#cc-by"
"VNM","2010","30.9","6.5","precision-limited","VHLSS","consumption","2010","30.869999999999997","6.45","2010 - 2022","20260922_2021_01_02_PROD","2026-10-10T15:05:43.529Z","2026-10-10T15:05:43.529Z","false","2026-10-10T15:05:42.520Z","2026-10-08","https://api.worldbank.org/pip/v1/pip?country=all&year=all&fill_gaps=false&reporting_level=national&welfare_type=all&version=20260922_2021_01_02_PROD&format=json","national","national","false","survey","micro","https://datacatalog.worldbank.org/int/public-licenses#cc-by"
"VNM","2012","27.7","7.1","precision-limited","VHLSS","consumption","2012","27.68","7.050000000000001","2010 - 2022","20260922_2021_01_02_PROD","2026-10-10T15:05:43.529Z","2026-10-10T15:05:43.529Z","false","2026-10-10T15:05:42.520Z","2026-10-08","https://api.worldbank.org/pip/v1/pip?country=all&year=all&fill_gaps=false&reporting_level=national&welfare_type=all&version=20260922_2021_01_02_PROD&format=json","national","national","false","survey","micro","https://datacatalog.worldbank.org/int/public-licenses#cc-by"
"VNM","2014","26.8","7.1","precision-limited","VHLSS","consumption","2014","26.840000000000003","7.06","2010 - 2022","20260922_2021_01_02_PROD","2026-10-10T15:05:43.529Z","2026-10-10T15:05:43.529Z","false","2026-10-10T15:05:42.520Z","2026-10-08","https://api.worldbank.org/pip/v1/pip?country=all&year=all&fill_gaps=false&reporting_level=national&welfare_type=all&version=20260922_2021_01_02_PROD&format=json","national","national","false","survey","micro","https://datacatalog.worldbank.org/int/public-licenses#cc-by"
"VNM","2016","27.1","6.9","consistent","VHLSS","consumption","2016","27.11","6.9","2010 - 2022","20260922_2021_01_02_PROD","2026-10-10T15:05:43.529Z","2026-10-10T15:05:43.529Z","false","2026-10-10T15:05:42.520Z","2026-10-08","https://api.worldbank.org/pip/v1/pip?country=all&year=all&fill_gaps=false&reporting_level=national&welfare_type=all&version=20260922_2021_01_02_PROD&format=json","national","national","false","survey","micro","https://datacatalog.worldbank.org/int/public-licenses#cc-by"
"VNM","2018","27.5","6.7","precision-limited","VHLSS","consumption","2018","27.450000000000003","6.69","2010 - 2022","20260922_2021_01_02_PROD","2026-10-10T15:05:43.529Z","2026-10-10T15:05:43.529Z","false","2026-10-10T15:05:42.520Z","2026-10-08","https://api.worldbank.org/pip/v1/pip?country=all&year=all&fill_gaps=false&reporting_level=national&welfare_type=all&version=20260922_2021_01_02_PROD&format=json","national","national","false","survey","micro","https://datacatalog.worldbank.org/int/public-licenses#cc-by"
"VNM","2020","28.5","6.6","consistent","VHLSS","consumption","2020","28.48","6.620000000000001","2010 - 2022","20260922_2021_01_02_PROD","2026-10-10T15:05:43.529Z","2026-10-10T15:05:43.529Z","false","2026-10-10T15:05:42.520Z","2026-10-08","https://api.worldbank.org/pip/v1/pip?country=all&year=all&fill_gaps=false&reporting_level=national&welfare_type=all&version=20260922_2021_01_02_PROD&format=json","national","national","false","survey","micro","https://datacatalog.worldbank.org/int/public-licenses#cc-by"
"VNM","2022","28.1","6.8","consistent","VHLSS","consumption","2022","28.12","6.800000000000001","2010 - 2022","20260922_2021_01_02_PROD","2026-10-10T15:05:43.529Z","2026-10-10T15:05:43.529Z","false","2026-10-10T15:05:42.520Z","2026-10-08","https://api.worldbank.org/pip/v1/pip?country=all&year=all&fill_gaps=false&reporting_level=national&welfare_type=all&version=20260922_2021_01_02_PROD&format=json","national","national","false","survey","micro","https://datacatalog.worldbank.org/int/public-licenses#cc-by"
"PSE","2004","26.5","7.5","consistent","PECS","consumption","2004","26.47","7.51","2004 - 2009","20260922_2021_01_02_PROD","2026-10-10T15:05:43.529Z","2026-10-10T15:05:43.529Z","false","2026-10-10T15:05:42.520Z","2026-10-08","https://api.worldbank.org/pip/v1/pip?country=all&year=all&fill_gaps=false&reporting_level=national&welfare_type=all&version=20260922_2021_01_02_PROD&format=json","national","national","false","survey","micro","https://datacatalog.worldbank.org/int/public-licenses#cc-by"
"PSE","2005","26.7","7.3","consistent","PECS","consumption","2005","26.72","7.32","2004 - 2009","20260922_2021_01_02_PROD","2026-10-10T15:05:43.529Z","2026-10-10T15:05:43.529Z","false","2026-10-10T15:05:42.520Z","2026-10-08","https://api.worldbank.org/pip/v1/pip?country=all&year=all&fill_gaps=false&reporting_level=national&welfare_type=all&version=20260922_2021_01_02_PROD&format=json","national","national","false","survey","micro","https://datacatalog.worldbank.org/int/public-licenses#cc-by"
"PSE","2006","27","7.8","precision-limited","PECS","consumption","2006","27","7.84","2004 - 2009","20260922_2021_01_02_PROD","2026-10-10T15:05:43.529Z","2026-10-10T15:05:43.529Z","false","2026-10-10T15:05:42.520Z","2026-10-08","https://api.worldbank.org/pip/v1/pip?country=all&year=all&fill_gaps=false&reporting_level=national&welfare_type=all&version=20260922_2021_01_02_PROD&format=json","national","national","false","survey","micro","https://datacatalog.worldbank.org/int/public-licenses#cc-by"
"PSE","2007","27.6","7.1","consistent","PECS","consumption","2007","27.6","7.109999999999999","2004 - 2009","20260922_2021_01_02_PROD","2026-10-10T15:05:43.529Z","2026-10-10T15:05:43.529Z","false","2026-10-10T15:05:42.520Z","2026-10-08","https://api.worldbank.org/pip/v1/pip?country=all&year=all&fill_gaps=false&reporting_level=national&welfare_type=all&version=20260922_2021_01_02_PROD&format=json","national","national","false","survey","micro","https://datacatalog.worldbank.org/int/public-licenses#cc-by"
"PSE","2009","27.4","7.7","consistent","PECS","consumption","2009","27.37","7.71","2004 - 2009","20260922_2021_01_02_PROD","2026-10-10T15:05:43.529Z","2026-10-10T15:05:43.529Z","false","2026-10-10T15:05:42.520Z","2026-10-08","https://api.worldbank.org/pip/v1/pip?country=all&year=all&fill_gaps=false&reporting_level=national&welfare_type=all&version=20260922_2021_01_02_PROD&format=json","national","national","false","survey","micro","https://datacatalog.worldbank.org/int/public-licenses#cc-by"
"PSE","2010","27.8","7.5","consistent","PECS","consumption","2010","27.779999999999998","7.470000000000001","2010 - 2023","20260922_2021_01_02_PROD","2026-10-10T15:05:43.529Z","2026-10-10T15:05:43.529Z","false","2026-10-10T15:05:42.520Z","2026-10-08","https://api.worldbank.org/pip/v1/pip?country=all&year=all&fill_gaps=false&reporting_level=national&welfare_type=all&version=20260922_2021_01_02_PROD&format=json","national","national","false","survey","micro","https://datacatalog.worldbank.org/int/public-licenses#cc-by"
"PSE","2011","27.2","7.7","consistent","PECS","consumption","2011","27.189999999999998","7.6899999999999995","2010 - 2023","20260922_2021_01_02_PROD","2026-10-10T15:05:43.529Z","2026-10-10T15:05:43.529Z","false","2026-10-10T15:05:42.520Z","2026-10-08","https://api.worldbank.org/pip/v1/pip?country=all&year=all&fill_gaps=false&reporting_level=national&welfare_type=all&version=20260922_2021_01_02_PROD&format=json","national","national","false","survey","micro","https://datacatalog.worldbank.org/int/public-licenses#cc-by"
"PSE","2016","25.2","7.3","consistent","PECS","consumption","2016.75","25.19","7.290000000000001","2010 - 2023","20260922_2021_01_02_PROD","2026-10-10T15:05:43.529Z","2026-10-10T15:05:43.529Z","false","2026-10-10T15:05:42.520Z","2026-10-08","https://api.worldbank.org/pip/v1/pip?country=all&year=all&fill_gaps=false&reporting_level=national&welfare_type=all&version=20260922_2021_01_02_PROD&format=json","national","national","false","survey","micro","https://datacatalog.worldbank.org/int/public-licenses#cc-by"
"PSE","2023","27.1","6.6","consistent","PECS","consumption","2023","27.139999999999997","6.569999999999999","2010 - 2023","20260922_2021_01_02_PROD","2026-10-10T15:05:43.529Z","2026-10-10T15:05:43.529Z","false","2026-10-10T15:05:42.520Z","2026-10-08","https://api.worldbank.org/pip/v1/pip?country=all&year=all&fill_gaps=false&reporting_level=national&welfare_type=all&version=20260922_2021_01_02_PROD&format=json","national","national","false","survey","micro","https://datacatalog.worldbank.org/int/public-licenses#cc-by"
"YEM","2005","28.6","7.9","consistent","HBS","consumption","2005.25","28.64","7.880000000000001","2005 - 2014","20260922_2021_01_02_PROD","2026-10-10T15:05:43.529Z","2026-10-10T15:05:43.529Z","false","2026-10-10T15:05:42.520Z","2026-10-08","https://api.worldbank.org/pip/v1/pip?country=all&year=all&fill_gaps=false&reporting_level=national&welfare_type=all&version=20260922_2021_01_02_PROD&format=json","national","national","false","survey","micro","https://datacatalog.worldbank.org/int/public-licenses#cc-by"
"YEM","2014","29.4","7.3","consistent","HBS","consumption","2014","29.43","7.3","2005 - 2014","20260922_2021_01_02_PROD","2026-10-10T15:05:43.529Z","2026-10-10T15:05:43.529Z","false","2026-10-10T15:05:42.520Z","2026-10-08","https://api.worldbank.org/pip/v1/pip?country=all&year=all&fill_gaps=false&reporting_level=national&welfare_type=all&version=20260922_2021_01_02_PROD&format=json","national","national","false","survey","micro","https://datacatalog.worldbank.org/int/public-licenses#cc-by"
"ZMB","2002","33.7","6.1","consistent","LCMS-III","consumption","2002.83","33.71","6.13","1998 - 2006","20260922_2021_01_02_PROD","2026-10-10T15:05:43.529Z","2026-10-10T15:05:43.529Z","false","2026-10-10T15:05:42.520Z","2026-10-08","https://api.worldbank.org/pip/v1/pip?country=all&year=all&fill_gaps=false&reporting_level=national&welfare_type=all&version=20260922_2021_01_02_PROD&format=json","national","national","false","survey","micro","https://datacatalog.worldbank.org/int/public-licenses#cc-by"
"ZMB","2004","42.7","3.6","consistent","LCMS-IV","consumption","2004.67","42.66","3.5700000000000003","1998 - 2006","20260922_2021_01_02_PROD","2026-10-10T15:05:43.529Z","2026-10-10T15:05:43.529Z","false","2026-10-10T15:05:42.520Z","2026-10-08","https://api.worldbank.org/pip/v1/pip?country=all&year=all&fill_gaps=false&reporting_level=national&welfare_type=all&version=20260922_2021_01_02_PROD&format=json","national","national","false","survey","micro","https://datacatalog.worldbank.org/int/public-licenses#cc-by"
"ZMB","2006","43.1","3.6","consistent","LCMS-V","consumption","2006.5","43.14","3.5700000000000003","1998 - 2006","20260922_2021_01_02_PROD","2026-10-10T15:05:43.529Z","2026-10-10T15:05:43.529Z","false","2026-10-10T15:05:42.520Z","2026-10-08","https://api.worldbank.org/pip/v1/pip?country=all&year=all&fill_gaps=false&reporting_level=national&welfare_type=all&version=20260922_2021_01_02_PROD&format=json","national","national","false","survey","micro","https://datacatalog.worldbank.org/int/public-licenses#cc-by"
"ZMB","2010","41","4.1","consistent","LCMS-VI","consumption","2010","41.03","4.090000000000001","2010 - 2022","20260922_2021_01_02_PROD","2026-10-10T15:05:43.529Z","2026-10-10T15:05:43.529Z","false","2026-10-10T15:05:42.520Z","2026-10-08","https://api.worldbank.org/pip/v1/pip?country=all&year=all&fill_gaps=false&reporting_level=national&welfare_type=all&version=20260922_2021_01_02_PROD&format=json","national","national","false","survey","micro","https://datacatalog.worldbank.org/int/public-licenses#cc-by"
"ZMB","2015","43.4","3.1","precision-limited","LCMS-VII","consumption","2015","43.419999999999995","3.1399999999999997","2010 - 2022","20260922_2021_01_02_PROD","2026-10-10T15:05:43.529Z","2026-10-10T15:05:43.529Z","false","2026-10-10T15:05:42.520Z","2026-10-08","https://api.worldbank.org/pip/v1/pip?country=all&year=all&fill_gaps=false&reporting_level=national&welfare_type=all&version=20260922_2021_01_02_PROD&format=json","national","national","false","survey","micro","https://datacatalog.worldbank.org/int/public-licenses#cc-by"
"ZMB","2022","39.1","3.9","precision-limited","LCMS-VIII","consumption","2022","39.09","3.85","2010 - 2022","20260922_2021_01_02_PROD","2026-10-10T15:05:43.529Z","2026-10-10T15:05:43.529Z","false","2026-10-10T15:05:42.520Z","2026-10-08","https://api.worldbank.org/pip/v1/pip?country=all&year=all&fill_gaps=false&reporting_level=national&welfare_type=all&version=20260922_2021_01_02_PROD&format=json","national","national","false","survey","imputed","https://datacatalog.worldbank.org/int/public-licenses#cc-by"
"ZWE","2011","33.8","5.8","consistent","ICES","consumption","2011","33.83","5.83","2011 - 2019","20260922_2021_01_02_PROD","2026-10-10T15:05:43.529Z","2026-10-10T15:05:43.529Z","false","2026-10-10T15:05:42.520Z","2026-10-08","https://api.worldbank.org/pip/v1/pip?country=all&year=all&fill_gaps=false&reporting_level=national&welfare_type=all&version=20260922_2021_01_02_PROD&format=json","national","national","false","survey","group","https://datacatalog.worldbank.org/int/public-licenses#cc-by"
"ZWE","2017","34.8","6","consistent","PICES","consumption","2017","34.8","5.97","2011 - 2019","20260922_2021_01_02_PROD","2026-10-10T15:05:43.529Z","2026-10-10T15:05:43.529Z","false","2026-10-10T15:05:42.520Z","2026-10-08","https://api.worldbank.org/pip/v1/pip?country=all&year=all&fill_gaps=false&reporting_level=national&welfare_type=all&version=20260922_2021_01_02_PROD&format=json","national","national","false","survey","micro","https://datacatalog.worldbank.org/int/public-licenses#cc-by"
"ZWE","2019","40.5","4.8","precision-limited","PICES","consumption","2019","40.550000000000004","4.77","2011 - 2019","20260922_2021_01_02_PROD","2026-10-10T15:05:43.529Z","2026-10-10T15:05:43.529Z","false","2026-10-10T15:05:42.520Z","2026-10-08","https://api.worldbank.org/pip/v1/pip?country=all&year=all&fill_gaps=false&reporting_level=national&welfare_type=all&version=20260922_2021_01_02_PROD&format=json","national","national","false","survey","imputed","https://datacatalog.worldbank.org/int/public-licenses#cc-by"
